system:time_start,soil_temperature_level_1
,278.2993572302032
,277.67113441333436
,278.03778879266036
,278.00165203161407
,278.0510666161253
,278.52811619273405
,278.93781534830725
,279.42335717719897
,278.4749506900185
,278.7737995616177
,278.5641582555938
,278.9696623818916
,277.6561404445715
,279.30223250807376
,277.91563375372635
,278.18841639736246
,277.8310879489832
,278.94622949968306
,277.90685278909245
,278.10504036618954
,278.47162092777717
,277.53279160616694
,278.77844124509573
,278.3278038961846
,278.4199768200255
,279.25401185688224
,279.39263273540297
,278.0546292087488
,278.03701046056915
,278.0670304549368
,278.01886568571393
,278.8466801559716
,278.88897102757505
,278.6941193697745
