system:time_start,soil_temperature_level_1
,289.65506404788374
,288.1411177469181
,288.293534777337
,289.7137844369548
,288.87303206935457
,289.26224122795855
,288.7553198632936
,289.33977384338675
,289.5389210351952
,289.28344069366506
,288.80904942271053
,289.18065673062455
,288.814327212469
,288.8356308192754
,289.3057527869805
,289.99588538146116
,289.7198543106013
,287.6763420519421
,288.62948435114487
,289.12379927678023
,288.855243878531
,289.0331206978419
,289.4416304053348
,289.26446566646894
,288.8827062761172
,288.940478044325
,289.46920374400844
,289.80737397011967
,289.3167467098223
,288.6085614645293
,288.319134068952
,289.8062085668948
,289.85589764929455
,290.9624844085062
