system:time_start,soil_temperature_level_1
,283.8391927083333
,281.2690912882487
,283.61078389485675
,283.0817273457845
,282.52039591471356
,282.97975667317706
,283.7884241739909
,284.5808957417806
,282.7501703898112
,283.7542495727539
,282.99810282389325
,283.65647252400714
,281.22071202596027
,283.37224706013996
,282.3689905802409
,282.13628005981445
,282.9934908548991
,283.8403015136719
,283.33169174194336
,283.2719790140788
,283.97959899902344
,282.1367378234863
,283.8648846944173
,283.4368184407552
,283.4609769185384
,284.2211430867513
,284.11957295735675
,282.4708544413249
,282.46745045979816
,282.7475980122884
,282.6400286356608
,284.61115646362305
,282.93963114420575
,282.7420247395833
