system:time_start,soil_temperature_level_1
,279.12893931070965
,278.70102945963544
,279.0823033650716
,278.79765701293945
,278.68480173746747
,279.58184305826825
,280.03282165527344
,280.46559778849286
,279.45031483968097
,279.7277297973633
,279.6145273844401
,280.3545951843262
,278.55419031778973
,280.26208368937176
,278.7770767211914
,279.286922454834
,278.42595291137695
,279.98803456624347
,278.7386894226074
,278.91879145304364
,279.5447718302409
,278.4444109598796
,279.78388595581055
,279.4851481119792
,279.62356185913086
,280.2742182413737
,280.033447265625
,278.6458905537923
,278.90026601155597
,279.1379051208496
,278.73315302530926
,279.7115592956543
,279.94232686360675
,279.51158905029297
