system:time_start,soil_temperature_level_1
,283.4171241124471
,282.89016310373944
,283.1818421681722
,282.6296923955282
,282.63237921396893
,283.9594621658325
,284.49760786692303
,283.81329758961994
,283.28567091623944
,283.83986536661786
,283.61660861968994
,284.8927516937256
,283.0018250147501
,283.81192302703863
,283.8793700536092
,283.49316056569415
,283.5563596089681
,283.88226381937665
,283.1799373626709
,283.0289014180501
,283.24213155110675
,283.54842344919837
,284.3470932642619
,284.27873706817627
,283.52799892425537
,283.9340241750081
,283.46270179748535
,283.05082607269287
,283.3219804763794
,283.310045560201
,282.558687210083
,283.48846340179443
,283.44453112284344
,284.2944231033325
