system:time_start,soil_temperature_level_1
,286.0902557373047
,284.45765177408856
,284.9386494954427
,284.0555483500163
,284.92334747314453
,285.3304036458333
,285.4813054402669
,285.88146845499676
,286.2317937215169
,285.7643508911133
,284.8923110961914
,286.51164627075195
,284.7107861836751
,286.33061599731445
,285.4604975382487
,286.12622451782227
,285.26252365112305
,284.7770690917969
,285.6881573994954
,286.4685707092285
,286.9159749348958
,286.06548436482746
,286.9263114929199
,286.17468516031903
,285.68441645304364
,286.1895065307617
,286.5730234781901
,285.76321538289386
,285.8342768351237
,285.31885147094727
,284.7397575378418
,287.41498438517254
,286.0270029703776
,287.0903905232747
