system:time_start,soil_temperature_level_1
,295.12928009033203
,293.3484827677409
,292.61962890625
,293.10876592000324
,292.80352783203125
,293.72289784749347
,293.44112904866535
,294.217965443929
,295.7124710083008
,293.7963129679362
,293.9364471435547
,292.99257532755536
,293.48214594523114
,294.58268610636395
,294.7280985514323
,295.4000816345215
,294.91999435424805
,293.5890808105469
,295.17172114054364
,295.3179639180501
,294.6405334472656
,295.64408747355145
,295.5502815246582
,294.68385060628253
,295.32855860392254
,295.1860758463542
,295.4550603230794
,294.318790435791
,295.5688069661458
,294.50418217976886
,295.2212791442871
,296.04408899943036
,294.8325551350911
,295.7604675292969
