system:time_start,soil_temperature_level_1
,282.9350891113281
,281.58875783284503
,281.6834411621094
,282.253236134847
,282.1706848144531
,282.9160385131836
,283.622065226237
,283.6880989074707
,282.42950439453125
,282.30520884195965
,282.3434702555339
,283.6832618713379
,282.0810737609863
,283.38522720336914
,282.8974024454753
,283.04936091105145
,282.28154881795246
,281.9469273885091
,282.0593630472819
,282.247376759847
,283.0689290364583
,283.06632868448895
,283.0867042541504
,283.0304183959961
,282.4955177307129
,282.8590443929036
,282.7981948852539
,282.6829668680827
,282.3764902750651
,282.1141980489095
,281.613587697347
,282.5138511657715
,282.7182032267253
,283.9052276611328
