system:time_start,soil_temperature_level_1
,284.6246617635091
,282.37542215983075
,284.38902791341144
,283.61257298787433
,284.1264139811198
,283.749506632487
,284.21372985839844
,284.67697016398114
,283.8524525960286
,283.8706309000651
,284.26515197753906
,283.82085545857746
,281.94756444295246
,284.15812555948895
,283.18634033203125
,282.7370897928874
,283.02745691935223
,284.0912602742513
,283.9221000671387
,284.20215225219727
,284.11602783203125
,283.9840558369954
,284.3357327779134
,284.85638936360675
,284.7366600036621
,285.3384145100911
,285.71069590250653
,283.6647198994954
,282.9643732706706
,284.08063888549805
,283.78020604451496
,287.04397710164386
,284.02772013346356
,283.3672053019206
