system:time_start,soil_temperature_level_1
,285.0716018676758
,283.14944712320965
,283.09950002034503
,283.23068110148114
,283.5713933308919
,284.6117121378581
,284.6857198079427
,285.48367436726886
,284.6159489949544
,284.547368367513
,283.82007090250653
,285.86342493693036
,283.39641698201496
,285.40392176310223
,284.07980092366535
,284.217472076416
,283.8860333760579
,282.56692759195965
,283.7331835428874
,284.577688852946
,285.4105911254883
,284.5938886006673
,285.35926183064777
,284.86854044596356
,283.61546961466473
,284.4493815104167
,284.98402913411456
,284.194881439209
,283.47514088948566
,283.74670028686523
,283.0524304707845
,285.78113683064777
,284.8007227579753
,285.6409912109375
