system:time_start,soil_temperature_level_1
,283.43701508757357
,284.0810564709948
,283.8277464697371
,284.06877540819573
,284.5716455963266
,284.7250360596231
,284.4208287490911
,283.7991471228661
,284.2268815804353
,285.3351441420518
,285.16407207802774
,283.7913045676755
,284.27099670476207
,284.42565196313893
,284.23264104669744
,283.6144638556938
,283.8637926671412
,285.3726067150826
,284.7902609259534
,284.2912738519313
,284.226138292453
,284.71786028378966
,283.9447067888268
,284.4127718442446
,284.4877233959379
,284.5570436618029
,285.23814425117524
,284.40268497549613
,284.1408623038948
,284.92720221647454
,285.04115657063267
,285.3525526203634
,283.841761568408
,283.84219839252944
