system:time_start,soil_temperature_level_1
,290.34704335530597
,290.67041269938153
,289.8112208048503
,290.4226824442546
,290.38578542073566
,291.4664001464844
,291.03149668375653
,290.2732810974121
,289.88755289713544
,292.08772532145184
,291.36544036865234
,290.18460210164386
,290.55377833048504
,290.3688824971517
,290.77222951253253
,290.0713920593262
,290.0690269470215
,291.63859303792316
,291.4775759379069
,291.1994463602702
,290.4060923258464
,290.8252118428548
,290.09440994262695
,290.6041717529297
,290.84400304158527
,291.6073811848958
,291.8063379923503
,290.47675704956055
,290.2356770833333
,290.62314732869464
,291.1435483296712
,291.9172554016113
,290.1877187093099
,290.01009368896484
