system:time_start,soil_temperature_level_1
,292.4949805146904
,292.78949155089674
,291.66062886227843
,292.35338941184426
,292.7635607975785
,293.71208994875667
,292.3821247880177
,292.1835042891964
,292.554439913842
,294.365251766738
,293.144534695533
,292.2090421697145
,292.7973904763499
,292.4060450318039
,292.78369025773895
,291.8837653129331
,292.31995502594975
,293.5014314548944
,293.0094244762133
,293.21511049168083
,292.383409151467
,292.76858180056337
,292.10902712422035
,292.67908190655453
,292.475040107645
,293.6211670906313
,294.26015611874163
,292.7635527169833
,292.46675987653833
,292.3683476191695
,293.9281857808431
,293.8560451794696
,292.2566974598874
,292.2804939516129
