system:time_start,soil_temperature_level_1
,283.3132415782599
,283.2723778202981
,284.10151302521894
,283.61360194315415
,283.60071540187306
,283.23427510106563
,283.6365810400127
,283.32898681072226
,283.043091076965
,284.222224645448
,284.70778593604473
,282.812281435452
,283.54119529781025
,283.78684533615314
,283.86387434448096
,283.162856194212
,283.1029999498558
,284.5493472208233
,284.31784840042513
,282.97637222572195
,283.9720698428397
,284.2713516842013
,283.14210134509864
,283.1391654786541
,283.78027026384603
,284.3600893060566
,283.94626831990166
,283.9974869054322
,283.4113217615989
,284.6237832594646
,284.42592026123066
,285.1209195243113
,283.62507686704373
,283.3498118002021
