system:time_start,soil_temperature_level_1
,283.74946136474614
,282.5604797363281
,282.7270477294922
,282.77908808390305
,282.7662572224935
,284.0270874023438
,284.49337921142575
,284.10207951863606
,283.4126932779948
,283.5179392496745
,283.55823059082036
,284.77222925821934
,283.188646697998
,283.54456558227537
,284.01392262776693
,283.9892921447754
,283.34946111043297
,283.10973663330077
,282.95987116495775
,283.25123011271154
,283.4627141316732
,283.8892331441243
,284.0893404642741
,284.06522979736326
,283.547550201416
,283.74211476643876
,283.2387115478515
,283.2809867858887
,283.24092610677087
,283.1888425191243
,282.574400583903
,283.3630154927572
,283.4513376871745
,284.9103139241536
