system:time_start,soil_temperature_level_1
,277.7219950358073
,277.04705810546875
,277.37073771158856
,277.4326464335124
,277.4722849527995
,277.82912190755206
,278.22775014241535
,278.77731704711914
,277.8053614298503
,278.1505889892578
,277.9060821533203
,278.2172482808431
,277.0478909810384
,278.6421597798665
,277.3308359781901
,277.52041244506836
,277.2795778910319
,278.2710494995117
,277.20400110880536
,277.3913154602051
,277.7458038330078
,276.875784556071
,278.0928077697754
,277.5828094482422
,277.793275197347
,278.54444885253906
,278.7159423828125
,277.4115104675293
,277.41632588704425
,277.3930244445801
,277.3237419128418
,278.16133244832355
,278.21109263102215
,278.01488240559894
