system:time_start,soil_temperature_level_1
,279.4114634195964
,278.89857482910156
,278.92227427164715
,279.2996457417806
,279.3114878336589
,279.03424580891925
,279.40965270996094
,279.3009834289551
,279.21580505371094
,279.9206899007161
,279.72665150960285
,278.4120928446452
,278.9915402730306
,279.30169041951496
,279.56749471028644
,278.9778302510579
,278.55627822875977
,279.8481801350911
,279.71542739868164
,278.66784540812176
,279.67614491780597
,279.4607531229655
,279.4221992492676
,279.17044321695965
,279.73249944051105
,279.69523366292316
,279.32091267903644
,279.45031356811523
,279.09785715738934
,280.1411323547363
,279.8052050272624
,280.0142682393392
,279.26817321777344
,279.22705332438153
