system:time_start,soil_temperature_level_1
,293.9607418542621
,294.1839803936838
,293.1267189815127
,294.7167300081801
,293.7313649846219
,293.97422097743237
,293.23110225282863
,294.58107490101077
,294.0230550656373
,294.31985543788164
,294.2354097914422
,293.4995475418266
,293.55613739189056
,294.5106141978297
,293.57231087520205
,294.4444151692007
,292.57820326706457
,294.4950511537749
,295.06784465395174
,294.828760037477
,293.5122002787974
,293.3472850843408
,294.13890422075644
,293.7644351652299
,294.95203807436184
,296.1498629690587
,293.13377617145403
,295.25943769257645
,294.95289006726495
,293.93909432422157
,296.47225824991864
,295.47478989349014
,294.2534800562365
,294.3122652426533
