system:time_start,soil_temperature_level_1
,290.05241139729816
,289.8885498046875
,289.5586191813151
,289.69645563761395
,289.9639841715495
,290.7491963704427
,290.6381149291992
,290.2237358093262
,289.40828196207684
,291.1389465332031
,290.6661071777344
,290.0400683085124
,289.799752553304
,290.2470766703288
,290.5964991251628
,289.74452845255536
,289.7909228006999
,291.7016296386719
,291.17078526814777
,290.75849024454754
,290.3561426798503
,289.89892959594727
,289.9570376078288
,290.3148727416992
,291.45056025187176
,291.21009063720703
,291.0483881632487
,290.0570589701335
,289.7516352335612
,290.83612696329754
,291.69277318318683
,292.2307294209798
,289.8820317586263
,289.1476771036784
