system:time_start,soil_temperature_level_1
,279.2465274517353
,278.58631695757856
,279.01371024554464
,278.8810195783119
,278.82256498790923
,279.5610717941117
,280.1096006959349
,280.4900911352137
,279.635737045344
,280.0662267496298
,279.75318852798404
,280.42020878774343
,278.5193053165198
,280.2024029043568
,278.82309680980643
,279.19757377708345
,278.4951474116399
,279.9883795378409
,278.8497737143939
,279.0998686207083
,279.6976113790994
,278.6400526975974
,279.7519266736376
,279.4395254505423
,279.6356301360078
,280.1323373815515
,280.16700224824
,278.7717445149963
,279.0578637035775
,279.16975655747854
,278.79055292877086
,279.768998939039
,279.8975544744359
,279.7566058260181
