system:time_start,soil_temperature_level_1
,289.8641535441081
,290.09141031901044
,289.5905278523763
,290.1078809102376
,290.3061828613281
,291.38226318359375
,290.5715815226237
,290.0000750223796
,290.0100606282552
,291.5313084920247
,290.7666956583659
,289.80065790812176
,290.4710400899251
,290.0715497334798
,290.49312082926434
,289.7303352355957
,290.05705134073895
,291.4989827473958
,290.9925931294759
,290.5692558288574
,290.36417388916016
,290.57946395874023
,289.90524673461914
,290.6183802286784
,290.3327776590983
,291.23433176676434
,291.51111094156903
,290.6097984313965
,290.06670633951825
,290.4634946187337
,291.50495529174805
,291.8709602355957
,289.90235900878906
,290.0564244588216
