system:time_start,soil_temperature_level_1
,286.46120604034684
,286.77143990203035
,287.3110757689992
,286.8885548344435
,287.6619688963573
,287.4998309331151
,287.4842695444193
,286.9806085185359
,286.87817803301203
,288.2878051849522
,288.45546417806617
,286.7275530498763
,287.32026938640166
,287.16852322019264
,287.35971424928783
,286.33708513014346
,286.80731387350824
,288.47634645871443
,287.7344188945436
,286.9169976275425
,287.24731633769113
,288.10200721055054
,286.3057028629958
,287.1208631017122
,287.3600561331687
,287.9633215095469
,288.1143965765916
,287.5871618254501
,287.12948262149945
,288.0493270879703
,287.95658279077327
,288.5921054584839
,286.84815643360434
,286.5235527540635
