system:time_start,soil_temperature_level_1
,294.0833992686699
,294.9375349835652
,294.2939435136997
,295.6289681225289
,294.54969372012755
,294.7548963965439
,293.60553040543226
,295.3194154878942
,295.6687452734971
,294.844557537296
,295.1253496495689
,294.3148516213022
,295.03614574525415
,295.7013658042846
,295.61093238892596
,295.8399956245733
,294.0152702331543
,295.70054117838544
,295.66361444364725
,296.1802001891098
,294.7942180478476
,294.6373983553755
,294.7409862425269
,293.9000652282219
,295.6835507958886
,296.9427562186389
,293.8145987657997
,296.20274436764606
,296.3610043409394
,295.09486795440927
,297.6776244931105
,296.8858306078407
,295.6065292358399
,295.7898503745475
