system:time_start,soil_temperature_level_1
,292.92746988932294
,290.85057576497394
,291.52789815266925
,293.0578753153483
,292.2074330647786
,292.8209813435872
,292.5487365722656
,293.0874392191569
,292.38729604085285
,292.6864496866862
,292.54786682128906
,293.16149012247723
,292.18146387736004
,292.38189061482746
,292.4128061930339
,292.9153760274251
,292.9510434468587
,290.55749257405597
,291.93740463256836
,292.38752873738605
,293.0544942220052
,292.7639961242676
,292.972957611084
,292.9320526123047
,292.7085355122884
,292.6184387207031
,293.35101318359375
,293.1851234436035
,293.0638834635417
,292.0602684020996
,291.7698605855306
,293.3543230692546
,293.45205942789715
,294.87476603190106
