system:time_start,soil_temperature_level_1
,283.64013036092126
,284.1994870503744
,284.2915980021159
,284.38782628377277
,284.82713826497394
,284.89317830403644
,284.7077280680338
,284.11377588907874
,284.36884689331055
,285.52950922648114
,285.6349283854167
,284.10388946533203
,284.74562962849933
,284.7842407226562
,284.58880106608075
,283.73289616902673
,283.9820200602213
,285.6230888366699
,285.0583928426107
,284.41385523478186
,284.423646291097
,285.0682500203451
,284.0286458333333
,284.6420364379883
,284.7663459777832
,284.9444109598796
,285.47532780965173
,284.7448374430338
,284.3013966878255
,285.33558654785156
,285.32271194458
,285.6925849914551
,284.0400530497234
,283.93491109212243
