system:time_start,soil_temperature_level_1
,293.3806959788004
,293.56709543863934
,292.2699915568034
,293.2100486755371
,293.56673304239905
,293.79151089986163
,293.05210749308264
,293.10087331136066
,293.089303334554
,294.3496780395508
,293.6073869069417
,293.2321440378825
,293.3223101298014
,293.4613183339437
,293.7531204223633
,293.212495803833
,293.13809521993005
,294.63262367248535
,294.6012700398763
,294.3972053527832
,293.1776574452718
,293.264450709025
,293.13517061869305
,293.6496467590332
,294.4144420623779
,294.3375415802002
,293.82435480753577
,293.7738526662191
,293.9219436645508
,293.68626594543457
,294.8220322926839
,294.7931321461995
,293.29554112752277
,292.7599169413249
