system:time_start,soil_temperature_level_1
,289.5646984215939
,289.4029050884825
,289.10960272586703
,289.175813963919
,289.2720121903853
,290.05837920217806
,289.85965127655953
,289.5591045726429
,288.93281416459513
,290.42687942042494
,290.15187743215847
,289.44144497495705
,288.93325701626867
,289.6223536404696
,289.56621990781844
,288.86776814316255
,289.05378642226714
,291.17956149939334
,290.64686156764174
,290.24803774284595
,289.9653828938802
,289.36657264015895
,289.5496727914521
,289.72553692442
,290.6708604061243
,291.1459769046668
,290.05618910356003
,289.33630475130946
,289.3215757427793
,290.0466293566154
,291.04061138268673
,292.0672002850157
,289.2053823760061
,288.730048902107
