system:time_start,soil_temperature_level_1
,285.00256729125977
,285.518346786499
,285.7695198059082
,285.4332847595215
,285.8346201578776
,286.1676966349284
,286.3526662190755
,285.5868689219157
,285.0274181365967
,286.291924794515
,286.9201532999674
,285.27516937255854
,285.52433395385737
,285.8995138804118
,285.581096013387
,284.908722559611
,284.9883270263672
,287.05478541056317
,286.48409334818524
,285.54828961690265
,285.92370351155597
,286.3758188883464
,285.1313012441
,285.70957819620764
,286.24901644388837
,286.13706334431964
,287.03918584187824
,285.69693692525226
,285.4197419484457
,286.5034821828207
,286.24631182352704
,287.4579429626465
,285.51926676432294
,284.810333887736
