system:time_start,soil_temperature_level_1
,285.8392028808594
,284.34972890218097
,284.32574462890625
,284.4852867126465
,284.6158218383789
,284.7238184611003
,284.5799331665039
,285.2364336649577
,286.08734130859375
,285.3925425211589
,284.8634999593099
,285.1381187438965
,284.69402440388996
,285.8631731669108
,285.2738494873047
,286.4667269388835
,284.7600440979004
,285.0363133748372
,285.6778373718262
,286.4213701883952
,286.4122950236003
,286.36047744750977
,286.5312970479329
,285.40087127685547
,285.7697944641113
,286.069585164388
,286.79483286539715
,285.4690284729004
,285.99979909261066
,285.214900970459
,285.64968999226886
,287.30007553100586
,285.47837320963544
,286.4825617472331
