system:time_start,soil_temperature_level_1
,282.62570826212567
,282.0533877781459
,282.3815191359747
,281.96529715401783
,282.3109027317592
,283.2346073332287
,283.69555464245025
,283.29475657145184
,282.5528479076567
,283.14403243291946
,282.78476624261765
,284.0422488621303
,282.1971955072312
,283.19496518089653
,282.7293975466773
,282.88169315883096
,282.63292966570174
,283.07657986595524
,282.43351073492136
,282.2502388727097
,282.6802484421503
,282.7065687633696
,283.5980664207822
,283.49286233811154
,282.7708631243025
,283.2881767636254
,283.0644872756231
,282.47876594180156
,282.6448783874512
,282.43855939592635
,281.9042240324475
,282.7405628022693
,282.87538655598956
,283.4100696018764
