system:time_start,soil_temperature_level_1
,283.2722345987956
,283.62281036376953
,283.9698537190755
,283.5278155008952
,283.83102162679035
,283.6740239461263
,284.43445078531903
,284.03475824991864
,283.0330861409505
,283.98669179280597
,284.83338419596356
,283.0978660583496
,283.322816212972
,283.8125190734863
,283.5505625406901
,282.67536036173504
,283.1207745869954
,285.39314524332684
,284.76651128133136
,283.9115613301595
,284.4004211425781
,284.315975189209
,283.0607795715332
,283.9304021199544
,284.56440862019855
,284.40108489990234
,284.51876576741535
,283.6795717875163
,283.73348744710285
,284.5907402038574
,284.1400438944499
,285.82066980997723
,283.67652638753253
,282.89070383707684
