system:time_start,soil_temperature_level_1
,287.13322085425966
,286.0189472380139
,287.0449138217502
,286.39292441474066
,286.1605958484468
,287.2458853343177
,286.83632054404603
,287.1565363444979
,286.425242772178
,287.37878399803526
,287.28137431069024
,286.3751456245543
,284.725404588003
,287.2560274033319
,286.14492125738235
,285.9298750256735
,285.9523488604833
,287.06466735355434
,287.311885894291
,287.67170109824525
,287.0962644304548
,287.0711146763393
,287.1154170566135
,287.1694062853616
,287.6438324337914
,288.25639312986345
,287.60227330525714
,286.5905885847788
,286.1126165238638
,287.46295995560905
,287.3549270024375
,289.41820701720223
,286.7956324986049
,287.08359255109514
