system:time_start,soil_temperature_level_1
,281.75867814284106
,281.76360399295123
,282.2101747561724
,281.62931207510144
,282.24610294439856
,282.23999649439105
,282.58327523255963
,281.7944250840407
,281.2667831029648
,282.3598863650591
,283.18055451221954
,280.9842430505997
,281.9003596183581
,282.35222048637195
,282.3939089652819
,281.71292221851843
,281.18193455231494
,283.1621285462991
,282.43790484697394
,281.4940118056077
,282.0896629920373
,282.4104671967336
,281.8748793968787
,281.97991649921124
,282.4637258480757
,282.53233709090796
,282.3801922920423
,282.12781045375726
,282.10064619015424
,282.6101918342786
,282.41096506363306
,283.2890827472393
,282.2321067223182
,281.4607628064278
