system:time_start,soil_temperature_level_1
,281.86916097005206
,281.9889907836914
,282.1828791300456
,281.78031794230145
,282.12472279866535
,282.16407012939453
,282.48498789469403
,281.8235282897949
,281.23328908284503
,282.2400131225586
,282.85128021240234
,280.7812334696452
,281.62740961710614
,282.40891393025714
,282.5587387084961
,281.68916447957355
,281.0803413391113
,283.0570704142253
,282.42556126912433
,281.51526006062824
,282.1299082438151
,282.41647211710614
,282.1121711730957
,282.236083984375
,282.45425033569336
,282.27008565266925
,282.36930084228516
,281.8969306945801
,282.084966023763
,282.6421267191569
,282.65688196818036
,283.1962827046712
,281.93324279785156
,281.37841542561847
