system:time_start,soil_temperature_level_1
,292.769489147045
,291.96695285373266
,290.7588099726924
,291.3091242754901
,291.13103541621456
,292.08996723316335
,291.5134559913918
,292.0181049770779
,293.6231822261104
,291.85578296802663
,291.83576315420646
,291.54388667919017
,291.8774926927355
,292.67625865229854
,292.6494019119828
,293.48791207207574
,292.87149570606374
,291.74920286955654
,293.24416280675814
,293.13935103239834
,292.3277989140263
,293.4433250427246
,293.52845410947447
,292.7210385357892
,293.364522156892
,293.035934165672
,293.01780135543254
,292.4693469294795
,293.6900535866066
,292.6817738568341
,293.3230306837294
,293.92640813191736
,293.0333348026982
,293.8015521014178
