system:time_start,soil_temperature_level_1
,283.4283218383789
,282.8881479899089
,282.4429423014323
,282.7272020975749
,282.6299184163411
,282.7904408772786
,282.2704849243164
,282.7567990620931
,284.22253672281903
,283.0980402628581
,282.67728932698566
,282.710262298584
,283.17001724243164
,283.7781054178874
,283.9403940836589
,284.2312202453613
,283.2968889872233
,282.7534484863281
,283.6423683166504
,284.38352076212567
,283.5905125935872
,284.16845830281574
,284.41858800252277
,283.16357676188153
,284.0539487202962
,283.8871485392253
,284.33421834309894
,283.4249560038249
,283.8599675496419
,283.4928550720215
,284.48232396443683
,285.1415138244629
,284.0056889851888
,284.6439463297526
