system:time_start,soil_temperature_level_1
,281.76297251383465
,281.8869984944661
,282.02771250406903
,281.7156562805176
,282.0985158284505
,282.0982182820638
,282.4505259195964
,281.8546536763509
,281.10926818847656
,282.1765670776367
,282.8429667154948
,280.7730089823405
,281.5602429707845
,282.3444989522298
,282.4131368001302
,281.51264572143555
,281.03732172648114
,283.04329172770184
,282.34988530476886
,281.4307467142741
,282.00975545247394
,282.3909619649251
,282.0179100036621
,282.1987024943034
,282.1844673156738
,282.1588414510091
,282.34312947591144
,281.6565793355306
,281.8506164550781
,282.4881757100423
,282.4925880432129
,283.18184026082355
,281.74145762125653
,281.1967417399089
