system:time_start,soil_temperature_level_1
,283.2388178507487
,283.1222330729167
,283.80287170410156
,283.26132837931317
,283.60486094156903
,283.61280822753906
,284.4573720296224
,284.2917594909668
,282.58145395914715
,283.780034383138
,284.0785827636719
,283.0349184672038
,282.38672002156574
,283.75720342000324
,283.20433298746747
,282.1351153055827
,282.55144627888996
,284.70493570963544
,284.15685907999676
,283.94054794311523
,284.2105433146159
,283.69101333618164
,283.1090431213379
,283.3543421427409
,284.58537165323895
,284.1638870239258
,284.4488881429036
,283.1873588562012
,283.08753967285156
,284.67004521687824
,283.91210556030273
,285.7675310770671
,282.92860921223956
,282.6722819010417
