system:time_start,soil_temperature_level_1
,292.90588633219403
,293.12540944417316
,291.8129653930664
,292.81802495320636
,292.97453053792316
,293.3808059692383
,292.81199900309247
,292.67795689900714
,292.5114568074544
,293.94396718343097
,293.19615936279297
,292.68798700968426
,292.9049949645996
,292.9452654520671
,293.21661885579425
,292.749942779541
,292.75659561157227
,294.33137766520184
,294.2118288675944
,293.9101142883301
,292.71728515625
,292.88464228312176
,292.9109357198079
,293.1964848836263
,294.13332494099933
,294.2200342814128
,293.73457590738934
,293.44355392456055
,293.35009765625
,293.40366490681964
,294.3759346008301
,294.51598230997723
,292.92740631103516
,292.3066991170247
