system:time_start,soil_temperature_level_1
,280.01927778455945
,279.539427863227
,279.4941804673937
,279.85712729560004
,279.68524678548175
,279.5641487969292
,279.97027418348523
,279.82058334350586
,279.6507924397786
,280.2935621473524
,279.954961988661
,278.9325557284885
,279.2832077874078
,279.6488643222385
,279.8139945136176
,279.47229385375977
,279.1768794589573
,280.5217980278863
,280.2650430467394
,279.1558706495497
,280.1354276869032
,279.88994810316296
,279.96785778469507
,279.79025014241535
,280.28303824530707
,280.08538224962024
,280.00290086534284
,280.0651156107585
,279.66197882758246
,280.59841283162433
,280.3623415629069
,280.55324257744684
,279.74724833170575
,279.7439422607422
