system:time_start,soil_temperature_level_1
,281.8883989910746
,282.5415406338004
,282.3390189473943
,282.51879034116286
,283.28581160907595
,283.04061966533806
,282.8633071544558
,282.23625978573347
,282.49851575747937
,283.6059854196948
,283.66256353097367
,282.2653540973516
,282.85894145522
,283.0603038876556
,282.9635962552802
,281.9434468764667
,282.0760552162348
,283.64661212300143
,283.18863876106207
,282.5690385981123
,282.4719140695971
,283.11593080860695
,282.505149279454
,282.9227691768676
,282.9886917291685
,282.92090606689453
,283.4557491568632
,282.6649351193923
,282.4468955697939
,283.6017685823662
,283.4637162260306
,283.9469752644383
,282.28948513297144
,282.13140940111737
