system:time_start,soil_temperature_level_1
,280.53624725341797
,280.3087031046549
,280.89654456244574
,280.6365275912815
,280.5129046969944
,280.55302090115015
,281.33478291829425
,281.0050053066678
,280.53783247205945
,280.9028727213542
,281.10431416829425
,280.08722644382055
,280.0032954745822
,280.81645584106445
,280.6959686279297
,280.0306731330024
,280.3505795796712
,282.27962493896484
,281.47572962443036
,281.1001353793674
,281.6070395575629
,280.7728504604763
,280.3501091003418
,280.86324734157984
,281.7160716586643
,281.46572452121313
,281.6991653442383
,280.85037867228186
,280.60262044270837
,281.84569507175024
,281.0152914259169
,282.1759724087185
,280.4431737263998
,279.60072157118054
