system:time_start,soil_temperature_level_1
,289.0008066649078
,287.58950781053113
,287.8005056483771
,287.96170560775266
,287.635916145899
,288.8926221375824
,288.5039029275218
,288.5041604811145
,287.7030726607128
,289.267450394169
,289.5420576526273
,288.1409592167024
,286.94634369880924
,289.06518726964146
,287.75887536489836
,287.7647447893697
,287.48638669906126
,289.38154105729956
,288.77352823236936
,289.01212733278993
,289.1587231133574
,288.7832126002158
,288.51007740471954
,288.67746156261813
,289.15482219572993
,290.3826139716692
,288.6980400495632
,288.45313152190175
,288.27891319028794
,289.1008560426773
,290.505121538716
,291.2035255021947
,288.29104208177137
,288.72700886059835
