system:time_start,soil_temperature_level_1
,292.86903127034503
,293.1299565633138
,291.9437942504883
,292.6567751566569
,293.1344502766927
,294.07255299886066
,292.6247075398763
,292.49924596150714
,292.9314193725586
,294.7516555786133
,293.4819590250651
,292.5454902648926
,293.11487706502277
,292.74680455525714
,293.08527119954425
,292.19379806518555
,292.6642138163249
,293.8182830810547
,293.32416407267254
,293.576722462972
,292.69175974527997
,293.08352279663086
,292.4178301493327
,292.9965184529622
,292.7864621480306
,293.98044840494794
,294.6840108235677
,293.09616724650067
,292.8272450764974
,292.6365852355957
,294.33513768513996
,294.15128962198895
,292.58036549886066
,292.6200942993164
