system:time_start,soil_temperature_level_1
,280.3595502170515
,280.19699904359413
,280.20929974685475
,280.25698974986136
,280.12670604093574
,279.42853378955226
,280.4986197389202
,280.5272853757128
,280.3861869293966
,280.8496493351312
,280.5384755782139
,279.10509144818343
,279.5662728062382
,280.20736642531404
,280.5967686264603
,279.8685952645761
,279.43842421637635
,280.8929044935438
,281.0849806938642
,279.846557640735
,280.8736077532356
,280.12177681628566
,280.31404132607537
,279.7882014380561
,280.4190311902835
,280.74976325329436
,280.2414443404586
,280.46639543698154
,280.25354988192333
,281.56163663039973
,280.9568102801287
,280.8970942791597
,280.3405875924193
,280.3048106064031
