system:time_start,soil_temperature_level_1
,287.2927660220244
,286.49908533174545
,287.68031453837403
,287.39885602150275
,286.6463537137958
,287.4919977892165
,287.3283359376821
,287.19527093089397
,286.7492063040168
,287.15405763289004
,286.7506969659565
,287.96301080929885
,287.3866411787996
,286.6764507848411
,287.6279205219858
,287.73737383279934
,288.2278311215258
,286.8971106396248
,286.43584036204817
,286.96771696234356
,286.91752636459324
,286.7106086992666
,287.2765246141676
,287.4377663460887
,287.15624830173437
,286.9187521198451
,286.81851162722006
,287.0160449836612
,286.9190029226782
,286.64948090930915
,286.3854109801791
,286.83638305720956
,287.0892234876208
,288.46671353197206
