system:time_start,soil_temperature_level_1
,291.17753346761066
,291.3779551188151
,290.73277537027997
,291.32204818725586
,291.7322285970052
,292.58691660563153
,291.5005518595378
,291.06329981486004
,291.2807312011719
,292.91188557942706
,291.93738810221356
,291.03915786743164
,291.58542251586914
,291.1948178609212
,291.5238723754883
,290.77059809366864
,291.2085990905762
,292.44159444173175
,292.0736503601074
,291.6652946472168
,291.3777821858724
,291.7759183247884
,290.91647720336914
,291.6866099039714
,291.44391504923504
,292.31834665934247
,292.4702682495117
,291.69537989298504
,291.21777089436847
,291.462350209554
,292.507137298584
,292.8337593078613
,291.12620544433594
,291.14920298258465
