system:time_start,soil_temperature_level_1
,285.51405164930554
,285.91979259914825
,285.73213407728406
,285.95054838392474
,286.4084417555068
,286.8171492682563
,286.33879958258734
,285.81638399759925
,285.9887527889676
,287.340553495619
,286.9836868709988
,285.7645719316271
,286.27618704901806
,286.26521937052405
,286.11204083760583
,285.5707130432129
,285.85982894897467
,287.36205906338165
,286.68216005961096
,286.2141359117296
,286.35836622450086
,286.7462173038059
,285.7495305803087
,286.3048419952393
,286.3967261844211
,286.6053276062012
,287.3835377163357
,286.5062779320611
,286.15679423014325
,286.72297626071503
,287.08344607883026
,287.4012311299642
,285.778540081448
,285.8253589206272
