system:time_start,soil_temperature_level_1
,280.5068965041846
,280.3181619476853
,280.7356994361208
,280.4358796236808
,280.3584516424882
,280.7287639149448
,281.29543612296123
,281.2400690045273
,280.286386724104
,280.69271596272785
,281.1034724586889
,280.0170793366014
,279.82762219613056
,280.90269624141223
,279.9388146651419
,279.5864280566835
,279.8990876047235
,281.863812028316
,281.04341547112716
,280.94458248740744
,281.3600330687406
,279.85673302098326
,279.36579272621555
,280.36630088404604
,281.65436634264495
,281.0149898863675
,281.30356430589103
,280.29481673658944
,280.3364585742616
,281.75509958099894
,280.7963509141353
,282.0667518481874
,279.8912670737819
,279.8587177343536
