system:time_start,soil_temperature_level_1
,285.39991760253906
,285.92162322998047
,286.07093048095703
,285.9011573791504
,286.30284372965497
,286.6468912760417
,286.7634099324544
,285.9783770243327
,285.5764846801758
,286.88129170735675
,287.22159067789715
,285.7360191345215
,285.90007400512695
,286.2726656595866
,286.04633076985675
,285.26483790079754
,285.4255180358887
,287.3475290934245
,286.8788134256999
,286.00974400838214
,286.42281850179035
,286.72533289591473
,285.58398564656574
,286.1680552164714
,286.6811587015788
,286.528813680013
,287.4766438802083
,286.2012418111165
,285.7593358357747
,286.79419835408527
,286.7265917460124
,287.7404365539551
,285.7697016398112
,285.27002207438153
