system:time_start,soil_temperature_level_1
,292.42559305826825
,292.7152379353841
,291.3404134114583
,292.16962814331055
,292.2924397786458
,292.7825190226237
,292.261723836263
,292.04868443806964
,291.93465423583984
,293.51707712809247
,292.8400599161784
,292.24742762247723
,292.28246180216473
,292.4394111633301
,292.7362314860026
,292.15231959025067
,292.177791595459
,293.63612874348956
,293.41787338256836
,293.2647768656413
,292.3800684611003
,292.45401128133136
,292.29782994588214
,292.78250885009766
,293.1715227762858
,293.50629170735675
,293.2373046875
,292.6889050801595
,292.6212793986003
,292.28744379679364
,293.2114117940267
,293.554012298584
,292.3734868367513
,291.7281188964844
