system:time_start,soil_temperature_level_1
,279.214160344934
,278.14373442947226
,278.6948627348869
,278.40211330947056
,278.47492948142434
,278.7761821951917
,279.3218998652633
,280.11201559087283
,279.21027636784385
,279.3731921616421
,279.2740760311003
,279.5261486012448
,277.67329595422234
,279.3287524561729
,278.059646237281
,278.7808415812831
,278.36111622471964
,278.88016505907945
,278.7643201684439
,279.11534746231575
,279.43456104237544
,278.27215576171875
,279.40403628605674
,278.7918102305423
,278.9071272573163
,279.9008855922248
,279.97006828554214
,278.64599268923524
,278.53996100476996
,278.74594169534663
,278.8438879853935
,280.0425915871897
,279.47168760402224
,278.85534458775675
