system:time_start,soil_temperature_level_1
,277.82986111111114
,276.72367265489373
,276.90937296549475
,276.7984097798666
,277.3044060601129
,276.8088573879666
,277.73765648735895
,278.7514898512099
,277.80113898383246
,277.8823301527235
,277.7988849216038
,278.43918143378363
,276.4035335116917
,278.0484462314182
,276.9722696940104
,277.47122997707794
,276.99227693345813
,277.01672108968097
,276.905339135064
,277.5886302524143
,278.1803453233507
,277.5279536777073
,278.1661737230089
,277.8231336805556
,277.57610278659394
,277.9075419108073
,278.35810089111334
,277.0580940246582
,276.92495557996966
,277.11862309773767
,276.9275262620714
,278.2485898335775
,277.94458007812506
,277.4039620293512
