system:time_start,soil_temperature_level_1
,286.61322234557554
,286.18025104419604
,286.46323500166426
,286.27827603680953
,286.4323543972439
,287.3156163441884
,287.43027807928775
,286.68996813204194
,286.1787965333497
,287.45532526697843
,287.5409474644933
,286.69169427682687
,285.93181881603897
,287.04446054865286
,286.909593690981
,286.0307883758087
,286.4769730553612
,287.7610813862568
,287.8797945704188
,287.3816394175853
,287.2992673306852
,286.9670945703088
,286.44439292884806
,286.9208058079442
,287.72004403008356
,287.9747297498915
,287.7400211872639
,286.383428911547
,286.4292838294227
,287.4882755795041
,287.5491293715285
,289.2645317627503
,286.2645970708257
,286.0457694251258
