system:time_start,soil_temperature_level_1
,284.9919687906901
,283.7334238688151
,283.5249710083008
,283.7804781595866
,283.8051528930664
,283.9461034138997
,283.63794962565106
,284.1408576965332
,285.6000162760417
,284.4003143310547
,284.00521087646484
,284.2210502624512
,284.33587010701496
,285.2180468241374
,285.33329518636066
,285.76931381225586
,284.38477452596027
,284.03403727213544
,285.000052134196
,286.008602142334
,285.44677480061847
,285.7655550638835
,285.96764755249023
,285.04057057698566
,285.52230707804364
,285.28421783447266
,285.70548756917316
,284.79553349812824
,285.2205988566081
,284.85021082560223
,285.43835067749023
,286.69199498494464
,285.1451365152995
,286.4231948852539
