system:time_start,soil_temperature_level_1
,284.6925592133493
,285.3884806777491
,285.5022490530303
,285.22092564900714
,285.9045324614554
,285.8461132627545
,285.96592481208575
,285.3864280238296
,284.7239046963779
,286.06015268961585
,286.57119704737806
,285.0103837215539
,285.4031428712787
,285.51401970603246
,285.3444639263731
,284.50364372947
,284.70804075761276
,286.61918524539834
,286.24673704667526
,285.29611263853127
,285.5972474994081
,286.0053272825299
,284.7575606143836
,285.4489059448242
,285.9984379392682
,285.91381789698744
,286.6794905229048
,285.3010574109627
,285.15406545003253
,286.19098189382845
,285.9653705250133
,286.9926906932484
,285.31236729477394
,284.6696106881806
