system:time_start,soil_temperature_level_1
,281.6229825814565
,280.82117289967005
,280.794939412011
,280.66155121061536
,280.70779230859546
,281.75183251168994
,282.3779966301388
,282.24824033843146
,281.015771706899
,281.4109070301056
,281.67717512448627
,281.07135229640534
,280.41877839300366
,281.8199614153968
,280.75380947854785
,280.15224644872876
,281.101047595342
,281.5596612824334
,280.96380477481415
,281.17581428421863
,281.9443367057376
,280.2737226751115
,281.2765289942423
,280.5678085221184
,281.07651983367066
,281.70612872971424
,281.5023022227816
,280.1184781127506
,280.1560692257351
,281.4277327855428
,281.1908263100518
,281.9888481563992
,279.810200187895
,280.16546477211847
