system:time_start,soil_temperature_level_1
,284.1824838850234
,281.6239668528239
,283.72820684644915
,283.0166185167101
,283.5848159790039
,283.40261099073626
,283.7182612948947
,284.4034714168973
,283.0840894911025
,284.1191567314996
,283.9144333733453
,283.39344724019367
,281.36448817782934
,283.6052449544271
,282.70142703586157
,282.26886071099176
,282.7368920644125
,283.30520439147955
,283.17316797044543
,283.8257548014323
,283.8191132015652
,283.58309682210285
,283.8731937408447
,283.70558081732855
,284.0832913716634
,284.48688316345215
,284.3226129743788
,282.43254746331104
,281.7720497979058
,282.73672167460126
,282.7722405327691
,285.67304017808704
,283.01136334737146
,282.14286888970275
