system:time_start,soil_temperature_level_1
,293.26685587565106
,293.8085708618164
,292.68475341796875
,293.23290634155273
,293.7025960286458
,294.31397247314453
,293.2999496459961
,292.99521764119464
,293.8210169474284
,295.2717056274414
,294.27000935872394
,293.3224728902181
,293.6201464335124
,293.6776873270671
,293.56599680582684
,293.1684710184733
,293.8213996887207
,294.69451904296875
,294.2132403055827
,293.7645072937012
,293.9068857828776
,294.01062138875324
,293.34448115030926
,293.76282755533856
,293.4640286763509
,294.6023457845052
,294.7625249226888
,294.0252571105957
,293.7728729248047
,293.1547991434733
,294.77087529500324
,294.37311935424805
,293.7104085286458
,293.3013102213542
