system:time_start,soil_temperature_level_1
,285.76579030354816
,286.4364547729492
,286.41270955403644
,286.3788948059082
,286.75721486409503
,287.1631546020508
,287.2179412841797
,286.4952100118001
,286.1369450887044
,287.50624593098956
,287.5457941691081
,286.2246284484863
,286.37872950236004
,286.6463228861491
,286.6028544108073
,285.8074480692546
,285.94240697224933
,287.8634287516276
,287.48894119262695
,286.63326899210614
,286.9792760213216
,287.0938860575358
,286.1553662618001
,286.80181376139325
,287.3446108500163
,287.0010350545247
,288.16977945963544
,286.7576077779134
,286.25866953531903
,287.06762313842773
,287.22287877400714
,288.27617772420246
,286.0924809773763
,285.8694534301758
