system:time_start,soil_temperature_level_1
,282.92252858479816
,283.3003158569336
,283.59277598063153
,283.2779070536296
,283.55230204264325
,283.3026606241862
,284.04434967041016
,283.4194526672363
,282.5089975992839
,283.6007359822591
,284.2620569864909
,282.61542892456055
,282.88000106811523
,283.4536323547363
,283.1315689086914
,282.07690811157227
,282.6462008158366
,285.01610056559247
,284.32964452107746
,283.3339983622233
,284.14808654785156
,283.67980575561523
,282.50070571899414
,283.4861017862956
,283.92773564656574
,283.94913482666016
,283.98436737060547
,283.2407391866048
,283.1069157918294
,284.0509885152181
,283.5574073791504
,285.13048934936523
,283.06590779622394
,282.57105509440106
