system:time_start,soil_temperature_level_1
,284.278803507487
,283.7196909586589
,284.75953420003253
,284.18815485636395
,283.97142028808594
,284.4502360026042
,285.4713846842448
,284.9700406392415
,283.66344960530597
,284.58844502766925
,284.80130259195965
,284.12850824991864
,283.1521746317546
,284.5202267964681
,283.9852294921875
,283.27148310343426
,283.46332422892254
,285.4347661336263
,285.2407976786296
,285.3648745218913
,285.0522282918294
,284.5110232035319
,284.2773094177246
,284.4310887654622
,285.574275970459
,285.42893981933594
,285.11818440755206
,283.64194107055664
,283.84139251708984
,284.90066655476886
,284.83071009318036
,286.99472681681317
,284.03257242838544
,282.97969309488934
