system:time_start,soil_temperature_level_1
,281.4881820678711
,280.23368072509766
,280.339599609375
,280.5511665344238
,281.1497522989909
,281.06970977783203
,281.0063959757487
,281.490665435791
,282.27417246500653
,281.48898061116535
,281.00541432698566
,281.436331431071
,280.666207631429
,282.1318219502767
,281.31263224283856
,282.38129297892254
,281.0655225118001
,280.06302134195965
,281.14076868693036
,282.3352851867676
,282.28394571940106
,282.48312250773114
,282.4647687276204
,282.0151672363281
,281.0448519388835
,281.50599161783856
,282.76891072591144
,281.6332181294759
,281.89933522542316
,281.0897560119629
,280.79120508829754
,282.8289222717285
,281.85982513427734
,282.79977162679035
