system:time_start,soil_temperature_level_1
,282.74876497146505
,282.0041737695943
,282.59067478653907
,281.9515376521883
,281.6454755297254
,283.08190186662966
,283.58456199883364
,282.8119807170619
,282.5989462831282
,282.8904893566737
,282.99478848285077
,284.10517604785167
,282.54331535047316
,282.8311296131699
,283.45307468660604
,282.68590100694905
,283.1475516167586
,283.07614603849834
,282.30817583717794
,282.2868031464149
,282.23883409585306
,282.71698181888934
,283.332781818129
,283.44740179017134
,282.80187914011293
,282.854791845398
,282.3428039524222
,281.96261955128006
,282.332735427336
,282.5439752665186
,281.71588968260477
,282.43091337923744
,282.5297495926131
,283.6067847657783
