system:time_start,soil_temperature_level_1
,286.46244446530295
,285.20486447547506
,285.6097162918388
,285.9761578775729
,285.63631199199534
,286.5431396232208
,286.53892828825343
,286.571678241105
,285.71105012525396
,285.90453617209926
,286.1632466396849
,286.9601218909273
,285.813673880736
,285.78887626259655
,286.4809131295318
,286.7985248226679
,286.4708152027124
,285.31341004716097
,285.53630019465095
,285.96004746924706
,286.1649399072919
,286.25874832547197
,286.38816168362894
,286.51179552684425
,286.01338983346346
,286.1187855025176
,285.7768904579494
,286.0836913798331
,286.03311439018034
,285.48499773177366
,285.20931509216285
,285.9239728817131
,286.1744647820197
,287.4490510268616
