system:time_start,soil_temperature_level_1
,280.8129247029622
,280.7053909301758
,281.1493275960286
,280.7859738667806
,280.4915186564128
,280.84566497802734
,281.7533213297526
,281.8134473164876
,280.7407684326172
,280.9906590779622
,281.2978795369466
,280.34553146362305
,280.1802228291829
,281.3302930196126
,280.48199462890625
,280.0401802062988
,280.4267209370931
,282.3295389811198
,281.6292559305827
,281.36169815063477
,282.0650355021159
,280.64599736531574
,280.2761700948079
,281.10513559977215
,281.85876592000324
,281.57629648844403
,281.68948618570965
,280.66704686482746
,280.85203043619794
,282.4400266011556
,281.4751116434733
,282.3844922383626
,279.99439748128253
,280.22930908203125
