system:time_start,soil_temperature_level_1
,280.5858601161412
,280.25891076950796
,280.9869737170991
,280.77834737868534
,280.5415406000046
,280.67690531412757
,281.43363734654014
,280.99798311506
,280.71414947509766
,281.01901753743493
,281.3454735165551
,280.1251149858747
,280.06206239972795
,280.7331290472122
,280.7927427746001
,280.2170037769136
,280.4653474716913
,282.2333813621884
,281.5762131100609
,280.9922705150786
,281.43509456089566
,280.58400817144485
,280.6335723513649
,280.94253685360866
,281.7052919296991
,281.33982013520745
,281.6849928356352
,281.0358136494954
,280.5442199707032
,281.7995701744443
,280.77147947038924
,281.91127068655834
,280.65574028378444
,279.8105185372489
