system:time_start,soil_temperature_level_1
,280.66838702820894
,280.4942831742136
,280.53309899045706
,280.65266036987305
,280.393813685367
,280.44336258737667
,280.74978610925507
,280.5736162286056
,280.0623858267801
,280.91336193419335
,280.9747477748938
,279.4801944264195
,280.0477623521236
,280.5005674529494
,280.703234354655
,280.26727435463357
,280.17461923967323
,281.443160073799
,281.1302160296524
,279.74683266355277
,280.81563072873837
,280.9020547030265
,280.5887670015034
,280.57070789002535
,281.0541723820201
,280.7421079936781
,280.6569959406267
,280.904164832935
,280.56625553599577
,281.48692341854695
,281.04225834628994
,281.6343739158229
,280.5398750974421
,280.5047939367462
