system:time_start,soil_temperature_level_1
,285.82418802284036
,286.2411405087103
,286.86832069500196
,286.534035900471
,287.09490640850623
,286.72922927524866
,286.6134730327711
,286.2142882415534
,286.25940162874525
,287.50780325651465
,287.83867066255505
,286.1109430001084
,286.7771137561305
,286.7474474263709
,286.81390217260633
,285.8389524105583
,286.39285567198783
,287.77172625402096
,287.1626900050815
,286.19744454665766
,286.8590484813081
,287.5337285694405
,285.7748332240631
,286.5671920338436
,286.6604442354009
,287.5116697298107
,287.0395268357743
,287.3155142974541
,286.4850929013135
,287.4039742773603
,287.5968380107309
,288.13754219127117
,286.59769951138844
,286.01343812899495
