system:time_start,soil_temperature_level_1
,282.90486879701973
,282.8046812599088
,283.462294543231
,282.90222876748925
,282.96365236352995
,283.307889137739
,284.1615992181095
,284.0617278299214
,282.1631718623786
,283.36209713971175
,283.8487572140164
,282.7852638385914
,281.883617306933
,283.337525355963
,282.7261031586447
,282.0129083233115
,282.32617547776965
,284.2136899218147
,283.79677699524683
,283.6831606405753
,283.79438284885737
,283.1418480814239
,282.7307913509416
,283.03449432938186
,284.0936420111008
,283.735396185039
,284.0167200535904
,282.79087149066686
,282.68818527975196
,284.1715513629678
,283.6145982624572
,285.5313762382225
,282.4492072352657
,282.21496657383295
