system:time_start,soil_temperature_level_1
,283.9949246853759
,284.80997096347267
,284.5434246170992
,284.7380517431572
,285.223895056773
,285.31974564029673
,285.1386490730242
,284.6077665986314
,284.6289521987829
,285.8168709102997
,285.90280698787024
,284.378246307373
,284.8890675905734
,285.0937988151938
,285.0029255926272
,284.16121757636637
,284.2632272795769
,285.89492586642336
,285.6582891388801
,284.8638993818208
,284.94152750133793
,285.34678858956374
,284.44347409609344
,285.0227797341212
,285.36477758116644
,285.11604981503245
,286.17657380184886
,284.9971318864553
,284.62687114133666
,285.599065597448
,285.5358455032952
,286.13885301924023
,284.444594819667
,284.3987068133166
