system:time_start,soil_temperature_level_1
,287.19466908772785
,286.9714635213216
,287.08785247802734
,287.058890024821
,287.1775868733724
,288.04515838623047
,288.00622304280597
,287.3316485087077
,286.8642171223958
,288.22679901123047
,288.0747248331706
,287.39049402872723
,286.73667017618817
,287.64684931437176
,287.6275889078776
,286.76651128133136
,287.1630465189616
,288.57174428304035
,288.59571202596027
,288.03296279907227
,287.946528116862
,287.64416122436523
,287.1636772155762
,287.69554392496747
,288.54136021931964
,288.54637145996094
,288.54663340250653
,287.07958857218426
,286.9961624145508
,288.1926867167155
,288.31409581502277
,289.83580652872723
,286.8897959391276
,286.52245839436847
