system:time_start,soil_temperature_level_1
,284.7877553304036
,284.5045649210612
,285.6910680135091
,284.83010991414386
,285.04778544108075
,284.96617889404297
,286.04679107666016
,285.76797103881836
,284.2018076578776
,285.2461980183919
,285.5063883463542
,284.7218818664551
,283.99018987019855
,285.01281865437824
,284.65985107421875
,283.9594434102376
,284.2998237609863
,286.16776275634766
,286.0844662984212
,285.7534828186035
,285.53338623046875
,285.350284576416
,284.86196517944336
,285.1189600626628
,286.22017033894855
,286.3165028889974
,286.1053517659505
,284.2705446879069
,284.32677459716797
,285.4050763448079
,285.5389060974121
,287.5597750345866
,284.7384948730469
,283.8269627888997
