system:time_start,soil_temperature_level_1
,280.15161387125653
,279.6578318277995
,279.6437250773112
,279.97379938761395
,279.7362289428711
,279.0550842285156
,280.12281545003253
,280.0379931131999
,279.9833017985026
,280.44578043619794
,280.36745198567706
,279.00441869099933
,279.5566520690918
,279.84902318318683
,280.1782760620117
,279.6176058451335
,279.17370223999023
,280.2741928100586
,280.65221277872723
,279.52287673950195
,280.47450002034503
,280.0374005635579
,279.89816919962567
,279.7364095052083
,280.0865821838379
,280.34850819905597
,279.92901102701825
,280.10119756062824
,279.8148142496745
,280.919734954834
,280.5097058614095
,280.49503962198895
,279.8059260050456
,279.90587361653644
