system:time_start,soil_temperature_level_1
,290.97271219889325
,289.70154825846356
,290.1066182454427
,289.925718943278
,289.7282409667969
,290.4899546305339
,289.69542694091797
,289.6364402770996
,289.65221405029297
,291.0946629842122
,290.8607889811198
,289.9910036722819
,289.4822196960449
,291.24097569783527
,289.78700256347656
,290.3794873555501
,289.3581479390462
,291.8828989664714
,291.12403233846027
,291.15356572469074
,290.88987986246747
,290.285831451416
,290.85328038533527
,290.29788970947266
,290.96214930216473
,292.26845296223956
,289.9230702718099
,291.010794321696
,290.5304896036784
,290.9456596374512
,293.09753799438477
,292.7823956807454
,291.0381774902344
,291.0246225992839
