system:time_start,soil_temperature_level_1
,284.1578140258789
,282.93610809972046
,283.3069737752279
,283.4363293723454
,283.3346321872933
,284.45251307411803
,284.69374698053593
,284.51538778234413
,283.715085953001
,283.68254166053083
,284.0116196889726
,285.0749545829006
,283.6980283828009
,283.77346763409
,284.2766043446052
,284.2829228759443
,283.896752110234
,283.38285363414303
,283.2777984255836
,283.70377303431275
,283.86159846391627
,284.2980154330138
,284.30766798957944
,284.32897783713366
,283.9598390892069
,284.0329762211552
,283.52685203754083
,283.65217919324436
,283.74716921205874
,283.4916857159327
,283.0966604929122
,283.55378644428555
,283.8190733087126
,285.2672733932576
