system:time_start,soil_temperature_level_1
,293.06268310546875
,293.6466242472331
,292.4642512003581
,293.1314506530762
,293.6331202189128
,294.2698974609375
,293.1328531901042
,292.83184178670246
,293.3859329223633
,294.80509694417316
,293.92757924397785
,293.14199193318683
,293.36987177530926
,293.4094429016113
,293.4415105183919
,292.8202705383301
,293.371774037679
,294.3905970255534
,293.72805913289386
,293.583677927653
,293.3504053751628
,293.4846026102702
,292.99013646443683
,293.3637873331706
,293.37910588582355
,294.1042785644531
,294.4767481486003
,293.5992800394694
,293.36060333251953
,292.74866104125977
,294.16906356811523
,294.21891657511395
,293.2793477376302
,292.939946492513
