system:time_start,soil_temperature_level_1
,293.7177882093065
,294.4574613638804
,293.7482069840668
,295.1339749545916
,294.0262104873117
,294.3080960537525
,293.2532579137924
,294.8341457556326
,295.155487980403
,294.4290265563532
,294.63835333425106
,293.8921952213802
,294.42520582591385
,295.1389665265456
,295.04485028855345
,295.3637652295701
,293.4724744702062
,295.1934122937791
,295.27393462810113
,295.6141313322892
,294.25730538875507
,293.97983202021175
,294.1230439260497
,293.5103631526866
,295.2062115770706
,296.4132546499266
,293.2903762709165
,295.70073497041744
,295.79725040949825
,294.5313852458981
,297.14214728064576
,296.2817898743542
,295.12760281393713
,295.2304249215634
