system:time_start,soil_temperature_level_1
,285.19725545247394
,285.35819244384766
,285.9159673055013
,285.4682502746582
,285.88509368896484
,286.09887949625653
,286.6130676269531
,285.9439557393392
,285.1424280802409
,286.2714157104492
,287.0023676554362
,285.4067675272624
,285.3130811055501
,286.0279375712077
,285.92665608723956
,285.059627532959
,285.1345151265462
,287.12826283772785
,286.95254135131836
,285.8995501200358
,286.47131601969403
,286.55920282999676
,285.3069648742676
,286.3516311645508
,286.45840072631836
,286.27955627441406
,287.26422119140625
,285.51075108846027
,285.5528081258138
,286.8001518249512
,286.6612129211426
,287.84362411499023
,285.6707941691081
,284.8136240641276
