system:time_start,soil_temperature_level_1
,291.9793243408203
,289.6448160807292
,289.8729298909505
,291.10901769002277
,290.52494049072266
,291.2487487792969
,290.73763275146484
,291.39428838094074
,291.4552739461263
,290.99199930826825
,290.66011301676434
,291.032652537028
,290.4900372823079
,290.9775759379069
,291.0442860921224
,291.8732795715332
,291.25631586710614
,289.332514444987
,290.68935775756836
,291.4231808980306
,291.1459019978841
,291.4048500061035
,291.350892384847
,290.94549560546875
,290.75263086954754
,291.1911341349284
,291.8459167480469
,291.70365778605145
,291.15946706136066
,290.64467493693036
,289.98339462280273
,291.99802271525067
,291.3353627522786
,292.54892985026044
