system:time_start,soil_temperature_level_1
,285.05182692053967
,283.05526482896516
,284.5208603757604
,283.8905950887543
,284.24443854904524
,284.0779628528453
,284.4283234425614
,284.79623505941424
,284.2299387045712
,284.520008232678
,284.52125959543616
,284.01294080438015
,282.1092501474878
,284.2300925952104
,283.51734031448575
,283.07253921605803
,283.3295250770507
,284.40461058794205
,284.49307833402185
,284.79861170242964
,284.59386308966276
,284.3846376264886
,284.75849518182605
,284.83291218867635
,284.90827085060164
,285.4152483476713
,285.5706519422262
,283.76537821923023
,282.9412844326147
,284.14422193383433
,283.8906341850703
,287.1028526645698
,283.9310689297294
,283.4070487927567
