system:time_start,soil_temperature_level_1
,277.6383819580078
,276.3975143432617
,276.74416097005206
,276.60901260375977
,276.9471486409505
,276.54136912027997
,277.6220932006836
,278.6545778910319
,277.67140197753906
,277.8116175333659
,277.8118718465169
,278.13537724812824
,276.07640711466473
,277.80785242716473
,276.68776448567706
,277.173391977946
,276.6705792744954
,276.90966033935547
,276.8089714050293
,277.46212641398114
,277.9722544352214
,277.3240216573079
,277.9598528544108
,277.4824523925781
,277.4956245422363
,277.7422790527344
,278.31021372477215
,277.0636126200358
,276.93976338704425
,277.14536158243817
,276.726754506429
,277.88730748494464
,277.8096415201823
,277.26859792073566
