system:time_start,soil_temperature_level_1
,284.9173769817672
,282.8411245647977
,284.52875870432933
,283.9329965119033
,284.2826449076334
,284.11428624868836
,284.33605455508666
,284.72650151456975
,284.28298705827365
,284.3054157661992
,284.49043933150926
,284.19885839252714
,282.1634051218157
,284.4639121682506
,283.53069931967957
,283.0580464723612
,283.37410996080104
,284.3562487810017
,284.4636930043026
,284.66690664451215
,284.52411947836424
,284.3985836803358
,284.75050016577234
,285.00278343612695
,284.9497065979231
,285.53199952052734
,285.94169476045573
,284.0132096217775
,283.08372253901024
,284.21579855380776
,283.9925090356468
,287.2553333161707
,284.20009092334476
,283.63002972451886
