system:time_start,soil_temperature_level_1
,280.70044111594177
,280.39117803329077
,280.96321634145886
,280.34780130630884
,280.36730986375073
,281.25031642424756
,281.76441055689105
,281.8540134918995
,281.16243606958636
,281.2446038661859
,281.10773233266974
,282.1157631507287
,280.3165448506673
,281.931265610915
,280.53264432075696
,280.68114295372595
,280.5699636019193
,281.6206943805401
,280.86455154418945
,280.76172412970124
,281.23610892662634
,280.45012694138745
,281.54288492447296
,281.4234338418031
,280.97808182545197
,281.95273404243665
,281.7014393928723
,280.4074039948293
,280.6387741871369
,280.8117783375276
,280.46582422501007
,281.39333548912634
,281.39016704070264
,281.25967749571186
