system:time_start,soil_temperature_level_1
,279.5526803676373
,278.75399148592385
,279.22226660396893
,278.9037742888201
,279.27481729924466
,279.70396111601144
,280.25080387566686
,280.52907016713135
,279.8209180661001
,280.0673667060005
,279.841298421224
,280.6574591769967
,278.7362202059839
,280.09359452715915
,278.98552110460076
,279.3904251454125
,279.10077075206254
,279.9512573570334
,279.1987322051893
,279.44876663317393
,279.9277924021512
,279.07458962334533
,280.06240862501136
,279.7556898328994
,279.8174564129136
,280.3248169601605
,280.4686856833838
,279.2390018176007
,279.33744770993474
,279.3700098427393
,279.1471767767356
,280.12173132400795
,280.0117492402327
,279.98426031297254
