system:time_start,soil_temperature_level_1
,287.1063571059913
,286.85362497965497
,286.9498428880123
,286.8784042492248
,286.9617638838918
,287.89984920568634
,287.9221187390779
,287.1606831466942
,286.6442946049205
,288.05063548840974
,287.9460878874126
,287.20117528815024
,286.5850957903946
,287.460885365804
,287.4374740332888
,286.596203921134
,286.99223374483876
,288.4439093606514
,288.3592998437714
,287.90706172742335
,287.8397364030805
,287.39186491046036
,287.0168496516713
,287.53124103211525
,288.43794899656064
,288.4909076356051
,288.2444371005945
,286.86256468923466
,286.84456875449735
,287.97003849765713
,288.19383085819715
,289.6960756402267
,286.7268390320895
,286.4748290212531
