system:time_start,soil_temperature_level_1
,281.7784932454427
,281.87393442789715
,282.2688903808594
,281.5768979390462
,282.24449412027997
,282.13267008463544
,282.5313669840495
,281.7154477437337
,281.26304880777997
,282.4084777832031
,283.1054382324219
,281.0592384338379
,281.93239720662433
,282.57861709594727
,282.2967987060547
,281.6573855082194
,281.2714729309082
,283.07068634033203
,282.4271761576335
,281.37204360961914
,282.18921915690106
,282.49527104695636
,281.9414914449056
,281.98011271158856
,282.6847979227702
,282.68849690755206
,282.32661692301434
,282.22504297892254
,282.0775451660156
,282.6098823547363
,282.5215136210124
,283.41260655721027
,282.2489700317383
,281.5548095703125
