system:time_start,soil_temperature_level_1
,289.6552734375
,289.56002044677734
,289.0879440307617
,289.3105939229329
,289.63487243652344
,290.17828369140625
,290.03185780843097
,289.6820182800293
,289.1043523152669
,290.6984456380208
,290.0939356486003
,289.6458803812663
,289.2471580505371
,289.8079414367676
,289.86510213216144
,289.2170295715332
,289.3825518290202
,291.30946350097656
,290.83590571085614
,290.4347445170085
,289.8855514526367
,289.3810208638509
,289.799861907959
,289.9014256795247
,290.8050371805827
,290.99988047281903
,290.15177154541016
,289.6398785909017
,289.4468256632487
,290.11040115356445
,291.284859975179
,291.9856351216634
,289.49715423583984
,288.8163553873698
