system:time_start,soil_temperature_level_1
,283.1093273740826
,283.7511959653912
,283.7225332549124
,283.8855326103441
,284.3371022542318
,284.40911402846825
,284.1844646569454
,283.6142745740486
,283.87455472079193
,284.98648394960344
,285.09510017163825
,283.5607310208407
,284.1857929807721
,284.32566660100764
,284.1229620268851
,283.23911481915104
,283.4715396996701
,285.0839545510032
,284.5522799636379
,283.94671781135327
,283.8666404955315
,284.49784631440133
,283.59412927338576
,284.16014653986144
,284.26892748746
,284.3292504512902
,284.9788279677883
,284.1565747116551
,283.8031458999171
,284.8605641451749
,284.8096337751909
,285.1906929016114
,283.5176937218868
,283.4926011056611
