system:time_start,soil_temperature_level_1
,283.3163857910764
,281.22407218591496
,282.11789726143456
,281.7940062527633
,281.94403341872186
,282.4656662253006
,283.08332906314985
,283.52794347355024
,282.4168213991383
,283.2868091526317
,282.9658270119435
,282.1030712412365
,280.6945281716722
,282.6452636149392
,281.3045485197609
,281.22869601652997
,282.247561535432
,282.4495583339711
,282.2048709546749
,282.86538961989373
,282.7867375274203
,282.14831104563245
,282.4142759142824
,282.3813033981703
,282.67172115952224
,283.4442198454444
,282.9077106494809
,281.51881725633916
,280.9991084236411
,282.275423856517
,282.0402275578893
,283.9265387615755
,281.3513648569288
,280.79563881034284
