system:time_start,soil_temperature_level_1
,282.5809046427409
,282.5660909016927
,283.3656972249349
,282.70158259073895
,283.5741424560547
,283.21834055582684
,283.7099965413411
,283.07280349731445
,282.58138783772785
,283.58660380045575
,284.49755859375
,282.4051653544108
,283.1409797668457
,283.11223729451496
,283.28538513183594
,282.78357823689777
,282.608949025472
,284.4107487996419
,283.6906394958496
,282.75695673624676
,283.39715576171875
,283.7681261698405
,283.0082867940267
,283.1081237792969
,283.74638239542645
,284.0216013590495
,283.98399607340497
,283.27846399943036
,283.02135213216144
,283.98728307088214
,283.69636154174805
,284.57556025187176
,283.5860595703125
,282.6668523152669
