system:time_start,soil_temperature_level_1
,281.350189523304
,280.3662441267949
,280.5473374784662
,280.52803052409314
,280.4153858284825
,281.4494716915745
,282.1192705390159
,281.863909903537
,280.7494351247723
,280.9760224274481
,281.3411757508467
,280.7463469487451
,280.1296433009458
,281.3900233779507
,280.60071427991767
,280.0413160288378
,280.79373907596425
,281.1992992586857
,280.7288147715593
,280.9296420093779
,281.6042025276784
,279.89941224801845
,281.093753914708
,280.2540279917056
,280.7596263528316
,281.4182275493493
,281.22109203838676
,280.04175717643136
,279.9822897893212
,281.1455059980185
,280.82183460707074
,281.62108229162095
,279.742682267664
,279.80443778734525
