system:time_start,soil_temperature_level_1
,283.19636864755665
,282.65675518559476
,282.95860215729357
,282.4443677266439
,282.5427074058383
,283.7572730569279
,284.2738852407418
,283.6686571158615
,283.08125918519266
,283.64577155019725
,283.3845766852884
,284.65551466100356
,282.7773837669223
,283.639830420999
,283.5585997338388
,283.32259944840973
,283.29878047868317
,283.65752844716997
,282.9717310737161
,282.8117033266554
,283.0854013480392
,283.3135987076105
,284.1381616779402
,284.0595272288603
,283.3168054468491
,283.7538731892904
,283.35162488152
,282.8912571177763
,283.13311139275044
,283.06695549160827
,282.3761329650879
,283.2798459670123
,283.2857754277248
,284.0477438534008
