system:time_start,soil_temperature_level_1
,287.44082260131836
,287.8054779900445
,287.31859079996747
,287.72387313842773
,287.9021114773221
,288.7305022345649
,288.16882027520074
,287.5744400024414
,287.64556715223523
,289.1320415072971
,288.47392696804474
,287.60172610812714
,288.07720014784076
,287.92863210042316
,288.02512910630963
,287.3395169576009
,287.6834470960829
,289.26399146185986
,288.56014675564234
,288.009442223443
,288.11971833970813
,288.30381520589196
,287.67090818617083
,288.2202101813422
,288.1424662272135
,288.6382013956706
,289.10696580674914
,288.26293224758575
,287.8645960489909
,288.0981602138943
,288.9422870212131
,289.1966815524631
,287.6099955240885
,287.67746522691516
