system:time_start,soil_temperature_level_1
,293.48182678222656
,293.88875579833984
,293.17700449625653
,294.4589195251465
,293.5823160807292
,293.9989954630534
,292.59107971191406
,294.28826268513996
,294.338139851888
,293.84631093343097
,294.1391881306966
,293.3026237487793
,293.77317174275714
,294.47541936238605
,293.9224802652995
,294.66918055216473
,292.5461718241374
,294.44693247477215
,294.9620933532715
,294.937193552653
,293.33955637613934
,293.284969329834
,293.7259381612142
,293.2568003336589
,294.70392990112305
,295.78245798746747
,292.7481155395508
,295.14130783081055
,294.91417439778644
,293.9412956237793
,296.3652509053548
,295.2502784729004
,294.20189412434894
,294.4153315226237
