system:time_start,soil_temperature_level_1
,280.4779853820801
,279.036013285319
,279.257178624471
,279.04726473490393
,279.8803882598877
,280.08857345581055
,279.8145351409912
,280.31109619140625
,280.9187463124593
,280.38117408752436
,279.89512634277344
,280.9066556294759
,279.78329022725427
,281.143424987793
,279.9957396189372
,280.978702545166
,279.84780311584467
,279.4613908131917
,279.9801820119222
,281.27440071105957
,281.19071070353186
,281.1069475809733
,281.34325726826984
,280.94008000691736
,280.1965866088867
,280.54408772786456
,281.41352907816565
,280.4561080932617
,280.5027713775635
,279.96646881103516
,279.77144050598145
,281.6636250813802
,280.69490877787274
,281.3240623474121
