system:time_start,soil_temperature_level_1
,281.75286865234375
,281.8362503051758
,282.2334569295247
,281.7445869445801
,282.06023661295575
,281.9253896077474
,282.3752975463867
,281.7650489807129
,281.2672348022461
,282.4092839558919
,283.03684997558594
,281.02353286743164
,281.967716217041
,282.21767298380536
,282.3152440388997
,281.74702072143555
,281.3769111633301
,283.0743179321289
,282.431578318278
,281.2673505147298
,282.21175384521484
,282.5256690979004
,281.87182490030926
,281.9507344563802
,282.8473065694173
,282.69529724121094
,282.4095815022786
,282.26865259806317
,282.09659576416016
,282.71542739868164
,282.5630989074707
,283.3658027648926
,282.14442443847656
,281.51583099365234
