system:time_start,soil_temperature_level_1
,277.4436670939128
,277.00879669189453
,277.1653467814128
,277.0187619527181
,277.3556493123372
,277.22074635823566
,277.79698944091797
,278.19333521525067
,278.0369567871094
,277.93502044677734
,277.76897684733075
,278.2298189798991
,277.0289243062337
,278.2657279968262
,276.9085998535156
,277.7983462015788
,277.3292427062988
,277.4181442260742
,277.0002632141113
,278.14355087280273
,278.1987991333008
,278.17687861124676
,278.41027450561523
,277.7963180541992
,277.79519780476886
,278.17863210042316
,278.46168009440106
,277.02050399780273
,277.15625254313153
,277.5592562357585
,277.110299428304
,278.6693636576335
,278.0075047810872
,277.6531295776367
