system:time_start,soil_temperature_level_1
,286.0885467529297
,284.52110544840497
,285.6832326253255
,285.26760991414386
,284.5328852335612
,285.5352528889974
,286.3062438964844
,286.23501714070636
,285.2860463460286
,286.03016408284503
,286.1861750284831
,285.18384170532227
,283.81986872355145
,285.5507926940918
,285.04687245686847
,284.01191329956055
,284.7041206359863
,286.23045603434247
,286.1410535176595
,286.8578987121582
,286.0156936645508
,285.8622169494629
,285.74353917439777
,286.10203043619794
,286.85348383585614
,287.0059178670247
,286.319585164388
,284.8913459777832
,284.9543685913086
,286.1099510192871
,285.8548418680827
,288.3764254252116
,285.14562733968097
,285.07263437906903
