system:time_start,soil_temperature_level_1
,291.1800537109375
,290.6796010335286
,290.1441065470378
,290.8076235453288
,290.8076807657878
,291.21453348795575
,290.74268341064453
,290.9987627665202
,290.11153920491535
,291.8458302815755
,291.2164586385091
,290.8056500752767
,290.2946612040202
,290.8641700744629
,290.69051869710285
,290.74816513061523
,290.32195409138996
,292.7009989420573
,292.1581001281738
,291.9222551981608
,291.2034149169922
,290.36076227823895
,291.22699610392254
,290.89183807373047
,291.8866106669108
,293.10829162597656
,290.77341715494794
,291.1466534932454
,291.08489990234375
,291.28109614054364
,293.1570752461751
,293.04852930704754
,291.0328089396159
,290.6112238566081
