system:time_start,soil_temperature_level_1
,280.6336415608724
,280.71669514973956
,281.33658599853516
,281.0169512430827
,280.74755859375
,281.2349116007487
,281.7612660725911
,281.80712000528973
,280.6808675130208
,280.9283447265625
,281.4677556355794
,280.37026596069336
,280.17906824747723
,281.3267631530762
,280.3545227050781
,280.0141258239746
,280.3201077779134
,282.24910227457684
,281.3788668314616
,281.3743044535319
,281.9943033854167
,280.2860221862793
,280.00176366170246
,280.8440755208333
,281.73357518513996
,281.4278081258138
,281.4951349894206
,280.7140947977702
,280.8143844604492
,282.35217412312824
,281.4849383036296
,282.3912188212077
,279.89220937093097
,280.46729787190753
