system:time_start,soil_temperature_level_1
,281.5426610310872
,281.63978576660156
,281.7313537597656
,281.3699785868327
,281.54179128011066
,281.41136678059894
,281.77640024820965
,281.2539710998535
,280.8211441040039
,281.9832000732422
,282.37117767333984
,280.63477452596027
,281.4781786600749
,281.5724296569824
,281.89760335286456
,281.24834569295246
,280.8806215922038
,282.40428161621094
,282.09593836466473
,280.5699602762858
,281.6446940104167
,281.91494115193683
,281.4676221211751
,281.5418395996094
,282.1243069966634
,281.99481709798175
,281.6232426961263
,281.7836748758952
,281.71980539957684
,282.4181989034017
,282.0843645731608
,282.9345308939616
,281.52616628011066
,281.26063028971356
