system:time_start,soil_temperature_level_1
,284.0638478597005
,283.8317515055339
,284.978276570638
,284.1559410095215
,284.5242970784505
,284.2983042399089
,285.45565032958984
,284.9181048075358
,283.5015411376953
,284.51759338378906
,284.7765477498372
,283.9516944885254
,283.1650098164876
,284.57824834187824
,283.9735743204753
,283.1694272359212
,283.37887954711914
,285.4562072753906
,285.22650782267254
,285.03642145792645
,284.9259516398112
,284.50396092732746
,284.0757687886556
,284.2932306925456
,285.5911064147949
,285.4052480061849
,285.23924509684247
,283.5547955830892
,283.70235443115234
,284.7716458638509
,284.77835210164386
,286.79043197631836
,283.9441731770833
,283.1304753621419
