system:time_start,soil_temperature_level_1
,295.4353862689595
,295.65608764960285
,294.59439925244493
,295.03391830232397
,295.8035176865855
,295.9750135149416
,295.17386230914843
,294.9676026860908
,296.1390107944362
,297.0574892084404
,296.21829878038346
,295.54463292829405
,295.47394379937424
,295.831102368669
,295.3593363624252
,295.06238696151615
,295.8285440598637
,296.2994256330239
,295.8006703562057
,295.7370985828516
,295.6401437411929
,295.6396733078505
,295.2822541234491
,295.7595080750471
,295.26567265776913
,296.4079586845522
,296.38145217369475
,295.8812990804116
,295.9958438416352
,294.8447945108231
,296.5148226463417
,296.07886337478925
,296.12630672466906
,295.55902098426424
