system:time_start,soil_temperature_level_1
,282.99137115478516
,283.6515757242839
,283.5960744222005
,283.7739117940267
,284.22820536295575
,284.3015441894531
,284.0681838989258
,283.50327428181964
,283.7647120157878
,284.86581166585285
,284.9751383463542
,283.4400291442871
,284.0613848368327
,284.2237612406413
,284.01944224039715
,283.12938563028973
,283.35809961954754
,284.9641469319661
,284.43981043497723
,283.8429094950358
,283.7428614298503
,284.37108993530273
,283.4975700378418
,284.0530598958333
,284.158390045166
,284.19254811604816
,284.8684946695964
,284.0258496602376
,283.6924235026042
,284.75500361124676
,284.6956164042155
,285.0791613260905
,283.40161387125653
,283.3943099975586
