system:time_start,soil_temperature_level_1
,293.88951997346544
,294.3379360700813
,293.3074391585226
,293.7888836047219
,294.3111312465045
,294.92113802554206
,293.94670178335264
,293.545474424804
,294.3025415478877
,295.6128579316697
,294.77016435446706
,293.9004713759082
,294.21215920189235
,294.3335230425928
,294.0739083040563
,293.74172187226884
,294.4404819134073
,295.2367958333972
,294.64964849940424
,294.2312263983173
,294.39321621214964
,294.47707605240385
,293.879898541572
,294.29558037736757
,293.93400245471446
,294.8886298083196
,294.9994783659368
,294.4344511722323
,294.31898789780723
,293.7381330808909
,295.27815902628157
,294.8162434987831
,294.2676337349806
,293.88154110837246
