system:time_start,soil_temperature_level_1
,279.477022746965
,278.7838096229703
,279.2292491060145
,278.97611093259326
,279.1305573706533
,279.71158870323035
,280.26160158643535
,280.5843418106378
,279.8124709245271
,280.1379540237726
,279.87018771900847
,280.6028593265309
,278.72433144064513
,280.25180663164923
,279.0092480289235
,279.3773259690229
,278.90617168052523
,280.06159772087545
,279.1319081295238
,279.3722998196471
,279.9007142968271
,278.9692070605708
,279.9979794640634
,279.69062854841644
,279.79395401000977
,280.3287016565659
,280.4061118750478
,279.1081044724408
,279.29589094573373
,279.3578144716749
,279.0718505051557
,280.03851045795517
,280.05805201511754
,279.9535703412224
