system:time_start,soil_temperature_level_1
,288.01867421468097
,288.3022104899089
,287.855219523112
,288.27850977579754
,288.40064493815106
,289.29785410563153
,288.71019236246747
,288.1306343078613
,288.1685053507487
,289.682612101237
,288.97095998128253
,288.13695907592773
,288.6224886576335
,288.43636957804364
,288.56224060058594
,287.86012903849286
,288.22358830769855
,289.8095957438151
,289.09766515096027
,288.5615374247233
,288.6830240885417
,288.8219871520996
,288.1864840189616
,288.7599512736003
,288.66394170125324
,289.2384440104167
,289.6784210205078
,288.8078269958496
,288.38934326171875
,288.6421546936035
,289.50812911987305
,289.7522621154785
,288.1303482055664
,288.2385787963867
