system:time_start,soil_temperature_level_1
,277.2232693990071
,276.6072926839193
,276.66681378682455
,276.80137214660647
,276.8458824157715
,277.0809416453044
,277.2156618754069
,277.28789062500005
,277.1900580088298
,277.2033654530843
,277.3521254221599
,277.43380292256677
,276.94255180358886
,277.65996170043945
,276.5409439086914
,277.31017100016277
,277.36015625
,277.19914321899415
,276.901229095459
,277.7529017130534
,277.5929359436035
,277.99352722167964
,277.85642852783207
,277.1214871724447
,277.5194591522217
,277.717372639974
,278.0652366638184
,277.13218332926436
,277.0110327402751
,277.3922049204508
,277.33092460632326
,278.6103115081787
,277.38232917785643
,277.32720642089845
