system:time_start,soil_temperature_level_1
,278.07024524830007
,277.42348508481626
,277.7730859827112
,277.7758561593515
,277.8213913529008
,278.250737508138
,278.65604344120726
,279.16699204621494
,278.20924066614225
,278.52649377893516
,278.3030169451678
,278.671085357666
,277.4147716098361
,279.0402988857693
,277.6835711443866
,277.9233354639124
,277.6122347513835
,278.6783009281865
,277.62794339215316
,277.82181619714805
,278.18359827112266
,277.27207452279555
,278.50636446917497
,278.0321711787471
,278.171285699915
,278.9724392361111
,279.12410481770837
,277.79942335905855
,277.7907070583767
,277.7995677524143
,277.7430229187012
,278.5747167799208
,278.61997166386357
,278.42458089192706
