system:time_start,soil_temperature_level_1
,283.23883101906716
,281.2477493203831
,282.0538379294715
,281.7497139635467
,281.88481092401565
,282.44219376482755
,283.0511854186156
,283.49153582872316
,282.40825631677654
,283.2026304391081
,282.958597473342
,282.0518914009761
,280.69692278371275
,282.6130007030894
,281.2646767082338
,281.18688972662443
,282.20836336121465
,282.4049074816987
,282.13952563881486
,282.7688079513007
,282.73506654247626
,282.04987538079484
,282.2972154956806
,282.3018157037202
,282.5997268322859
,283.394390801653
,282.76617548509455
,281.4562644464684
,280.9682382709129
,282.2230990635153
,281.96082158176137
,283.78780383508183
,281.271140138694
,280.73688646993463
