system:time_start,soil_temperature_level_1
,289.81215413411456
,290.0968424479167
,289.4125620524089
,289.79657618204754
,289.681884765625
,290.73561604817706
,290.5506108601888
,289.87922795613605
,289.2887140909831
,291.5195821126302
,290.81800842285156
,289.61504491170246
,289.7622896830241
,290.0223274230957
,290.21219635009766
,289.5909767150879
,289.56603876749676
,291.27869669596356
,291.3063316345215
,290.81926345825195
,289.86893463134766
,290.2472546895345
,289.59928766886395
,290.00451914469403
,290.4515012105306
,291.0731786092122
,291.5313491821289
,289.9404716491699
,289.8202489217122
,290.35454686482746
,290.7677370707194
,291.55178960164386
,289.74217224121094
,289.25557200113934
