system:time_start,soil_temperature_level_1
,285.3749059041341
,283.7052001953125
,283.8755823771159
,283.15435155232746
,283.9728469848633
,284.8937403361003
,285.466069539388
,285.7906634012858
,285.0460840861003
,285.1666514078776
,284.5515594482422
,286.07135645548504
,283.4267692565918
,285.87060674031574
,284.43102773030597
,284.81035232543945
,284.36734135945636
,284.24378204345703
,284.7274564107259
,285.33440526326496
,285.9260660807292
,284.9735476175944
,286.19225184122723
,285.43434143066406
,284.6854108174642
,285.19859313964844
,285.92454783121747
,284.9470329284668
,284.3524805704753
,284.4387957255046
,283.84572728474933
,286.3821398417155
,285.43804931640625
,285.6088231404622
