system:time_start,soil_temperature_level_1
,282.0615562156394
,282.6519932217068
,282.4665138809769
,282.62643291332097
,283.47452248467334
,283.14802791454173
,283.00717586941187
,282.36563209251125
,282.54875013563367
,283.67676304004806
,283.8162840384024
,282.40077788741496
,282.9337518480089
,283.1668585318106
,283.1564561349374
,282.07914776272236
,282.1309379295066
,283.7321465103714
,283.3205160918059
,282.6569459703233
,282.6340543958876
,283.23765507450804
,282.62551131071865
,283.01503569991496
,283.1646961636013
,283.01242870754663
,283.62843308625395
,282.722056918674
,282.5499930205168
,283.65340889824756
,283.5550045437283
,284.1055235686125
,282.4341935051812
,282.24469432124386
