system:time_start,evaporation_from_vegetation_transpiration
,-7.040816932453262E-5
,-6.366798028513846E-5
,-7.06030091975003E-5
,-7.004472652719937E-5
,-6.738092045399004E-5
,-7.013805276264202E-5
,-7.377784711137959E-5
,-8.30183465581987E-5
,-7.377295014224003E-5
,-7.551001246516012E-5
,-7.69983035199545E-5
,-6.958192326457566E-5
,-6.371621989600933E-5
,-7.319520514131619E-5
,-6.928719715515816E-5
,-7.345383572434014E-5
,-7.103669638418307E-5
,-6.923536197289983E-5
,-7.289977611732681E-5
,-8.163318204953339E-5
,-7.068766092214265E-5
,-7.712806848823579E-5
,-7.258606368184678E-5
,-7.233741246702171E-5
,-7.721151166680738E-5
,-8.458538089149928E-5
,-7.52453567115689E-5
,-7.15244801968391E-5
,-7.148562189898441E-5
,-7.491770935493287E-5
,-8.21689874796635E-5
,-9.193122842987493E-5
,-7.747752438649365E-5
,-7.809388776889202E-5
