system:time_start,evaporation_from_vegetation_transpiration
,-4.742346876203859E-5
,-4.108426037419122E-5
,-4.773699583893176E-5
,-4.430379703990184E-5
,-4.774610836951373E-5
,-4.529446111215899E-5
,-4.671922700557237E-5
,-4.7027030329142384E-5
,-4.660154324180136E-5
,-4.675164685371177E-5
,-4.6188665389005713E-5
,-4.465628383816996E-5
,-4.981660155560045E-5
,-4.332569066415696E-5
,-4.87669961633704E-5
,-4.5844816971415035E-5
,-4.6520553951268084E-5
,-4.647770037990995E-5
,-4.9394433517591096E-5
,-5.085162107813327E-5
,-4.5927439108102895E-5
,-4.617047125066165E-5
,-4.4674134793846555E-5
,-4.660654303734191E-5
,-4.775591575404784E-5
,-5.038343745885262E-5
,-5.293136443166683E-5
,-5.137146339014483E-5
,-4.744059879158158E-5
,-5.059371930353033E-5
,-4.868238283961546E-5
,-4.847812184986348E-5
,-4.564553213034136E-5
,-4.6424727770499885E-5
