system:time_start,evaporation_from_vegetation_transpiration
,-2.3988062003229126E-4
,-2.20037261886974E-4
,-2.464036061701537E-4
,-2.1273374237482115E-4
,-2.48202389021358E-4
,-2.3408859321730105E-4
,-2.365192057100726E-4
,-2.4655996260229885E-4
,-2.2325424651053279E-4
,-2.2149199751729122E-4
,-2.4144690355416747E-4
,-2.2363554768395572E-4
,-2.442670116449459E-4
,-2.3840733825424706E-4
,-2.537750082763249E-4
,-2.1862457821454964E-4
,-2.445092243387147E-4
,-2.3027738187581635E-4
,-2.4712089099932383E-4
,-2.3341632113168232E-4
,-2.3751762598671022E-4
,-2.509263728768126E-4
,-2.1616205445246025E-4
,-2.3631291368689984E-4
,-2.3807626286824718E-4
,-2.4577453042160804E-4
,-2.617278850601458E-4
,-2.42374783337403E-4
,-2.3326194321650104E-4
,-2.70807242802322E-4
,-2.2987669507548044E-4
,-2.4994013017576793E-4
,-2.423931045579577E-4
,-2.4450307846459227E-4
