system:time_start,evaporation_from_vegetation_transpiration
,-1.1225694227808466E-5
,-9.877695144192936E-6
,-1.19282522064168E-5
,-9.313166932164071E-6
,-1.2049156794091687E-5
,-1.0350429874961264E-5
,-1.059809377087125E-5
,-1.2832462743972428E-5
,-1.0318322286669476E-5
,-1.0344139809603803E-5
,-1.2962325854459777E-5
,-1.0297443926295577E-5
,-1.1396110494388267E-5
,-1.014668365921049E-5
,-1.1516691301949322E-5
,-1.009273667780993E-5
,-1.1457800307349922E-5
,-1.1555234474750856E-5
,-1.2623930767100925E-5
,-1.0687876662511068E-5
,-1.1414628412846165E-5
,-1.3165099517209455E-5
,-9.578329506136166E-6
,-1.0337950394993337E-5
,-1.1266882817532556E-5
,-1.1359225027263165E-5
,-1.2300997696002014E-5
,-1.2448345538966047E-5
,-1.0436150356933164E-5
,-1.1606354140288508E-5
,-1.0089312127092853E-5
,-1.3225165578963546E-5
,-1.2693020835286006E-5
,-1.0576777034051096E-5
