system:time_start,evaporation_from_vegetation_transpiration
,-2.7645425385950756E-7
,-2.8663695654055726E-7
,-2.447686711093411E-7
,-2.786722082722311E-7
,-2.9816267973122496E-7
,-2.7216689583535E-7
,-2.977855425948898E-7
,-2.850993041647598E-7
,-2.8101567295379937E-7
,-2.9360429228593904E-7
,-2.702739341960599E-7
,-2.8300140305267024E-7
,-2.69881032484894E-7
,-3.019443587011968E-7
,-2.693771724201118E-7
,-2.8959948394913226E-7
,-2.7531799181209254E-7
,-2.685877310189729E-7
,-2.768598884964983E-7
,-2.819445702092101E-7
,-2.851223446972047E-7
,-3.054792614420876E-7
,-2.8829344955738634E-7
,-2.9315682089266676E-7
,-2.7297937776893377E-7
,-2.951261800869058E-7
,-2.988975514502575E-7
,-2.8907137069230277E-7
,-2.8552494768518955E-7
,-2.650461586502691E-7
,-2.7272047494382906E-7
,-2.790930011542514E-7
,-3.0751592324425775E-7
,-2.977042944015314E-7
