system:time_start,evaporation_from_vegetation_transpiration
,-4.410313643650928E-5
,-3.717559654129824E-5
,-4.2692782396140196E-5
,-3.991864953907983E-5
,-4.312737473810557E-5
,-4.255508671728118E-5
,-4.329684998083394E-5
,-4.330079961315884E-5
,-4.089343080219502E-5
,-4.215297182478631E-5
,-3.9657527546902806E-5
,-3.923916240940647E-5
,-4.414618221441439E-5
,-3.8699588306675046E-5
,-4.3160864152014256E-5
,-4.153936000269217E-5
,-4.100383072606443E-5
,-4.305571686321249E-5
,-4.3449210352264345E-5
,-4.494694136762215E-5
,-4.139973498240579E-5
,-4.076880941283889E-5
,-3.911613627375724E-5
,-4.295028641839357E-5
,-4.095330344474254E-5
,-4.588534284266643E-5
,-4.694174094765913E-5
,-4.587410209448232E-5
,-4.062519656145014E-5
,-4.630243104960149E-5
,-4.6570981794502586E-5
,-4.545900386195475E-5
,-3.963822443135238E-5
,-4.249781765489994E-5
