system:time_start,evaporation_from_vegetation_transpiration
,-1.7387656043865718E-5
,-1.7307673260802403E-5
,-1.8664240390838433E-5
,-1.658247856539674E-5
,-1.8134835651532438E-5
,-1.8578555682324804E-5
,-2.0167763068457134E-5
,-2.0600024072336964E-5
,-1.7462682687134173E-5
,-1.719741097379786E-5
,-1.959382704323313E-5
,-1.715481509260523E-5
,-1.8320877037088696E-5
,-1.8588290913612582E-5
,-1.749717557686381E-5
,-1.7456075511290692E-5
,-1.7782706587847013E-5
,-1.837624464921343E-5
,-1.965421688510105E-5
,-1.81210167890337E-5
,-1.790941981501722E-5
,-1.8971446479554288E-5
,-1.720529932451124E-5
,-1.7124542864621617E-5
,-1.8431018058133002E-5
,-1.8442937895694438E-5
,-2.032813123757175E-5
,-2.008010596910026E-5
,-1.8505471113409538E-5
,-1.964614360379831E-5
,-1.710699507384561E-5
,-2.083708568534348E-5
,-1.851677795154198E-5
,-1.8030029120078932E-5
