system:time_start,evaporation_from_vegetation_transpiration
,-1.057387635228224E-6
,-1.0040615355440725E-6
,-9.53810740611516E-7
,-9.912479678556945E-7
,-9.741870599100366E-7
,-9.761970432009548E-7
,-9.818589508843918E-7
,-9.95255807841507E-7
,-1.0840279477027555E-6
,-1.0641469998518005E-6
,-9.655929413080837E-7
,-9.876760789969314E-7
,-1.0439259009823825E-6
,-1.0637547044704358E-6
,-1.0427126350502174E-6
,-1.1396659829188138E-6
,-1.0064541129395366E-6
,-1.0272106010233983E-6
,-1.0954645404126495E-6
,-1.1114904433876898E-6
,-1.0729296870219211E-6
,-1.0793731538190816E-6
,-1.0996197185401495E-6
,-1.040856053198998E-6
,-1.0881273434885468E-6
,-1.0810545063577592E-6
,-1.0960102372337133E-6
,-1.005892045213841E-6
,-1.1178884354497616E-6
,-1.0535422916291282E-6
,-1.1284106828194733E-6
,-1.159577853589629E-6
,-1.005589486643051E-6
,-1.086332000947247E-6
