system:time_start,evaporation_from_vegetation_transpiration
,-2.951582180023913E-5
,-2.8578484323754147E-5
,-3.254045118823838E-5
,-2.958952725087081E-5
,-3.267992889794352E-5
,-3.0039845500361867E-5
,-3.267108502658437E-5
,-3.549191746005266E-5
,-3.0518346427539434E-5
,-3.1257827217676535E-5
,-3.328894945298089E-5
,-2.8728892836873207E-5
,-2.9876279851040717E-5
,-3.095920400290087E-5
,-3.079663229348653E-5
,-3.0525389030861504E-5
,-3.133494148201091E-5
,-3.3268898539862484E-5
,-3.459998556949855E-5
,-3.0566015635541234E-5
,-3.0634124882591564E-5
,-3.526091071156164E-5
,-2.9257644917269122E-5
,-3.060803186544394E-5
,-3.2715342719959814E-5
,-3.213801596068537E-5
,-3.4393843827384636E-5
,-3.334132339439362E-5
,-3.0840806864558324E-5
,-3.265027526415934E-5
,-3.0051916121120677E-5
,-3.971669489008932E-5
,-3.276431101712109E-5
,-3.002071948823427E-5
