system:time_start,evaporation_from_vegetation_transpiration
,-4.5179141823419066E-5
,-4.5342362849187885E-5
,-4.532487012542068E-5
,-4.538271441084048E-5
,-4.7130359527816275E-5
,-4.368671652083093E-5
,-4.5091412802447463E-5
,-4.808624194747915E-5
,-4.624905999294702E-5
,-4.5520771019435876E-5
,-4.320136598807983E-5
,-4.341241992222606E-5
,-4.7062033142234824E-5
,-4.343419752419666E-5
,-4.616231901023087E-5
,-4.806804670547859E-5
,-4.439763066425139E-5
,-5.0859305409087596E-5
,-4.959761942329133E-5
,-5.11673606184075E-5
,-4.565832895923961E-5
,-4.378179408186281E-5
,-4.648191598663674E-5
,-4.3896161160307106E-5
,-4.91258745088917E-5
,-5.481113530481792E-5
,-4.366690699045533E-5
,-5.058435281613939E-5
,-4.767462985923868E-5
,-4.826324377322311E-5
,-5.660624467483931E-5
,-5.228066411734191E-5
,-4.836964575595167E-5
,-4.926341147922208E-5
