system:time_start,evaporation_from_vegetation_transpiration
,-1.6582346991829883E-5
,-1.4901801478117704E-5
,-1.5704998683456022E-5
,-1.539150980534032E-5
,-1.585454568460894E-5
,-1.693314698059112E-5
,-1.7191030565300025E-5
,-1.8021155483438633E-5
,-1.695317526658376E-5
,-1.694564889476169E-5
,-1.623507584251153E-5
,-1.7519101675134152E-5
,-1.5400578073846798E-5
,-1.7346661479678005E-5
,-1.6641747909792077E-5
,-1.747564965626225E-5
,-1.6376048127616134E-5
,-1.6717185644665733E-5
,-1.7641488132843126E-5
,-1.797464028641116E-5
,-1.7166633066760067E-5
,-1.682688828926378E-5
,-1.883400606554157E-5
,-1.6848968395303626E-5
,-1.7078656431597967E-5
,-1.7985087348885525E-5
,-1.898568310328604E-5
,-1.6780397345428355E-5
,-1.6308210130470496E-5
,-1.6207972900398698E-5
,-1.7199614376295358E-5
,-1.8736648902025383E-5
,-1.7352098439005204E-5
,-1.7504225373462152E-5
