system:time_start,evaporation_from_vegetation_transpiration
,-3.281069410428254E-5
,-3.270909755237533E-5
,-3.421417564485105E-5
,-3.369654480648123E-5
,-3.308727378889224E-5
,-3.266446842868301E-5
,-3.133703843748344E-5
,-3.468444277236589E-5
,-3.3965658811887955E-5
,-3.1647945762102365E-5
,-3.1219283912042687E-5
,-3.0745630283490755E-5
,-3.4982960890578434E-5
,-3.245491273849095E-5
,-3.315279557637786E-5
,-3.52161102748509E-5
,-3.114834477651999E-5
,-3.597178115366953E-5
,-3.658874881241656E-5
,-3.762721815272145E-5
,-3.2409146994917236E-5
,-3.177566208737989E-5
,-3.398864456591428E-5
,-3.174536809116243E-5
,-3.4071552681531806E-5
,-3.902995160159329E-5
,-3.1888558449957756E-5
,-3.9323741112723744E-5
,-3.5877675766696584E-5
,-3.511648280382261E-5
,-4.192269350158094E-5
,-3.8109211867568313E-5
,-3.6008953365091426E-5
,-3.698855112329039E-5
