system:time_start,evaporation_from_vegetation_transpiration
,-1.2338192582798286E-5
,-9.43817538331802E-6
,-1.1073946153740971E-5
,-1.1738608583599624E-5
,-1.0966118280888176E-5
,-1.0462638416803408E-5
,-1.1889515071903078E-5
,-1.3389166238004944E-5
,-1.1232600037035074E-5
,-1.2219421510133286E-5
,-1.1410150794912817E-5
,-1.1513575022068004E-5
,-1.0004512149495432E-5
,-1.1291137924305522E-5
,-1.1411765195876605E-5
,-1.0782706675328021E-5
,-1.0949014291614538E-5
,-1.1200603790042039E-5
,-1.1546907683767035E-5
,-1.2738418023984291E-5
,-1.2134266606217512E-5
,-1.2552966310115727E-5
,-1.235659475608835E-5
,-1.2462733138818294E-5
,-1.3074541640347444E-5
,-1.357610196001795E-5
,-1.3101340428284744E-5
,-1.1927972911763119E-5
,-1.070180827044073E-5
,-1.0840935111015202E-5
,-1.152962996504931E-5
,-1.4586361590262277E-5
,-1.1759777822717617E-5
,-1.1212197007313207E-5
