system:time_start,evaporation_from_vegetation_transpiration
,-1.6645296414229852E-5
,-1.3499523144370565E-5
,-1.371448422616767E-5
,-1.3806405814960528E-5
,-1.4686838541132401E-5
,-1.4822704461446628E-5
,-1.496137644893163E-5
,-1.666706072198996E-5
,-1.5785063827825612E-5
,-1.5093893980791571E-5
,-1.4015328883603492E-5
,-1.5622269896071045E-5
,-1.4497753316626316E-5
,-1.5916288049169933E-5
,-1.5176304616975197E-5
,-1.5889408363119714E-5
,-1.4365731273860026E-5
,-1.4571031847730077E-5
,-1.6251042904346756E-5
,-1.6471792698203033E-5
,-1.652132730904401E-5
,-1.539735870694438E-5
,-1.619967379291896E-5
,-1.539467073833936E-5
,-1.590973483667876E-5
,-1.659469682581674E-5
,-1.6723690477468593E-5
,-1.4648639392620297E-5
,-1.4759124066916397E-5
,-1.5622846588109556E-5
,-1.5587614962439612E-5
,-1.7869108693111824E-5
,-1.5040383312506E-5
,-1.5191491585747863E-5
