system:time_start,evaporation_from_vegetation_transpiration
,-2.4834569334926104E-5
,-2.0819216379894842E-5
,-2.258037947682308E-5
,-2.4355834479074792E-5
,-2.33723571223381E-5
,-2.386384128396856E-5
,-2.5335698779874137E-5
,-2.686066094744035E-5
,-2.2209434641952197E-5
,-2.4218873650818845E-5
,-2.368419766121534E-5
,-2.3397608481049865E-5
,-2.046489886683045E-5
,-2.4793686115212477E-5
,-2.200463767777194E-5
,-2.352962518751059E-5
,-2.2860377830933744E-5
,-2.449142407287768E-5
,-2.52663466203535E-5
,-2.558893049073542E-5
,-2.5929479554154994E-5
,-2.223748195027179E-5
,-2.6747573054965917E-5
,-2.3122567093273192E-5
,-2.40493691986802E-5
,-2.5264331324889546E-5
,-2.6755213799894517E-5
,-2.3148509336136025E-5
,-2.3407939037705414E-5
,-2.0793761547761435E-5
,-2.4269438663350453E-5
,-2.471313222377464E-5
,-2.323184116224849E-5
,-2.2053552118806126E-5
