system:time_start,evaporation_from_vegetation_transpiration
,-4.3038388377485636E-4
,-3.837101521734886E-4
,-4.0557300733028536E-4
,-3.989578975460247E-4
,-4.245749267425735E-4
,-4.0940937626658994E-4
,-4.1521440923709865E-4
,-4.154915126151228E-4
,-4.2591286855189764E-4
,-4.307874160496087E-4
,-4.169368171455605E-4
,-4.061109217108752E-4
,-4.26742837163181E-4
,-3.877683801591289E-4
,-4.1462722434237165E-4
,-4.166177124210628E-4
,-4.228129165504263E-4
,-4.318950537810864E-4
,-4.281988014115272E-4
,-4.452418525150381E-4
,-4.131401791369316E-4
,-4.0435874483189875E-4
,-3.8921625342748305E-4
,-4.292519640028626E-4
,-4.1247186208137414E-4
,-4.5433642403903897E-4
,-4.407721647837486E-4
,-4.356079887477134E-4
,-4.2432381678847545E-4
,-4.541447849834175E-4
,-4.463154415028299E-4
,-4.29213027704714E-4
,-4.1656355222170863E-4
,-4.0801188000689706E-4
