system:time_start,evaporation_from_vegetation_transpiration
,-5.239494688188036E-6
,-4.90585807710886E-6
,-5.372690187262681E-6
,-4.647404542386842E-6
,-5.542285483291683E-6
,-5.015308488509618E-6
,-5.430147211882286E-6
,-5.662512194248848E-6
,-4.983579856343567E-6
,-4.96772493837246E-6
,-5.517714574428585E-6
,-5.070576056217154E-6
,-5.65244348157042E-6
,-5.0521502998890355E-6
,-5.456960934679955E-6
,-5.136375572571221E-6
,-5.358405663476636E-6
,-5.157797204446979E-6
,-5.704783082668048E-6
,-5.209653560693066E-6
,-5.034423035491879E-6
,-5.645152972041008E-6
,-4.8684329764607055E-6
,-4.817585553003785E-6
,-5.540907901983398E-6
,-5.37909666794197E-6
,-5.793296319704193E-6
,-5.738459246155496E-6
,-5.0591479521244764E-6
,-5.7437033926059184E-6
,-5.093504417648849E-6
,-5.535347857706559E-6
,-5.557839055351603E-6
,-5.4834648229492205E-6
