system:time_start,evaporation_from_vegetation_transpiration
,-1.165213992256516E-5
,-1.0168934750254266E-5
,-1.1652710478908071E-5
,-1.0283139393626092E-5
,-1.1782944663233744E-5
,-1.0744338699926933E-5
,-1.1594751413213089E-5
,-1.1749200590808565E-5
,-1.1418537421074385E-5
,-1.1157414822567565E-5
,-1.2229672089839974E-5
,-1.0792464308906347E-5
,-1.2715348323884731E-5
,-1.1169685118754083E-5
,-1.1712699536777412E-5
,-1.0785205934856398E-5
,-1.1722873144511444E-5
,-1.2019820132991299E-5
,-1.254161300797326E-5
,-1.1560935793871371E-5
,-1.1119898772449233E-5
,-1.2586665737520283E-5
,-1.0515726292699886E-5
,-1.0830594571113275E-5
,-1.1239679224672727E-5
,-1.2182134014437906E-5
,-1.2361684033142714E-5
,-1.3096213175837571E-5
,-1.1273067987834414E-5
,-1.2319212449559322E-5
,-1.1239687713289944E-5
,-1.2312508260947652E-5
,-1.2110391859702455E-5
,-1.1224678625391485E-5
