system:time_start,evaporation_from_vegetation_transpiration
,-2.8034982817040814E-5
,-2.679614172062479E-5
,-2.936694013411385E-5
,-2.576221252756342E-5
,-2.9252371977465103E-5
,-2.633980595889631E-5
,-2.7497400284972877E-5
,-2.8397277012217133E-5
,-2.5404989848081277E-5
,-2.7777550836667093E-5
,-3.2043527754052975E-5
,-2.651581407113232E-5
,-2.8044146031844523E-5
,-2.7204138234924513E-5
,-3.0086316129899124E-5
,-2.7080051393345547E-5
,-3.189619396804106E-5
,-2.9693292298961624E-5
,-3.116688522594176E-5
,-2.665149411174697E-5
,-2.8475702789847318E-5
,-3.0699459296179186E-5
,-2.413127878666966E-5
,-2.6842721015374096E-5
,-2.8298733842861684E-5
,-3.032712487345102E-5
,-3.2698376412399674E-5
,-3.0540254884312355E-5
,-2.780852529355309E-5
,-2.9587302446843686E-5
,-2.671307302822539E-5
,-3.365484837163081E-5
,-2.8490999859653185E-5
,-2.845091954181303E-5
