system:time_start,evaporation_from_vegetation_transpiration
,-1.3865536397195512E-5
,-1.2399551108956272E-5
,-1.4091615754793638E-5
,-1.210471306223942E-5
,-1.4554082940440902E-5
,-1.3878901126572373E-5
,-1.4066482904024906E-5
,-1.4198007442806767E-5
,-1.263704331625085E-5
,-1.3138439761114407E-5
,-1.4065455988382544E-5
,-1.2979546187675046E-5
,-1.4317433926673748E-5
,-1.3572652058886613E-5
,-1.4669396048946556E-5
,-1.2429652773693248E-5
,-1.385473657567183E-5
,-1.3927319349113492E-5
,-1.431245847693899E-5
,-1.3281078800120284E-5
,-1.3283170540192805E-5
,-1.4700171294586252E-5
,-1.1604051679988828E-5
,-1.301114471115873E-5
,-1.3284655726722385E-5
,-1.3863167306364586E-5
,-1.4818583815890105E-5
,-1.40826174455504E-5
,-1.3399585266413112E-5
,-1.5322353332699098E-5
,-1.347570959235971E-5
,-1.4313813185156507E-5
,-1.3213614676447955E-5
,-1.361057482204336E-5
