system:time_start,evaporation_from_vegetation_transpiration
,-4.6991225644887884E-5
,-3.9060092603904195E-5
,-4.395870898103264E-5
,-4.053635408733195E-5
,-4.497656542904831E-5
,-4.4225225792615674E-5
,-4.312253228514843E-5
,-4.5749420072146066E-5
,-4.1462199988018256E-5
,-4.3586815687982984E-5
,-4.083861980082777E-5
,-4.068765216895069E-5
,-4.509945514049226E-5
,-4.299344618630129E-5
,-4.299541372650614E-5
,-4.280458809565364E-5
,-4.353645484419152E-5
,-4.453229000015804E-5
,-4.426409517085024E-5
,-4.678604727814673E-5
,-4.464742081230118E-5
,-4.5179869024044215E-5
,-3.94791553238368E-5
,-4.263849981119468E-5
,-4.3639948974790364E-5
,-4.5819216211384635E-5
,-5.0342730901320465E-5
,-4.878224050723171E-5
,-4.4436716052587144E-5
,-4.853378716992059E-5
,-4.7659514469463225E-5
,-4.6930176722526085E-5
,-4.204578029505986E-5
,-4.4683842740293286E-5
