system:time_start,evaporation_from_vegetation_transpiration
,-1.3934208739859363E-4
,-1.3475380546879023E-4
,-1.205146181746386E-4
,-1.41317294643765E-4
,-1.4002434788077758E-4
,-1.3712188410863746E-4
,-1.4177190981475482E-4
,-1.4233094346612538E-4
,-1.3435602704703342E-4
,-1.4149352258148914E-4
,-1.3536984988604672E-4
,-1.3808230141876265E-4
,-1.3201809755022018E-4
,-1.3871666609096187E-4
,-1.3002543103842376E-4
,-1.4129622589583354E-4
,-1.4481180793760964E-4
,-1.2185420382593293E-4
,-1.3748759010923095E-4
,-1.3536986686328115E-4
,-1.4246029362160093E-4
,-1.4276584382362975E-4
,-1.3758827117271721E-4
,-1.4427977779026455E-4
,-1.3349553713245163E-4
,-1.3641071988483114E-4
,-1.4326919214605974E-4
,-1.4617111870999602E-4
,-1.3954744645161554E-4
,-1.2987954081230177E-4
,-1.3194687380746473E-4
,-1.3815323776119234E-4
,-1.4856796345460074E-4
,-1.4208285635201415E-4
