system:time_start,evaporation_from_vegetation_transpiration
,-9.813385828844428E-4
,-9.888984338128164E-4
,-0.0011578589225488638
,-0.0010195907768017303
,-0.001128538126674054
,-0.0010093086766573833
,-0.0011057279407395981
,-0.0012059468960311885
,-0.0010934414276562165
,-0.0010419825387846988
,-0.0011013476196239935
,-0.0010123471583938226
,-0.001015183928150994
,-9.196198225254193E-4
,-0.0012141333536419552
,-9.526712553148778E-4
,-9.695262791259059E-4
,-0.0013211563424799049
,-0.001132926915185332
,-0.0011877919011264264
,-9.991726280228856E-4
,-0.0012560640376856707
,-0.0010744457740656799
,-0.001144199115515221
,-0.0011525003968320864
,-0.0011881744279283641
,-0.0012906304824961505
,-0.001118585973623946
,-9.77631791708215E-4
,-0.0012407046397129307
,-0.0010722658353188308
,-0.0013427932408376364
,-0.0011188917317970966
,-9.187650915312892E-4
