system:time_start,evaporation_from_vegetation_transpiration
,-1.3370827933908718E-5
,-1.4251333417104253E-5
,-1.4128889676775985E-5
,-1.4381321851297431E-5
,-1.3774718354397917E-5
,-1.3600135086259492E-5
,-1.352090265187206E-5
,-1.4751861746269717E-5
,-1.5569945918465764E-5
,-1.3666010658136313E-5
,-1.3513599813636689E-5
,-1.3406795876348913E-5
,-1.4916341305617341E-5
,-1.402112395272781E-5
,-1.4671522557885191E-5
,-1.5651613015755633E-5
,-1.3240474559136359E-5
,-1.4571223544361343E-5
,-1.5099940767860471E-5
,-1.5225559546419172E-5
,-1.34554138795411E-5
,-1.3737816873947297E-5
,-1.3817915302759999E-5
,-1.324038216380281E-5
,-1.488742671224625E-5
,-1.6027785644619762E-5
,-1.2572186908353336E-5
,-1.636292834783124E-5
,-1.5827678301623866E-5
,-1.477428969127896E-5
,-1.7886446041038107E-5
,-1.5409399029755525E-5
,-1.5407429794936627E-5
,-1.5128425745473593E-5
