system:time_start,evaporation_from_vegetation_transpiration
,-2.0410424743507367E-5
,-1.847394923970569E-5
,-1.9744774666226778E-5
,-2.04562511498807E-5
,-2.0598537957994267E-5
,-2.0106250910127226E-5
,-2.2732729121344164E-5
,-2.123013412832127E-5
,-2.0100453790898126E-5
,-2.1249945954574894E-5
,-1.9844557755277492E-5
,-2.322327964066062E-5
,-1.8560416719992645E-5
,-2.2296227446834866E-5
,-2.0225469900954824E-5
,-2.0997621807813022E-5
,-2.0134530738384154E-5
,-2.2283749785856344E-5
,-1.961570706043858E-5
,-2.1466053415982362E-5
,-2.1022337023168802E-5
,-2.117154872394167E-5
,-2.387575659668073E-5
,-2.1737532733823173E-5
,-2.2061737884844963E-5
,-2.251805684257609E-5
,-2.120117036004861E-5
,-1.984013943001628E-5
,-2.1076125146161456E-5
,-2.0328082731187653E-5
,-1.9208076385742363E-5
,-2.0677814973169006E-5
,-2.0888172002742067E-5
,-2.119509554177057E-5
