system:time_start,evaporation_from_vegetation_transpiration
,-3.778159423743578E-5
,-3.8802796400097676E-5
,-3.781641328517849E-5
,-3.690901818671941E-5
,-3.859954288649858E-5
,-3.6067303414902814E-5
,-4.281250056749479E-5
,-3.860934633305984E-5
,-3.771144227975956E-5
,-3.8686336667978694E-5
,-3.623694710541157E-5
,-4.118114050996041E-5
,-3.7562371140252934E-5
,-3.752318125027063E-5
,-3.879464138161553E-5
,-3.859922208600503E-5
,-3.9392078459883317E-5
,-3.824937491029217E-5
,-3.742057956011475E-5
,-3.851018022853185E-5
,-3.91300723215285E-5
,-4.041884005914554E-5
,-4.278917746396934E-5
,-3.9029704400538605E-5
,-3.758748545752804E-5
,-4.449250197707536E-5
,-3.7906189353329294E-5
,-3.7767376691903736E-5
,-3.92005988018683E-5
,-3.860185238143294E-5
,-3.704175245493273E-5
,-3.8410308756998646E-5
,-3.698508516935646E-5
,-4.15141846156705E-5
