system:time_start,evaporation_from_vegetation_transpiration
,-1.4554134395439178E-6
,-1.2969661232394476E-6
,-1.452821379643865E-6
,-1.2549110882294674E-6
,-1.4990570586329948E-6
,-1.386757503496483E-6
,-1.4600197270434971E-6
,-1.4822738497362782E-6
,-1.403425509730975E-6
,-1.371039009730642E-6
,-1.5138812159420922E-6
,-1.3521099996675427E-6
,-1.522074550545464E-6
,-1.4012627313301589E-6
,-1.4581807287565123E-6
,-1.3267581380205229E-6
,-1.4714775412964325E-6
,-1.4818215277045965E-6
,-1.5486233072200168E-6
,-1.4181193061328183E-6
,-1.3922817743150517E-6
,-1.5513445153677214E-6
,-1.2533152281927566E-6
,-1.3561936308785032E-6
,-1.4016938318187992E-6
,-1.493136854454254E-6
,-1.538979631732218E-6
,-1.5625112913160895E-6
,-1.401742944532695E-6
,-1.5399776505849634E-6
,-1.3840278067315619E-6
,-1.548666356635901E-6
,-1.457376735440145E-6
,-1.436197029155058E-6
