system:time_start,evaporation_from_vegetation_transpiration
,-5.891477948634301E-5
,-5.4119462329363264E-5
,-6.414645182090467E-5
,-5.915098964843575E-5
,-5.991236118622671E-5
,-5.67241956256718E-5
,-6.618831575797123E-5
,-7.469387711208438E-5
,-6.040242466430233E-5
,-6.127302865704903E-5
,-6.246497066383524E-5
,-6.061596271304718E-5
,-5.3389389492209874E-5
,-6.121410015193842E-5
,-5.97628089466028E-5
,-5.913697893991045E-5
,-6.0134723054244405E-5
,-5.902044455348283E-5
,-6.58546969817281E-5
,-6.446928049949159E-5
,-5.9508176911970133E-5
,-6.275226852532152E-5
,-6.233991056482458E-5
,-6.041025486744153E-5
,-6.938115191522163E-5
,-6.919711282185395E-5
,-7.009120635338185E-5
,-5.8584250047835776E-5
,-5.7496838938252926E-5
,-5.951304769036137E-5
,-6.263574908410413E-5
,-7.678183162959494E-5
,-6.578687309950321E-5
,-5.9767908961358335E-5
