system:time_start,evaporation_from_vegetation_transpiration
,-5.223083765789246E-6
,-4.972638230861372E-6
,-5.376239978768691E-6
,-4.827976496286552E-6
,-5.204113862149555E-6
,-5.38431319270145E-6
,-5.551501157309825E-6
,-5.885503048409224E-6
,-5.032357606709142E-6
,-5.05044988164661E-6
,-5.344112920553285E-6
,-5.090876719030483E-6
,-5.324714409114137E-6
,-5.234998213752449E-6
,-5.4553683757721625E-6
,-5.018657989071302E-6
,-5.133375924304818E-6
,-5.202127929940751E-6
,-5.8404904713690346E-6
,-5.437751732878732E-6
,-5.335854169701364E-6
,-5.4432096442690605E-6
,-5.027593740831233E-6
,-5.205929819904096E-6
,-5.571185115345374E-6
,-5.306863857657407E-6
,-6.109674898282348E-6
,-5.941967645884251E-6
,-5.1213343491933E-6
,-6.108127477259755E-6
,-5.312684017418953E-6
,-5.7049362146278366E-6
,-5.268407592127377E-6
,-5.4889403852737606E-6
