system:time_start,evaporation_from_vegetation_transpiration
,-1.3216362745107759E-5
,-1.1592415789478268E-5
,-1.2922661453833852E-5
,-1.1370891501649043E-5
,-1.3649397453374343E-5
,-1.2331724864259629E-5
,-1.2809037963796237E-5
,-1.3088126651740767E-5
,-1.2251848464515975E-5
,-1.240981469946388E-5
,-1.3273959073999183E-5
,-1.2096535969745176E-5
,-1.3574711057585912E-5
,-1.2724068655546887E-5
,-1.3098582561118139E-5
,-1.2064689613136139E-5
,-1.2784204100722547E-5
,-1.303177718496458E-5
,-1.3615137311607022E-5
,-1.2646680233680826E-5
,-1.2419396997839527E-5
,-1.3721693669526069E-5
,-1.1535942093993954E-5
,-1.2122636593575766E-5
,-1.2603295958383981E-5
,-1.3425625886818374E-5
,-1.3977699933148512E-5
,-1.4243117082955767E-5
,-1.271769874757879E-5
,-1.3933867332084583E-5
,-1.2820635275244115E-5
,-1.3448692202060059E-5
,-1.2745494035643233E-5
,-1.26581600549495E-5
