system:time_start,evaporation_from_vegetation_transpiration
,-1.3866306461974624E-4
,-1.4524270048656235E-4
,-1.4174052355019455E-4
,-1.409576848906558E-4
,-1.4615684969808545E-4
,-1.3653833853502988E-4
,-1.54553893560767E-4
,-1.4028928666110497E-4
,-1.4000202732226695E-4
,-1.4459181150932072E-4
,-1.3770694772988123E-4
,-1.5655470544519712E-4
,-1.435323557833769E-4
,-1.4121127183686628E-4
,-1.4823548100904743E-4
,-1.4531026855051603E-4
,-1.4285316445337344E-4
,-1.4297324079609274E-4
,-1.3899788879265842E-4
,-1.3983385545927816E-4
,-1.3884664704617996E-4
,-1.453138760146733E-4
,-1.540451650241501E-4
,-1.4262906373990123E-4
,-1.4017759550535213E-4
,-1.531781596075483E-4
,-1.352186728202962E-4
,-1.3902711465721567E-4
,-1.45784024852891E-4
,-1.4087986190320834E-4
,-1.3071898659759943E-4
,-1.4021055489256155E-4
,-1.3496228211402832E-4
,-1.528998742915413E-4
