system:time_start,evaporation_from_vegetation_transpiration
,-6.054092616110216E-5
,-5.883958158737801E-5
,-5.462597371042829E-5
,-6.286175362927392E-5
,-5.81009681668203E-5
,-5.322263252481208E-5
,-6.047981076347184E-5
,-5.795840024274319E-5
,-5.365893966119594E-5
,-6.087492978002643E-5
,-5.260085287185655E-5
,-5.605147622727056E-5
,-5.541909250236223E-5
,-5.9851346487667144E-5
,-5.411223980433949E-5
,-6.074715261962115E-5
,-6.344210085286444E-5
,-5.689376763934016E-5
,-5.7927775116587176E-5
,-5.654863759838401E-5
,-6.054475103701966E-5
,-5.6710223961552074E-5
,-5.8184542677508864E-5
,-5.978045529202632E-5
,-5.250997506991436E-5
,-5.865891003147182E-5
,-5.860214607579469E-5
,-5.847681053630362E-5
,-5.84887344516547E-5
,-5.442122414808073E-5
,-5.5242346154097266E-5
,-5.7439399707307166E-5
,-6.129077596097118E-5
,-5.492005384020039E-5
