system:time_start,evaporation_from_vegetation_transpiration
,-2.9857286588392322E-5
,-2.437207679784943E-5
,-2.65122880343791E-5
,-2.4405410037980272E-5
,-2.6278675232908495E-5
,-2.4826084628488393E-5
,-2.8458332093600945E-5
,-3.0227763146100774E-5
,-2.784220010554223E-5
,-2.8362107603727504E-5
,-2.7208346965958498E-5
,-2.5626760226398836E-5
,-2.214171624055671E-5
,-2.747058381178354E-5
,-2.567743667629201E-5
,-2.3837679676242722E-5
,-2.5158081681837826E-5
,-2.4890654233441223E-5
,-2.78798279262673E-5
,-2.8785219800198963E-5
,-2.618065218580179E-5
,-2.9839721965290892E-5
,-2.8521634480709488E-5
,-2.8991509596159457E-5
,-2.933391311458035E-5
,-3.0427392142257636E-5
,-2.9480545465498615E-5
,-2.722472079927775E-5
,-2.4711855831072793E-5
,-2.708015123954403E-5
,-2.7481091762735485E-5
,-3.4688066648175616E-5
,-2.6001699546860157E-5
,-2.67088803364085E-5
