system:time_start,evaporation_from_vegetation_transpiration
,-7.922741439795874E-5
,-7.165551237472483E-5
,-8.129464446507683E-5
,-6.884461950452146E-5
,-8.264751690737915E-5
,-7.883481696897311E-5
,-7.830722611921536E-5
,-8.242990556702319E-5
,-7.315716701404636E-5
,-7.363132235783932E-5
,-8.05035306158238E-5
,-7.392933999702987E-5
,-8.096209624324847E-5
,-7.841111122475647E-5
,-8.386333989213246E-5
,-7.116557530973792E-5
,-8.118294801321528E-5
,-7.712667798866122E-5
,-8.214720776827745E-5
,-7.711992957831872E-5
,-7.755862911101211E-5
,-8.311757764514642E-5
,-6.909597588375789E-5
,-7.657188572391871E-5
,-7.92753482760357E-5
,-8.062544092492782E-5
,-8.616747636299963E-5
,-7.997018178620922E-5
,-7.655579005953346E-5
,-9.03312885139495E-5
,-7.56064595484213E-5
,-8.282589880402327E-5
,-8.005960175340905E-5
,-7.994489404994139E-5
