system:time_start,evaporation_from_vegetation_transpiration
,-4.121874154774113E-6
,-3.2575527783544536E-6
,-3.6620492704841717E-6
,-3.5529225753730555E-6
,-3.421671544058706E-6
,-3.686380040833906E-6
,-3.897876747048526E-6
,-4.19070366070516E-6
,-3.6586667160838514E-6
,-3.922249417978732E-6
,-3.505303283689723E-6
,-3.829834480584076E-6
,-3.3793224390951525E-6
,-3.924496540046101E-6
,-3.7025004036095524E-6
,-3.706866520683673E-6
,-3.411873860801407E-6
,-3.7225524322007248E-6
,-3.892803426041562E-6
,-4.128012637681278E-6
,-3.9434756520980345E-6
,-3.798489750918458E-6
,-4.08965117234753E-6
,-3.88895578477164E-6
,-3.949350445365876E-6
,-4.256775961645569E-6
,-4.217430103923554E-6
,-3.705985938339788E-6
,-3.676721845342974E-6
,-3.6705039013197582E-6
,-3.85013954017491E-6
,-4.435290369049956E-6
,-3.768034698543743E-6
,-3.7101016092939273E-6
