system:time_start,evaporation_from_vegetation_transpiration
,-9.022123754016115E-6
,-9.414289003895671E-6
,-9.394703804056982E-6
,-8.896905254349239E-6
,-9.1514703468944E-6
,-8.846667628244472E-6
,-8.585906035223818E-6
,-9.33774708673727E-6
,-9.567330791698852E-6
,-9.500685671416765E-6
,-8.99488249332707E-6
,-8.742484593919168E-6
,-9.720984281057509E-6
,-9.705853714164018E-6
,-9.865935502242432E-6
,-1.0423453502815326E-5
,-8.982762694752121E-6
,-1.0240168220506193E-5
,-9.93317305590215E-6
,-1.0358248258493044E-5
,-9.541914773803951E-6
,-9.476834872600135E-6
,-1.0025986190518229E-5
,-8.748658178405635E-6
,-9.522207426368719E-6
,-1.0603867115417228E-5
,-8.979366038483357E-6
,-1.0589084539222658E-5
,-1.021377559867163E-5
,-9.799151896233754E-6
,-1.2070241542574992E-5
,-1.0904123399512597E-5
,-1.04934075352503E-5
,-1.0246955961364464E-5
