system:time_start,evaporation_from_vegetation_transpiration
,-1.24299818604576E-4
,-1.040110122320163E-4
,-1.1918500970979977E-4
,-1.1548015829499877E-4
,-1.143200478915928E-4
,-1.1069418903160083E-4
,-1.2580897294437303E-4
,-1.470400935742385E-4
,-1.2635523345102786E-4
,-1.3855146425771452E-4
,-1.2482770716445426E-4
,-1.1576472372429472E-4
,-9.946323212139628E-5
,-1.0938457978737441E-4
,-1.0770602152697984E-4
,-1.0499042702606422E-4
,-1.1160289024878807E-4
,-1.1260820212215565E-4
,-1.1615300875458093E-4
,-1.1705100984202332E-4
,-1.1352061129452442E-4
,-1.1644545277415935E-4
,-1.1889612428714784E-4
,-1.0885786559071668E-4
,-1.2403702991825293E-4
,-1.3248947763965066E-4
,-1.2259675773763104E-4
,-1.2205939418617333E-4
,-1.0519455679717409E-4
,-1.1619333898243059E-4
,-1.107611269011007E-4
,-1.395590556856449E-4
,-9.939072179412602E-5
,-1.0552412136237806E-4
