system:time_start,evaporation_from_vegetation_transpiration
,-2.890935690326539E-4
,-2.8748025943059474E-4
,-3.44598251710219E-4
,-2.792716131807538E-4
,-3.3560818701516837E-4
,-2.948115889012115E-4
,-3.173657187289791E-4
,-3.499483803655797E-4
,-3.0628661685720243E-4
,-3.0433963487060584E-4
,-3.591427642580432E-4
,-2.98461651254911E-4
,-3.191297746525379E-4
,-2.9248469885108835E-4
,-3.388726181583479E-4
,-2.830959644294732E-4
,-3.2267815064794075E-4
,-3.378169240022544E-4
,-3.515003778981433E-4
,-3.128418890507116E-4
,-3.159690598598293E-4
,-3.6499770916028257E-4
,-2.9097088433142443E-4
,-2.939265844664381E-4
,-3.270937577326549E-4
,-3.181087886332534E-4
,-3.489547549785736E-4
,-3.3188491336962517E-4
,-2.988744672620669E-4
,-3.3285978376322117E-4
,-2.9457671007548925E-4
,-3.765939200093271E-4
,-3.356348800783356E-4
,-2.938889253224867E-4
