system:time_start,evaporation_from_vegetation_transpiration
,-1.3809928835447257E-5
,-1.2702833676788336E-5
,-1.3135882909409702E-5
,-1.3096370821585879E-5
,-1.2793079804396257E-5
,-1.3169332305551507E-5
,-1.3798033251077868E-5
,-1.560550845169928E-5
,-1.398551648890134E-5
,-1.448080850726304E-5
,-1.4916206661534185E-5
,-1.3066251388712166E-5
,-1.2475225958041847E-5
,-1.4178610096375147E-5
,-1.3487010316263573E-5
,-1.4055100715874383E-5
,-1.3539742212742567E-5
,-1.3329224505772194E-5
,-1.3779532309854403E-5
,-1.562059636247189E-5
,-1.3791076829268908E-5
,-1.489967993014337E-5
,-1.39464063977357E-5
,-1.3876339532240914E-5
,-1.4523080002012042E-5
,-1.663937291596085E-5
,-1.4159963635999398E-5
,-1.4204878122351753E-5
,-1.4217085966568751E-5
,-1.4689784317549007E-5
,-1.635190953190128E-5
,-1.7943899971821036E-5
,-1.4896472445495116E-5
,-1.5292955140466802E-5
