system:time_start,evaporation_from_vegetation_transpiration
,-5.828307621413842E-6
,-6.133801434771158E-6
,-5.6115307719058665E-6
,-5.831278031109832E-6
,-6.6035827330779284E-6
,-5.8738132793223485E-6
,-6.52164878071441E-6
,-6.226278249717628E-6
,-6.005848869487333E-6
,-6.341609453860049E-6
,-5.801690955801557E-6
,-6.549773994872036E-6
,-5.958210749668069E-6
,-6.388005810246493E-6
,-6.0043360766333835E-6
,-6.1718692450085655E-6
,-6.029837095411494E-6
,-5.842836496109764E-6
,-5.9061227754379315E-6
,-6.131106298804904E-6
,-5.993327552763124E-6
,-6.434910877336127E-6
,-6.755150631458188E-6
,-6.156560023858522E-6
,-6.117976226960309E-6
,-6.591349423009281E-6
,-6.222189161538457E-6
,-6.079468221287243E-6
,-6.43611262300207E-6
,-5.83211840421427E-6
,-5.734416845371015E-6
,-6.085284136740181E-6
,-6.377736402403873E-6
,-6.440669191457952E-6
