system:time_start,evaporation_from_vegetation_transpiration
,-1.2631682810963191E-5
,-1.0908808631469466E-5
,-1.0893151768194062E-5
,-1.0224469337782633E-5
,-1.1693017367306117E-5
,-1.190242942210452E-5
,-1.1477235211616493E-5
,-1.1930912312167766E-5
,-1.2825153457778204E-5
,-1.240138551101379E-5
,-1.1354867784839665E-5
,-1.1805575571000396E-5
,-1.138618689012258E-5
,-1.2794540159501915E-5
,-1.1893018244756937E-5
,-1.2252009710014087E-5
,-1.1073460461952353E-5
,-1.1270949373713955E-5
,-1.2058026616721944E-5
,-1.2691480562000744E-5
,-1.2247925374678196E-5
,-1.2571532704075047E-5
,-1.2324838974965005E-5
,-1.188153971749563E-5
,-1.2197744542381085E-5
,-1.1861330706104186E-5
,-1.2578149561636319E-5
,-1.1163121755128496E-5
,-1.1270020535135621E-5
,-1.1803388950147074E-5
,-1.1736055047774528E-5
,-1.3937452647325543E-5
,-1.1657880027233925E-5
,-1.2071448157169676E-5
