system:time_start,evaporation_from_vegetation_transpiration
,-1.09970516859903E-4
,-8.56978222145699E-5
,-9.372515099433561E-5
,-8.594339912330422E-5
,-9.248492157591197E-5
,-1.0287734342758388E-4
,-9.435547811638874E-5
,-1.0384584250762903E-4
,-9.678139334331111E-5
,-1.0536529528811418E-4
,-8.379920412456461E-5
,-1.0931081366531241E-4
,-9.1365905367032E-5
,-1.0421472688904032E-4
,-1.0445301692622404E-4
,-1.0228153708643124E-4
,-9.414555279363412E-5
,-1.0041440449034174E-4
,-1.0054855132087444E-4
,-1.143240539628702E-4
,-9.823841658847716E-5
,-9.749322089191992E-5
,-1.1414960742210194E-4
,-1.0011945050791837E-4
,-1.0735994449836046E-4
,-9.839766971708741E-5
,-1.0472971249934442E-4
,-9.391035140045763E-5
,-1.0152209445853562E-4
,-1.0156430653296411E-4
,-9.383721408084966E-5
,-1.0699603505296788E-4
,-1.0062105199419118E-4
,-1.0230817315459717E-4
