system:time_start,evaporation_from_vegetation_transpiration
,-5.1290380565261696E-5
,-4.910630125602454E-5
,-5.200869718305113E-5
,-4.95773030323969E-5
,-5.2613398861068535E-5
,-4.888834235061311E-5
,-5.035772026754433E-5
,-5.097643071693662E-5
,-4.6793147511810896E-5
,-5.011943463422971E-5
,-5.556068036208959E-5
,-4.840028748475832E-5
,-5.053156338251204E-5
,-4.979099433337085E-5
,-5.382839666261836E-5
,-4.753559264109323E-5
,-5.087044809714139E-5
,-5.214648390711661E-5
,-5.657919051341115E-5
,-4.625082060795792E-5
,-5.2121422573180635E-5
,-5.4239727448970236E-5
,-4.524066398995561E-5
,-4.940966040553656E-5
,-4.806685067530468E-5
,-4.9355741060010093E-5
,-5.204152639954261E-5
,-5.0200548190460135E-5
,-4.747051165746566E-5
,-5.4576509539497476E-5
,-4.9096511550790936E-5
,-5.928952419995575E-5
,-5.167364207935814E-5
,-5.0664801579969537E-5
