system:time_start,evaporation_from_vegetation_transpiration
,-3.188441930300172E-4
,-2.8959087378876714E-4
,-2.9296611280352414E-4
,-2.9555575652293026E-4
,-3.071507782866905E-4
,-2.968729980504155E-4
,-2.992539825432053E-4
,-3.0220354589233835E-4
,-3.1656070318597317E-4
,-3.1776470971815334E-4
,-3.066723735686988E-4
,-2.953408566463074E-4
,-3.085279844814732E-4
,-2.849013904383213E-4
,-2.873437754232803E-4
,-3.0071140356849254E-4
,-3.002747183379315E-4
,-3.100882995506854E-4
,-3.068601452121179E-4
,-3.184127268905049E-4
,-2.958612491333427E-4
,-2.9597431419801565E-4
,-2.940223907201594E-4
,-3.108137261584756E-4
,-2.9635837867988984E-4
,-3.1902796611097225E-4
,-3.2195943798336477E-4
,-3.11339037468357E-4
,-3.1476825809078257E-4
,-3.1504173934827684E-4
,-3.162564766969363E-4
,-3.146277276718468E-4
,-3.042264583778901E-4
,-3.061967185312237E-4
