system:time_start,evaporation_from_vegetation_transpiration
,-3.2418732492563627E-6
,-3.0472171298849085E-6
,-3.0540019603601345E-6
,-3.0058587678164863E-6
,-3.069198404167158E-6
,-3.0574501579394564E-6
,-3.3275609894189984E-6
,-3.4160057111876085E-6
,-3.0562569008907303E-6
,-3.2062531924263262E-6
,-3.2831606707380465E-6
,-3.2015177566790953E-6
,-2.7273120698131E-6
,-3.279593632517693E-6
,-2.9874572646804154E-6
,-3.1906347430776805E-6
,-3.006486925490511E-6
,-3.2669716650464884E-6
,-3.259484098331692E-6
,-3.458667682328572E-6
,-3.367598765180446E-6
,-3.2886261275659003E-6
,-3.7316640373319387E-6
,-3.177530743414536E-6
,-3.4600646661904952E-6
,-3.472274329396896E-6
,-3.600233564308534E-6
,-3.340162341676963E-6
,-3.314646770983624E-6
,-3.0325524373135218E-6
,-3.3168053050758317E-6
,-3.4838479526418573E-6
,-3.3598862501094118E-6
,-3.4146881565296403E-6
