system:time_start,evaporation_from_vegetation_transpiration
,-7.997708356318375E-7
,-8.267961675301194E-7
,-7.545234742186343E-7
,-7.889545183085526E-7
,-7.8522377104188E-7
,-7.859161996748298E-7
,-8.134496359465023E-7
,-7.835551514290273E-7
,-8.538548475674664E-7
,-8.198791571582357E-7
,-7.990990222121278E-7
,-7.820999599061906E-7
,-7.975516685595115E-7
,-8.340921340277418E-7
,-8.371625881409273E-7
,-8.704258410337692E-7
,-8.498354873154312E-7
,-8.216575224651024E-7
,-8.441838872386143E-7
,-8.0604089210586E-7
,-8.016710732287417E-7
,-8.741050502673412E-7
,-8.556750496306146E-7
,-8.628297412845617E-7
,-8.366629723847533E-7
,-8.366174976496646E-7
,-8.50857759360224E-7
,-8.536080713383853E-7
,-8.870629244484007E-7
,-8.533885799503574E-7
,-9.035720722749829E-7
,-8.587746075742567E-7
,-8.765528036747128E-7
,-8.614012282729769E-7
