system:time_start,evaporation_from_vegetation_transpiration
,-4.091217025151392E-5
,-3.819289877631518E-5
,-3.8465686788130725E-5
,-3.853178483923054E-5
,-3.8030136486420155E-5
,-3.854278881562729E-5
,-3.91355186807094E-5
,-3.7732862699957685E-5
,-3.749220449015301E-5
,-4.107513161050685E-5
,-3.714817057698383E-5
,-3.753389910343685E-5
,-3.8449675230367575E-5
,-3.5366299126701165E-5
,-4.064808274161999E-5
,-3.778102949802291E-5
,-3.6808664280022526E-5
,-4.030856492439246E-5
,-4.08344663314479E-5
,-4.2152909248794785E-5
,-3.7725154098469915E-5
,-3.7599642396482075E-5
,-3.629429443897221E-5
,-3.916805126485115E-5
,-3.90685228756576E-5
,-4.314598353713254E-5
,-4.259340717412256E-5
,-4.0770483268936395E-5
,-3.8875375428853495E-5
,-4.170629972577444E-5
,-4.295161268215231E-5
,-4.1010438067270584E-5
,-3.8191749395495705E-5
,-3.878854882218134E-5
