system:time_start,evaporation_from_vegetation_transpiration
,-1.9243102422676252E-5
,-1.8252401470056422E-5
,-1.9044518911298014E-5
,-1.7525966121647516E-5
,-1.801265492293507E-5
,-1.7863004792838352E-5
,-1.989354756048225E-5
,-1.9775336356762507E-5
,-1.7837763173934776E-5
,-2.0371290769292872E-5
,-1.9103531841640565E-5
,-1.9876796067569382E-5
,-1.612134187322339E-5
,-2.0049029448160555E-5
,-1.817525649729682E-5
,-1.9151971279169692E-5
,-1.7878330092303647E-5
,-1.9511745876108988E-5
,-2.0171011420439017E-5
,-2.037524954239204E-5
,-1.947789063734497E-5
,-1.9337735709488568E-5
,-2.2412110594405377E-5
,-1.8254057515376242E-5
,-2.0019770971877956E-5
,-2.1350733435991608E-5
,-2.0916057297132605E-5
,-2.0210398325835113E-5
,-1.9828948957853236E-5
,-1.8502833582299564E-5
,-1.946557037182745E-5
,-2.051399239511978E-5
,-1.9974317856676928E-5
,-2.008404314698802E-5
