system:time_start,evaporation_from_vegetation_transpiration
,-1.4417545138539501E-5
,-1.237076230609091E-5
,-1.2212683335140657E-5
,-1.1864027891576934E-5
,-1.267182449824066E-5
,-1.3378992792110823E-5
,-1.2769513020993187E-5
,-1.2735116191227764E-5
,-1.4288766925303553E-5
,-1.390051879536172E-5
,-1.226013561487586E-5
,-1.3768441758223898E-5
,-1.3795956268343918E-5
,-1.4103211643010755E-5
,-1.3674838772290274E-5
,-1.4968574197111943E-5
,-1.3107251799651532E-5
,-1.309648052397062E-5
,-1.3723383225234492E-5
,-1.4797850174848767E-5
,-1.4163395679220449E-5
,-1.4069065357381035E-5
,-1.4576087865169116E-5
,-1.4058237952884244E-5
,-1.422209957776691E-5
,-1.365843456282857E-5
,-1.4352633029158736E-5
,-1.3341968648698337E-5
,-1.4175271254706396E-5
,-1.3524332210917712E-5
,-1.3540881419820444E-5
,-1.4950244630675852E-5
,-1.3465248533369353E-5
,-1.4636827169548873E-5
