system:time_start,evaporation_from_vegetation_transpiration
,-2.1028388396694536E-5
,-2.04261786469336E-5
,-2.324925703255253E-5
,-1.9684811195475053E-5
,-2.302983508949789E-5
,-1.981807359293776E-5
,-2.039669024169497E-5
,-2.243585731775966E-5
,-1.949614541242934E-5
,-2.0744936611865542E-5
,-2.4307149821349106E-5
,-2.0011548218058635E-5
,-2.122786419123359E-5
,-1.989433124739056E-5
,-2.3161835512534407E-5
,-1.9809388201489735E-5
,-2.3481089616931668E-5
,-2.257452336683249E-5
,-2.4891946223861955E-5
,-2.1231215941952542E-5
,-2.0853939956092895E-5
,-2.445935343631492E-5
,-1.9023945504967642E-5
,-2.0035408912614612E-5
,-2.1668205994905697E-5
,-2.2868253250231246E-5
,-2.4051568430473305E-5
,-2.330511403367079E-5
,-2.1163531629200508E-5
,-2.3051242331146364E-5
,-1.9895966801818255E-5
,-2.6039338465327294E-5
,-2.2804722054085384E-5
,-2.1374021606687975E-5
