system:time_start,evaporation_from_vegetation_transpiration
,-9.181631308350797E-5
,-7.747512541578956E-5
,-8.805585268360559E-5
,-8.542223699267745E-5
,-8.558178200552013E-5
,-8.312731318265608E-5
,-9.574331664235389E-5
,-1.109875580730522E-4
,-9.348101017284563E-5
,-1.0160217673347365E-4
,-9.308081229959186E-5
,-8.669112589960868E-5
,-7.396751627839553E-5
,-8.338340401150486E-5
,-7.956599624140904E-5
,-7.849922463543818E-5
,-8.246757004853471E-5
,-8.460112112809457E-5
,-8.701101117572586E-5
,-8.750165105045189E-5
,-8.286961002018109E-5
,-8.56426977798135E-5
,-8.758997084872244E-5
,-7.991220447991666E-5
,-9.20421450871956E-5
,-9.570243865973973E-5
,-9.007008548094316E-5
,-9.145345511178578E-5
,-7.916001580573113E-5
,-8.810703197483352E-5
,-8.244958420892613E-5
,-1.050309667960548E-4
,-7.493138357086115E-5
,-7.944180734612215E-5
