system:time_start,evaporation_from_vegetation_transpiration
,-7.749974295923797E-5
,-6.638925294585837E-5
,-7.444791665572363E-5
,-6.968640695655874E-5
,-7.457323270500638E-5
,-7.421834590786603E-5
,-7.58096824332218E-5
,-7.692427903142137E-5
,-7.013202533319902E-5
,-7.532248797360808E-5
,-6.926929750382744E-5
,-6.92840894528975E-5
,-7.71252254829354E-5
,-6.95154378869726E-5
,-7.535284115874673E-5
,-7.311379757690398E-5
,-7.290517409273889E-5
,-7.660014462696078E-5
,-7.622104807524009E-5
,-7.856089701817836E-5
,-7.325263788516168E-5
,-7.275643588703436E-5
,-7.023779430407255E-5
,-7.34009665514653E-5
,-7.301875608391128E-5
,-7.861757580637155E-5
,-8.345770613232163E-5
,-8.138226471298064E-5
,-7.192743549239822E-5
,-8.254780754214151E-5
,-8.087165224424098E-5
,-7.672571242437697E-5
,-7.091023391694762E-5
,-7.6229944897932E-5
