system:time_start,evaporation_from_vegetation_transpiration
,-2.789506672545233E-5
,-2.742780755700854E-5
,-2.700692628557725E-5
,-2.5998332367399364E-5
,-2.726790875453002E-5
,-2.4464759378504287E-5
,-2.6756012866152794E-5
,-2.799631275357334E-5
,-2.6763092440281376E-5
,-3.086617632814321E-5
,-2.6159162559822484E-5
,-2.8255016567763288E-5
,-2.5011639418490058E-5
,-2.9272603232702414E-5
,-2.6346685882782805E-5
,-2.838819812125251E-5
,-2.656835628537617E-5
,-2.825396519188804E-5
,-2.898529439537217E-5
,-2.9440869049587355E-5
,-2.717018994897242E-5
,-2.8766547849820063E-5
,-2.962492335764519E-5
,-2.7969590653945624E-5
,-3.0235595760233187E-5
,-2.944299652611975E-5
,-2.9399237906478386E-5
,-2.910949775401537E-5
,-2.9298047391219173E-5
,-2.789758501522657E-5
,-2.8259557506384297E-5
,-2.911246735527163E-5
,-2.967807106162784E-5
,-2.905439719648308E-5
