system:time_start,evaporation_from_vegetation_transpiration
,-1.7669965361872324E-4
,-1.6314079726321832E-4
,-1.5145800912082282E-4
,-1.623684736302864E-4
,-1.6673257373945994E-4
,-1.6103487204990985E-4
,-1.6490528880105422E-4
,-1.679482944988801E-4
,-1.556766480158937E-4
,-1.7007876205618098E-4
,-1.6327224013231763E-4
,-1.5635728946276854E-4
,-1.5755122997992052E-4
,-1.7908799344257674E-4
,-1.6575605938366303E-4
,-1.6132119398443374E-4
,-1.6851681289996054E-4
,-1.6151438265094636E-4
,-1.694198811795407E-4
,-1.649970287905523E-4
,-1.7191040839221655E-4
,-1.8070415447895085E-4
,-1.7219267883100892E-4
,-1.5969040685848555E-4
,-1.729104533296777E-4
,-1.597521415398525E-4
,-1.762434371980985E-4
,-1.8221373957877168E-4
,-1.712149733066326E-4
,-1.6951788846334375E-4
,-1.6385586045712615E-4
,-1.747228207359849E-4
,-1.6566284129684964E-4
,-1.7562683131944613E-4
