system:time_start,evaporation_from_vegetation_transpiration
,-1.0046916402037217E-4
,-9.832638971905302E-5
,-1.0849543591878804E-4
,-1.0721787626001363E-4
,-1.0555610953815631E-4
,-1.045764549477705E-4
,-1.1126743179678063E-4
,-1.2669498046307125E-4
,-1.0575130094972944E-4
,-1.0679772782774913E-4
,-1.0352001866219021E-4
,-9.79964942841131E-5
,-9.324603118026666E-5
,-1.0685462206311058E-4
,-1.0314510061410448E-4
,-9.331944394337674E-5
,-9.441146813818099E-5
,-1.2147582288889679E-4
,-1.1236615475960812E-4
,-1.0797224688455268E-4
,-1.0583734486620718E-4
,-1.0771839708468177E-4
,-1.0966005342803933E-4
,-1.0221817897521153E-4
,-1.1272349999975025E-4
,-1.1646077521315115E-4
,-1.3057669407013842E-4
,-1.0489868317260212E-4
,-1.0331524674256796E-4
,-1.1615458446006718E-4
,-1.0770257515711515E-4
,-1.3237199532037868E-4
,-1.0428789293049098E-4
,-9.17070953316094E-5
