system:time_start,evaporation_from_vegetation_transpiration
,-1.087039405926286E-4
,-1.0647591807355639E-4
,-1.062302065596062E-4
,-1.0160337114939466E-4
,-1.0691531254754712E-4
,-1.0659761088997281E-4
,-1.0743976660402647E-4
,-1.1456045710171263E-4
,-1.0776386867898206E-4
,-1.1033748160116374E-4
,-1.1011536904940537E-4
,-1.0171826337076102E-4
,-1.036473956143406E-4
,-1.0685658283667483E-4
,-1.1227155543262295E-4
,-1.1084637966026396E-4
,-1.040489138783111E-4
,-1.149226154666394E-4
,-1.1472331546732069E-4
,-1.1887827713508159E-4
,-1.1130482804825685E-4
,-1.0473105855150304E-4
,-1.083004268972824E-4
,-1.0796011641408161E-4
,-1.1792611015456107E-4
,-1.2316601654068413E-4
,-1.1023559030339432E-4
,-1.083581325171205E-4
,-1.1519073814270087E-4
,-1.1856884460333579E-4
,-1.2575152383457558E-4
,-1.314754251022047E-4
,-1.0934313953233261E-4
,-1.1556542206866045E-4
