system:time_start,evaporation_from_vegetation_transpiration
,-5.562998937667688E-6
,-5.139643759314906E-6
,-5.246772568464595E-6
,-4.952932797161829E-6
,-5.0319808270176635E-6
,-5.007503311793579E-6
,-5.621436033149602E-6
,-5.4843278784431124E-6
,-5.231485250585919E-6
,-5.730371519752107E-6
,-5.274389486610914E-6
,-5.561356286563314E-6
,-4.695574407158533E-6
,-5.612074021416491E-6
,-4.970414419449377E-6
,-5.445925682032761E-6
,-5.191666953646078E-6
,-5.38167225326442E-6
,-5.5507131533675935E-6
,-5.867190464568246E-6
,-5.4832944599831156E-6
,-5.5138898366179154E-6
,-6.330112482640058E-6
,-5.286458418471338E-6
,-5.785259839164621E-6
,-5.916639141722733E-6
,-6.239855937469334E-6
,-5.822912970083704E-6
,-5.686655382990487E-6
,-5.304106709197291E-6
,-5.568007539127575E-6
,-6.154727029179053E-6
,-5.835141379248258E-6
,-5.8834710009269415E-6
