system:time_start,evaporation_from_vegetation_transpiration
,-1.1186451350416367E-6
,-9.647283150115982E-7
,-9.756725679229323E-7
,-9.640765104753275E-7
,-1.036334045541783E-6
,-1.1266608150132622E-6
,-1.0306199934954445E-6
,-1.0654797127547984E-6
,-1.1081404712361593E-6
,-1.1008796718670055E-6
,-1.0184776328969747E-6
,-1.1107100969335686E-6
,-1.0862568160519004E-6
,-1.1272944296554972E-6
,-1.076927825730915E-6
,-1.1542554905948539E-6
,-1.0831645340658724E-6
,-9.99347321339883E-7
,-1.0782769095385447E-6
,-1.1228294169995934E-6
,-1.1267068960781519E-6
,-1.0883371335997556E-6
,-1.1192387319169939E-6
,-1.079054830673461E-6
,-1.085283050391202E-6
,-1.0553897785333295E-6
,-1.1551395194449772E-6
,-1.0697155327458556E-6
,-1.0383270515982683E-6
,-1.0188844801935677E-6
,-1.0342725242177646E-6
,-1.162503394880332E-6
,-1.1000490000393863E-6
,-1.1408040639556323E-6
