system:time_start,evaporation_from_vegetation_transpiration
,-2.0703189590016797E-5
,-1.6706356630083082E-5
,-1.679236622437077E-5
,-1.6940367512528182E-5
,-1.869907874588891E-5
,-1.831210579885188E-5
,-1.871840729162453E-5
,-2.0799063742172214E-5
,-1.9911976849863433E-5
,-1.851368181757839E-5
,-1.7567510547130095E-5
,-1.9765833926880182E-5
,-1.8255927844781096E-5
,-2.021969628592214E-5
,-1.8942526509693146E-5
,-1.984994185691261E-5
,-1.8065031826171988E-5
,-1.7636908666520633E-5
,-2.0317351264370075E-5
,-2.0948489798363025E-5
,-2.1107796390995146E-5
,-1.9507406036342113E-5
,-2.0274308339781678E-5
,-1.9051787496530724E-5
,-1.9970950840312675E-5
,-2.024411065469715E-5
,-2.0876748642288422E-5
,-1.8535944107890256E-5
,-1.8371407813723564E-5
,-1.9575728883329938E-5
,-1.917554547224997E-5
,-2.2252018764037544E-5
,-1.9019802458191694E-5
,-1.9193054065587653E-5
