system:time_start,evaporation_from_vegetation_transpiration
,-5.4816705454838234E-5
,-5.706327689011423E-5
,-5.557074569654703E-5
,-5.4332469132633065E-5
,-5.8739111512221957E-5
,-5.2859156357078364E-5
,-6.0793516509154246E-5
,-5.5069010082564474E-5
,-5.379570536845932E-5
,-5.887977030869934E-5
,-5.224291703119852E-5
,-6.138441007231349E-5
,-5.440305546958045E-5
,-5.6930095320274364E-5
,-5.8026564384310875E-5
,-5.7618169927018165E-5
,-5.404289358662279E-5
,-5.6519381540730175E-5
,-5.360088389371379E-5
,-5.489539540882465E-5
,-5.359967321038697E-5
,-5.565448125275808E-5
,-6.0225229659504976E-5
,-5.664582286948418E-5
,-5.594788064497461E-5
,-5.949668004144233E-5
,-5.240592516682339E-5
,-5.432259478432063E-5
,-5.872265280508546E-5
,-5.3973059098876874E-5
,-5.0841027365172706E-5
,-5.4196576488389626E-5
,-5.448279256851098E-5
,-5.846427541349985E-5
