system:time_start,evaporation_from_vegetation_transpiration
,-4.9574592378034826E-5
,-4.172814581016566E-5
,-4.8643545510241805E-5
,-4.295011101584393E-5
,-4.845571960946212E-5
,-4.6447876835979215E-5
,-4.748471950560565E-5
,-4.9693206078483766E-5
,-4.679690538891702E-5
,-4.600642768352935E-5
,-4.442178388195489E-5
,-4.57313968321874E-5
,-5.0190649528217147E-5
,-4.518815928479723E-5
,-4.855821741026981E-5
,-4.6197657259957246E-5
,-4.784982298761384E-5
,-4.83485485650211E-5
,-4.949456940396755E-5
,-5.1915254863117644E-5
,-4.618031354246861E-5
,-4.9439621372065244E-5
,-4.5285901900829876E-5
,-4.687974502476642E-5
,-4.79233965182045E-5
,-5.012550415510001E-5
,-5.479893453801716E-5
,-5.440554767639177E-5
,-4.798432634006964E-5
,-5.290610187373767E-5
,-4.937734653746399E-5
,-4.968456310702355E-5
,-4.708580577460539E-5
,-4.8980491815850004E-5
