system:time_start,evaporation_from_vegetation_transpiration
,-1.808621163945645E-5
,-1.5369658285635523E-5
,-1.794999985173086E-5
,-1.527947147729315E-5
,-1.863259896910879E-5
,-1.7053482123527727E-5
,-1.7750265821329474E-5
,-1.8422635245466758E-5
,-1.6235408515462448E-5
,-1.6712284680882778E-5
,-1.7730357386527532E-5
,-1.655837008406201E-5
,-1.8043113110858638E-5
,-1.7014021169517138E-5
,-1.7590243361256497E-5
,-1.701928401113643E-5
,-1.7666761676890827E-5
,-1.711298733021572E-5
,-1.8377243981780746E-5
,-1.77387047289004E-5
,-1.6559531913016046E-5
,-1.7983056851436333E-5
,-1.5980633987864065E-5
,-1.6768835242449615E-5
,-1.7445858854140777E-5
,-1.7631701161412318E-5
,-1.914017017649409E-5
,-1.9073011571890675E-5
,-1.70117623888978E-5
,-1.9380819948209035E-5
,-1.738763664131208E-5
,-1.8305581559414146E-5
,-1.7638544805878253E-5
,-1.7835377952400857E-5
