system:time_start,evaporation_from_vegetation_transpiration
,-1.8897020895292975E-4
,-1.8077296762151427E-4
,-1.8847084560967827E-4
,-1.6954229262053575E-4
,-1.9457682534116115E-4
,-1.8146953987461728E-4
,-1.8353751873874684E-4
,-1.8558620536275895E-4
,-1.905139409512993E-4
,-1.648214912293331E-4
,-1.953888413276842E-4
,-1.82086121654115E-4
,-1.9355984696068783E-4
,-1.851301433388947E-4
,-1.943114503461652E-4
,-1.7228885468985268E-4
,-1.9641379437835302E-4
,-1.8044616657555626E-4
,-2.0129169693992914E-4
,-1.8092761814137982E-4
,-1.905549985413534E-4
,-1.9429646893601724E-4
,-1.7266824804416312E-4
,-1.8658128521785187E-4
,-1.853918154756298E-4
,-1.7971299617566716E-4
,-2.0090095167584726E-4
,-1.870780410175777E-4
,-1.813834029637426E-4
,-2.1391453872867219E-4
,-1.7178377317739828E-4
,-1.9129607161398908E-4
,-1.9039273191853262E-4
,-1.87507199881873E-4
