system:time_start,evaporation_from_vegetation_transpiration
,-9.16799047748403E-5
,-7.612846335784222E-5
,-8.5566548780965E-5
,-7.913285056323123E-5
,-8.750368397159036E-5
,-8.62590319835969E-5
,-8.39555038207133E-5
,-8.903520695942764E-5
,-8.076918614582003E-5
,-8.503039074033343E-5
,-7.93723514410279E-5
,-7.926675061753485E-5
,-8.788630232932822E-5
,-8.379994142160285E-5
,-8.362533541609689E-5
,-8.339658719099437E-5
,-8.477274362424699E-5
,-8.68651871617961E-5
,-8.611870180175174E-5
,-9.121076497346318E-5
,-8.715546391613316E-5
,-8.79795534274308E-5
,-7.678297151869629E-5
,-8.308453592083727E-5
,-8.502409218635876E-5
,-8.936280452568705E-5
,-9.817926911637187E-5
,-9.505708476353902E-5
,-8.663614183509101E-5
,-9.45726563562251E-5
,-9.303979701750602E-5
,-9.14580850803759E-5
,-8.18714803851132E-5
,-8.709194844414014E-5
