system:time_start,evaporation_from_vegetation_transpiration
,-1.750055388482805E-5
,-1.7182606219042405E-5
,-1.946938411694848E-5
,-1.7865799923634363E-5
,-1.8726585605893184E-5
,-1.8676557657373552E-5
,-2.0659410155430026E-5
,-2.1571744340083873E-5
,-1.863867594996312E-5
,-1.815654399656018E-5
,-2.0364622792436017E-5
,-1.8307770531262377E-5
,-1.822396055407201E-5
,-1.912314093917505E-5
,-1.8952717962545448E-5
,-1.867322187333937E-5
,-1.8636216191225687E-5
,-1.923451139494622E-5
,-2.072001520395538E-5
,-1.9015010426907493E-5
,-1.9161505365951193E-5
,-1.9681723319485576E-5
,-1.8229662843320207E-5
,-1.9259590893246543E-5
,-1.9462645488804105E-5
,-1.869715201286858E-5
,-2.2145079654162856E-5
,-2.059507250022661E-5
,-1.896520136344609E-5
,-2.0176725593046287E-5
,-1.891089523269329E-5
,-2.2839600892944468E-5
,-1.9600433168104957E-5
,-1.851139960409556E-5
