system:time_start,evaporation_from_vegetation_transpiration
,-1.2206292935382185E-5
,-1.0673227549979355E-5
,-1.210261259562896E-5
,-1.0668494407740502E-5
,-1.2444167873911574E-5
,-1.1306697727548823E-5
,-1.2024933444015494E-5
,-1.222353832576039E-5
,-1.1713752283485254E-5
,-1.1601099158988159E-5
,-1.2599628831410062E-5
,-1.1254454269267928E-5
,-1.3019792448545374E-5
,-1.1720352394268442E-5
,-1.2203672588878797E-5
,-1.1238485176759044E-5
,-1.2098868008225523E-5
,-1.2378323436427891E-5
,-1.292192757608828E-5
,-1.194557955676683E-5
,-1.1580268514133396E-5
,-1.298876903066243E-5
,-1.0877155401048832E-5
,-1.1288322823837508E-5
,-1.1722764057871563E-5
,-1.2622662536054177E-5
,-1.2934185640230114E-5
,-1.3502523738745788E-5
,-1.1784853442172196E-5
,-1.2891231892643956E-5
,-1.1799765754561951E-5
,-1.2715021090327248E-5
,-1.233538779964927E-5
,-1.1732514236507045E-5
