system:time_start,evaporation_from_vegetation_transpiration
,-1.1532401140432443E-4
,-1.0483513676285403E-4
,-1.1200549765747667E-4
,-1.0737842173073649E-4
,-1.1668127889992521E-4
,-1.1100496890648625E-4
,-1.0937401354320372E-4
,-1.0926314744546824E-4
,-1.0650001104112709E-4
,-1.1433916588049053E-4
,-1.0772422155235433E-4
,-1.050819071055835E-4
,-1.1442172458158928E-4
,-1.103951556130037E-4
,-1.0857666829576382E-4
,-1.066716174405973E-4
,-1.1145507198002942E-4
,-1.089523867660443E-4
,-1.0979069718335978E-4
,-1.132478950541849E-4
,-1.0876741115601512E-4
,-1.0770739627703955E-4
,-1.0254824294775E-4
,-1.0797495925159673E-4
,-1.0549933290695618E-4
,-1.1100106891611208E-4
,-1.2027640529781932E-4
,-1.1642526051976583E-4
,-1.0923335188754948E-4
,-1.2200828995978988E-4
,-1.1654027116152264E-4
,-1.0983775479019902E-4
,-1.0621999230173992E-4
,-1.0684509715839812E-4
