system:time_start,evaporation_from_vegetation_transpiration
,-1.201522543312792E-5
,-1.1122232131634115E-5
,-1.0305940088949647E-5
,-9.839362435202391E-6
,-1.1135929189212792E-5
,-1.1567619838859645E-5
,-1.0852531650690017E-5
,-1.128458091072928E-5
,-1.1994290347232623E-5
,-1.177908449823951E-5
,-1.1278179550168312E-5
,-1.090799236812422E-5
,-1.1293880662479853E-5
,-1.1818136044894343E-5
,-1.143766382517276E-5
,-1.2390392469199099E-5
,-1.0864416860082809E-5
,-1.149583429785842E-5
,-1.2055496106903E-5
,-1.2613508698888364E-5
,-1.195341010989742E-5
,-1.2982504779723024E-5
,-1.2314022603311093E-5
,-1.1801206777885522E-5
,-1.2130065173281494E-5
,-1.2062038135977841E-5
,-1.2559958661397644E-5
,-1.201081916709275E-5
,-1.18475524046786E-5
,-1.2508219731023052E-5
,-1.293559425566518E-5
,-1.3723778465646319E-5
,-1.1706771180831343E-5
,-1.1643301655163264E-5
