system:time_start,evaporation_from_vegetation_transpiration
,-2.0150605674986593E-5
,-1.781432774146526E-5
,-2.0915936213408504E-5
,-1.703561241995793E-5
,-2.0923104112507247E-5
,-1.86511400291541E-5
,-1.9585925485074952E-5
,-2.131135092434082E-5
,-1.8531688919461303E-5
,-1.9144506871310547E-5
,-2.2445366994361393E-5
,-1.8428736992696624E-5
,-2.0509072519548614E-5
,-1.849262264221434E-5
,-2.013919844972881E-5
,-1.8024567406678546E-5
,-2.180961757034495E-5
,-2.0986122104079474E-5
,-2.249788222020404E-5
,-1.917372956877048E-5
,-1.9943451648493692E-5
,-2.1852011939146273E-5
,-1.6437232973302066E-5
,-1.8320683380622633E-5
,-2.0358965243297234E-5
,-2.1281373741710897E-5
,-2.2392653656846754E-5
,-2.1743320389034945E-5
,-1.921274127633534E-5
,-2.20120165212775E-5
,-1.807147136655724E-5
,-2.3048771623322953E-5
,-2.2177841922224406E-5
,-2.0227360173653256E-5
