system:time_start,evaporation_from_vegetation_transpiration
,-2.3133537702939985E-4
,-2.2325446943587045E-4
,-2.6339160461342045E-4
,-2.3320526821700552E-4
,-2.5015083505861875E-4
,-2.3517373969737272E-4
,-2.5035059667354145E-4
,-2.7448406035546213E-4
,-2.4921049226190657E-4
,-2.3620510207375897E-4
,-2.528247051047621E-4
,-2.331936261098549E-4
,-2.2512822299657943E-4
,-2.2580772558243573E-4
,-2.622529597421566E-4
,-2.0905073045563268E-4
,-2.2314093363699314E-4
,-2.826488948655957E-4
,-2.611164911296777E-4
,-2.673949365371613E-4
,-2.362644557764014E-4
,-2.7563449915676797E-4
,-2.458384019885033E-4
,-2.534006799400775E-4
,-2.5790339476844073E-4
,-2.589906247176886E-4
,-2.9964512441438274E-4
,-2.474530424165253E-4
,-2.2659004479851582E-4
,-2.7344570058296256E-4
,-2.4296477926557487E-4
,-3.026657495134171E-4
,-2.477517075920792E-4
,-2.1047040972812337E-4
