system:time_start,evaporation_from_vegetation_transpiration
,-1.3397090849968016E-4
,-1.1965674569932813E-4
,-1.3651393164179659E-4
,-1.1654548743258022E-4
,-1.4102002780020834E-4
,-1.3514843272020106E-4
,-1.3572105294486176E-4
,-1.3786231120213095E-4
,-1.2141467897900896E-4
,-1.2690290996195605E-4
,-1.358693837724094E-4
,-1.2548220997083169E-4
,-1.3809987850502673E-4
,-1.3140041992759944E-4
,-1.424873627724808E-4
,-1.1956984041290453E-4
,-1.342628877358518E-4
,-1.3428191075254075E-4
,-1.3814125623726073E-4
,-1.2836374726566438E-4
,-1.2838566522472333E-4
,-1.4188668203240468E-4
,-1.1156675749260907E-4
,-1.2572989163662016E-4
,-1.2918302670673695E-4
,-1.3370019751532427E-4
,-1.4352300802027233E-4
,-1.3520144858226885E-4
,-1.2935069719852133E-4
,-1.4951139293692991E-4
,-1.3008837614216802E-4
,-1.3820349781787182E-4
,-1.2796490084364046E-4
,-1.3159494575205194E-4
