system:time_start,evaporation_from_vegetation_transpiration
,-4.9134655159386785E-5
,-4.5209843287296946E-5
,-5.2108043290026406E-5
,-4.8602965384192176E-5
,-5.111058201816609E-5
,-4.677879804541019E-5
,-5.376734160224669E-5
,-6.0929978708907794E-5
,-4.9430598543646435E-5
,-5.070156926818775E-5
,-5.1510764965582096E-5
,-4.8554388737173605E-5
,-4.359994150838568E-5
,-4.984329455456805E-5
,-4.9779899492540265E-5
,-4.8229823647381955E-5
,-4.946523699532811E-5
,-4.850288674859649E-5
,-5.474183847528527E-5
,-5.2011592989027335E-5
,-4.832645715984707E-5
,-5.190837158913971E-5
,-5.1676572897407565E-5
,-4.897301233523096E-5
,-5.6369928150910284E-5
,-5.412438671662718E-5
,-5.687529474551624E-5
,-4.7006477781870474E-5
,-4.583164032630841E-5
,-4.8938442912413835E-5
,-5.1265115033339846E-5
,-6.295965097652857E-5
,-5.193807953094388E-5
,-4.82855019500301E-5
