system:time_start,evaporation_from_vegetation_transpiration
,-2.7657687588339462E-5
,-2.473309866549553E-5
,-2.6749512246113214E-5
,-2.5521108578376614E-5
,-2.6509107647848568E-5
,-2.6670899232574234E-5
,-2.7454937685257574E-5
,-2.6891237388370833E-5
,-2.5323893500482045E-5
,-2.7742043320633752E-5
,-2.4863214791768643E-5
,-2.471781646832372E-5
,-2.795541329464339E-5
,-2.3805724143927334E-5
,-2.7718737948971954E-5
,-2.5679486152653266E-5
,-2.5067075688455997E-5
,-2.7015331693820733E-5
,-2.7028153038041325E-5
,-2.8734314004706066E-5
,-2.5706091474257982E-5
,-2.5478950128883802E-5
,-2.4437019969492355E-5
,-2.6123607630176783E-5
,-2.572453095056044E-5
,-2.861703695427507E-5
,-2.985799337623103E-5
,-2.776931467437404E-5
,-2.5356550430624056E-5
,-2.8797582023636733E-5
,-2.912192108894043E-5
,-2.8530759248165538E-5
,-2.4848025334855023E-5
,-2.646470562298376E-5
