system:time_start,evaporation_from_vegetation_transpiration
,-1.06758114573798E-5
,-8.17114732853952E-6
,-9.592324052694797E-6
,-1.0153383906678453E-5
,-9.484419479122154E-6
,-9.056684120878344E-6
,-1.028872945122809E-5
,-1.1586358292940227E-5
,-9.719221907289468E-6
,-1.0569201397932678E-5
,-9.875531304714968E-6
,-9.968574431695744E-6
,-8.65121395084619E-6
,-9.775699406115262E-6
,-9.876618454048488E-6
,-9.331755033296456E-6
,-9.482731456955664E-6
,-9.689960734249327E-6
,-1.0002486912223201E-5
,-1.1022319540643368E-5
,-1.04963934669892E-5
,-1.0863495087202564E-5
,-1.0686375238340892E-5
,-1.0787024166347693E-5
,-1.131042745328159E-5
,-1.175044387006589E-5
,-1.1339816865074683E-5
,-1.0313247154651132E-5
,-9.264500931749355E-6
,-9.382899709938405E-6
,-9.975496899035836E-6
,-1.2618602340808142E-5
,-1.0168472726945765E-5
,-9.707168374006871E-6
