system:time_start,evaporation_from_vegetation_transpiration
,-3.5625651339375368E-6
,-3.2466391929662213E-6
,-3.6560526208823395E-6
,-3.0766033185564243E-6
,-3.977023959777669E-6
,-3.3367614378221337E-6
,-3.6359934120698377E-6
,-3.8629730210104435E-6
,-3.60876170465449E-6
,-3.4560115748542576E-6
,-3.961267267234354E-6
,-3.4006387770141214E-6
,-3.728240061032569E-6
,-3.385944549798998E-6
,-3.6592725512475648E-6
,-3.205877778543111E-6
,-3.752611024665703E-6
,-3.673822328365579E-6
,-3.973906914006077E-6
,-3.5128872727989544E-6
,-3.5273704174630298E-6
,-4.1302333046220605E-6
,-3.141058458136844E-6
,-3.3806657946817653E-6
,-3.6141315528463256E-6
,-3.659053634277243E-6
,-3.7734396659959053E-6
,-3.909325274881874E-6
,-3.644158807634213E-6
,-4.005148104880119E-6
,-3.311419644441023E-6
,-4.065455996488597E-6
,-4.0895101687566605E-6
,-3.6838382265271143E-6
