system:time_start,evaporation_from_vegetation_transpiration
,-1.0559586856591824E-5
,-9.279419516263129E-6
,-1.0271611695532643E-5
,-9.025174811194162E-6
,-1.09634924835215E-5
,-9.890214451366948E-6
,-1.0175979956069826E-5
,-1.0418305862999876E-5
,-9.65801594984008E-6
,-9.865486953501767E-6
,-1.0495263614713966E-5
,-9.640036919985763E-6
,-1.0677343709089437E-5
,-1.0177646756693277E-5
,-1.0430908895657574E-5
,-9.60408435189276E-6
,-1.0124545813249867E-5
,-1.029951818054542E-5
,-1.0764512435777023E-5
,-1.0014399768330069E-5
,-9.889132031405873E-6
,-1.085881679803909E-5
,-9.131507786583999E-6
,-9.657650021143214E-6
,-1.0043225691853358E-5
,-1.0649393464388723E-5
,-1.1158807336912667E-5
,-1.125182127344444E-5
,-1.0147255116386247E-5
,-1.1126182878450932E-5
,-1.025119055979996E-5
,-1.0655598608926603E-5
,-9.992033907716782E-6
,-1.0109266787323921E-5
