system:time_start,evaporation_from_vegetation_transpiration
,-2.1450760012593976E-5
,-2.0670774516177075E-5
,-2.3115652494884114E-5
,-1.9669347627223564E-5
,-2.4180913412998286E-5
,-2.0933784970388018E-5
,-2.167079072566131E-5
,-2.3591350412577645E-5
,-2.106519098810944E-5
,-2.2173427668992738E-5
,-2.49782820444194E-5
,-2.0254642076481253E-5
,-2.3183266782926528E-5
,-2.1245820709992317E-5
,-2.3657398875183233E-5
,-2.0815966202499966E-5
,-2.4071096039100755E-5
,-2.3813860785828467E-5
,-2.416912087810169E-5
,-2.212255571577228E-5
,-2.2325129204588652E-5
,-2.5841121981618246E-5
,-1.9440865394749883E-5
,-2.0919153961032692E-5
,-2.2628036494794363E-5
,-2.299331947929656E-5
,-2.4174872027958228E-5
,-2.4229017045181748E-5
,-2.17313423512125E-5
,-2.280698575767721E-5
,-2.1057005328364874E-5
,-2.689150559814812E-5
,-2.2896558332656254E-5
,-2.2443645182605192E-5
