system:time_start,evaporation_from_vegetation_transpiration
,-0.0010812032303778992
,-9.606857229034723E-4
,-0.0013170592763621328
,-9.355739621826865E-4
,-0.0012187093205986395
,-9.876994225081232E-4
,-0.0012192005362457916
,-0.0012159793531021433
,-0.0011359040614394354
,-0.0010971983757100822
,-0.0011412325773573406
,-0.001133184314908222
,-0.0010800306870018634
,-0.0010092914857076514
,-0.0012176092389578456
,-9.331849450334854E-4
,-0.0010813392364549433
,-0.0012540608054994623
,-0.0012317425906246291
,-0.0012500268950767265
,-0.0010383508577337794
,-0.0013351955656095834
,-0.0010255684432120807
,-0.0011679878649555422
,-0.0011578536868112502
,-0.0011962134923703546
,-0.0012125557590405268
,-0.0011891012460097437
,-9.856596310974534E-4
,-0.0012554921990669213
,-0.0010301010214847637
,-0.0014415619631715042
,-0.0011408253043427659
,-9.667828122708042E-4
