system:time_start,evaporation_from_vegetation_transpiration
,-4.099844508428677E-5
,-3.579347663396743E-5
,-4.294157671128315E-5
,-3.99923888339386E-5
,-4.152246781979391E-5
,-3.79438585668774E-5
,-4.516166275910412E-5
,-5.141466664843558E-5
,-4.1808270025560915E-5
,-4.204333069510264E-5
,-4.252587881858221E-5
,-4.0564831689345844E-5
,-3.5330111076649644E-5
,-4.301017868397828E-5
,-3.9802898203506075E-5
,-3.936058133011542E-5
,-3.962903952704051E-5
,-3.9188384162667774E-5
,-4.445031151011459E-5
,-4.4905591439050056E-5
,-3.869246470320363E-5
,-4.352874974288032E-5
,-4.275801444292125E-5
,-4.1318818727053106E-5
,-4.63408221989856E-5
,-4.767605318964784E-5
,-4.583332564366035E-5
,-3.8486651068193496E-5
,-3.853356269466916E-5
,-3.9711142535176776E-5
,-4.3123692497223E-5
,-5.3523349517049745E-5
,-4.2441862178472526E-5
,-4.003621798994683E-5
