system:time_start,evaporation_from_vegetation_transpiration
,-1.3289563094541563E-4
,-1.222073989513222E-4
,-1.367410208376059E-4
,-1.314280448064643E-4
,-1.2555233079480967E-4
,-1.2494542027103114E-4
,-1.4733577322165802E-4
,-1.5916964907485663E-4
,-1.32648574841194E-4
,-1.358821771791108E-4
,-1.3725984129791172E-4
,-1.2688977231141462E-4
,-1.1627541305174112E-4
,-1.3125738887222134E-4
,-1.2681618586509583E-4
,-1.1917918100208546E-4
,-1.2219656783285607E-4
,-1.382361752377344E-4
,-1.359242179597907E-4
,-1.3210366166606006E-4
,-1.2538989434546767E-4
,-1.3581869718671069E-4
,-1.360130362104754E-4
,-1.2584470757427303E-4
,-1.3362693519844912E-4
,-1.466821639391545E-4
,-1.4445298662963768E-4
,-1.3406768660877637E-4
,-1.248609884519162E-4
,-1.413341271625258E-4
,-1.3683739518515213E-4
,-1.5664201532811947E-4
,-1.2196118550417125E-4
,-1.1952873576054654E-4
