system:time_start,evaporation_from_vegetation_transpiration
,-1.0172298714631977E-5
,-8.954378594913018E-6
,-1.0203475026989905E-5
,-8.982585197186267E-6
,-1.0342792544785576E-5
,-9.422254804984475E-6
,-1.0172150443675211E-5
,-1.0344580191602477E-5
,-9.933547213828811E-6
,-9.729024849291771E-6
,-1.0680758817052732E-5
,-9.472028558285763E-6
,-1.1085447206427583E-5
,-9.757946314400611E-6
,-1.0269067551678E-5
,-9.481629697405971E-6
,-1.025414987965726E-5
,-1.0436276380250301E-5
,-1.096388302521052E-5
,-1.009525527852253E-5
,-9.715558217766767E-6
,-1.0984778176255835E-5
,-9.212504758183151E-6
,-9.442977105395701E-6
,-9.924578150205958E-6
,-1.061220231909269E-5
,-1.0845902253118442E-5
,-1.1398269961295555E-5
,-9.839086441132122E-6
,-1.0801787282570076E-5
,-9.821337721988153E-6
,-1.0748548167892015E-5
,-1.0598264289467645E-5
,-9.899783132520193E-6
