system:time_start,evaporation_from_vegetation_transpiration
,-1.0406218825664837E-4
,-9.514001916007449E-5
,-1.0206906821016067E-4
,-9.128234341915231E-5
,-1.0145438985394624E-4
,-9.288675270605988E-5
,-9.155343650490977E-5
,-9.6509247062689E-5
,-9.048020486564685E-5
,-9.449251895906248E-5
,-1.0896747213943551E-4
,-9.655802083822589E-5
,-1.002568375649086E-4
,-9.752239687562299E-5
,-1.0299642599420622E-4
,-9.22088523414762E-5
,-1.0746567628909058E-4
,-1.0154209485335741E-4
,-1.1064199801088155E-4
,-9.33565655335163E-5
,-9.863081080159948E-5
,-1.0608571816798455E-4
,-8.46671706919248E-5
,-9.6158360975096E-5
,-9.393394672467063E-5
,-9.693259562482126E-5
,-1.064865446096519E-4
,-1.0588912785654732E-4
,-8.91338859219104E-5
,-1.1019081042225783E-4
,-9.087905831014116E-5
,-1.1180402786218717E-4
,-1.0301395195710938E-4
,-9.880789487700288E-5
