system:time_start,evaporation_from_vegetation_transpiration
,-9.924680246816328E-6
,-8.96179881237913E-6
,-1.0873570621091252E-5
,-8.53964957059361E-6
,-1.0174693670705892E-5
,-9.562583727529272E-6
,-1.051858089340385E-5
,-1.103295047262994E-5
,-9.856282000934394E-6
,-9.058404733271649E-6
,-1.011046091055808E-5
,-9.523460297108008E-6
,-9.79604434784657E-6
,-9.406624182399051E-6
,-1.0751771696959622E-5
,-9.110495132820992E-6
,-9.616085056525966E-6
,-9.646269366688406E-6
,-1.110012150699428E-5
,-1.1017062206519768E-5
,-9.86323539109435E-6
,-1.0489763250613274E-5
,-9.615206484644053E-6
,-9.975530701922253E-6
,-1.064185259262255E-5
,-9.650472444870198E-6
,-1.1664558769552968E-5
,-1.1402817108319141E-5
,-9.487999098685881E-6
,-1.1372609151294455E-5
,-9.873817665114379E-6
,-1.1532676580827683E-5
,-9.922387713838058E-6
,-1.0032205561098332E-5
