system:time_start,evaporation_from_vegetation_transpiration
,-5.921690989717516E-6
,-5.465759850847733E-6
,-6.040777452331339E-6
,-5.246950803156975E-6
,-6.206185396051476E-6
,-5.624779787596566E-6
,-6.085956169470669E-6
,-6.310032236436051E-6
,-5.668149810038335E-6
,-5.626202585627258E-6
,-6.2317526079829884E-6
,-5.6792875724606845E-6
,-6.403816337135772E-6
,-5.702951876364041E-6
,-6.122465041286067E-6
,-5.7373149728143246E-6
,-6.035476672097359E-6
,-5.887799643653821E-6
,-6.432105415147327E-6
,-5.8853218833716095E-6
,-5.681814071338405E-6
,-6.383611776879228E-6
,-5.469208861167001E-6
,-5.457267363440965E-6
,-6.147160170354602E-6
,-6.102824045228771E-6
,-6.492060970069993E-6
,-6.521199025908908E-6
,-5.720203275072342E-6
,-6.443225632707344E-6
,-5.747353704419178E-6
,-6.256322368689655E-6
,-6.254919140920842E-6
,-6.09423224874095E-6
