system:time_start,evaporation_from_vegetation_transpiration
,-1.6733486080300753E-5
,-1.4683086259605329E-5
,-1.6203918440388172E-5
,-1.4037907459607124E-5
,-1.6689172567836335E-5
,-1.470075605741133E-5
,-1.5416316205961195E-5
,-1.6454581681399657E-5
,-1.4489067696019817E-5
,-1.5217275412632499E-5
,-1.7842175920021775E-5
,-1.4845362144384394E-5
,-1.6173828481879792E-5
,-1.4940961288327039E-5
,-1.6314187666500433E-5
,-1.439912921341602E-5
,-1.7230189129164772E-5
,-1.672120652074227E-5
,-1.8053921781689428E-5
,-1.514522315388873E-5
,-1.5640481925166334E-5
,-1.7539599496187833E-5
,-1.3083979832083935E-5
,-1.4367497594018154E-5
,-1.601566634269181E-5
,-1.6913072748273543E-5
,-1.730433595420672E-5
,-1.7495781287801003E-5
,-1.550138030223833E-5
,-1.718314989476413E-5
,-1.4608948057920551E-5
,-1.9091400544210854E-5
,-1.7269364838688893E-5
,-1.6160200916433326E-5
