system:time_start,evaporation_from_vegetation_transpiration
,-2.45141147301876E-5
,-2.5740380459908574E-5
,-2.443922381817607E-5
,-2.6421928071483437E-5
,-2.555400983727027E-5
,-2.483243527725184E-5
,-2.551730548951863E-5
,-2.713031513156325E-5
,-2.6400206652830263E-5
,-2.6150912162847814E-5
,-2.3942149450054524E-5
,-2.479691673735423E-5
,-2.668925948715436E-5
,-2.5371866979098523E-5
,-2.5783074999621714E-5
,-2.7644944306562786E-5
,-2.391742973053451E-5
,-2.6688095160699005E-5
,-2.6972216541512998E-5
,-2.7716646183675734E-5
,-2.4477461573994893E-5
,-2.5430419381813235E-5
,-2.5296408369156E-5
,-2.4374428470591304E-5
,-2.7381587729212782E-5
,-2.9641602633914555E-5
,-2.3947177743095727E-5
,-2.903112839530444E-5
,-2.8733352207512197E-5
,-2.6659090941566753E-5
,-3.266620175660743E-5
,-2.7864806681810437E-5
,-2.7487858460517604E-5
,-2.6778466105627433E-5
