system:time_start,evaporation_from_vegetation_transpiration
,-8.139365375708379E-6
,-6.7727150370131745E-6
,-7.315527032615462E-6
,-7.472439215833271E-6
,-7.401991622208309E-6
,-7.077058300418609E-6
,-7.778096404867383E-6
,-8.112558879645978E-6
,-7.900556074103128E-6
,-7.681897367069527E-6
,-7.659660532606909E-6
,-7.49367923515323E-6
,-6.473713510070222E-6
,-7.824323662360676E-6
,-7.26297697690496E-6
,-7.028571569464177E-6
,-7.3849671992075524E-6
,-7.292724351493441E-6
,-8.36444655620879E-6
,-8.456159737924812E-6
,-7.596385887651309E-6
,-8.386181604657277E-6
,-8.310434203058667E-6
,-8.139353994159677E-6
,-8.316859180152962E-6
,-9.209824761013938E-6
,-8.90541579248942E-6
,-8.138261998662505E-6
,-7.147822129714268E-6
,-7.854110401401269E-6
,-7.94940714438407E-6
,-9.994832490706732E-6
,-7.678639480976881E-6
,-7.801292994521272E-6
