system:time_start,evaporation_from_vegetation_transpiration
,-3.755802439021257E-4
,-3.381878056340308E-4
,-3.4256761136930436E-4
,-3.4666080864553805E-4
,-3.5767254303209484E-4
,-3.495858351622398E-4
,-3.529086983083592E-4
,-3.5478733176811755E-4
,-3.7771851202705875E-4
,-3.7287974858675926E-4
,-3.584141437992609E-4
,-3.4619751265078474E-4
,-3.616271181575333E-4
,-3.334945868118666E-4
,-3.331630935766346E-4
,-3.477792906778632E-4
,-3.4703592367198627E-4
,-3.6616966523676336E-4
,-3.5890867123574327E-4
,-3.694801853271201E-4
,-3.410522883010951E-4
,-3.4828385832952335E-4
,-3.476981613251458E-4
,-3.6499145001774497E-4
,-3.437892598109708E-4
,-3.7235483675128006E-4
,-3.735212139872601E-4
,-3.588254324616476E-4
,-3.644618251807212E-4
,-3.6400784423070337E-4
,-3.7038047472985153E-4
,-3.65832268774587E-4
,-3.4930471580689E-4
,-3.602137342871477E-4
