system:time_start,evaporation_from_vegetation_transpiration
,-8.99447150004562E-6
,-8.19876792472011E-6
,-7.619028716968994E-6
,-7.338866756375258E-6
,-7.917173206806183E-6
,-8.031800462049432E-6
,-7.764566665476499E-6
,-7.602457117172889E-6
,-8.81995705033963E-6
,-8.601843243620047E-6
,-7.698636788215177E-6
,-7.812754726425434E-6
,-8.616444877892112E-6
,-8.226540861263251E-6
,-9.065451498220986E-6
,-9.315959687228315E-6
,-7.680903460520009E-6
,-8.723529390408657E-6
,-9.429028068552725E-6
,-9.181997180955174E-6
,-8.75390469445847E-6
,-9.25612160547947E-6
,-9.238841812475584E-6
,-8.749868963301802E-6
,-9.22793818366093E-6
,-9.02549193900389E-6
,-8.740311386645772E-6
,-8.465710076658676E-6
,-9.073427160425732E-6
,-9.156983651337214E-6
,-9.893548849504441E-6
,-9.637606126489118E-6
,-8.819687233578103E-6
,-9.130457328865305E-6
