system:time_start,evaporation_from_vegetation_transpiration
,-1.279588867737063E-4
,-1.1666464306010708E-4
,-1.313776961822835E-4
,-1.1249098677517904E-4
,-1.3286582811528606E-4
,-1.2592846243096592E-4
,-1.262981932617754E-4
,-1.322160228677235E-4
,-1.186866144613139E-4
,-1.1848239382287306E-4
,-1.2932302040712137E-4
,-1.193402229953974E-4
,-1.3049792058176336E-4
,-1.2694330009036862E-4
,-1.3540321263533748E-4
,-1.1589480619086413E-4
,-1.3072525183195012E-4
,-1.235823915010983E-4
,-1.3218922501502818E-4
,-1.2452983501617235E-4
,-1.2607952482997386E-4
,-1.340195788654185E-4
,-1.1370601971626426E-4
,-1.2502666420602298E-4
,-1.2744495903567316E-4
,-1.307206647389208E-4
,-1.394208003344673E-4
,-1.2923291092340467E-4
,-1.240899898504803E-4
,-1.4507566131475582E-4
,-1.2240176432496257E-4
,-1.335172156534525E-4
,-1.2930076427078883E-4
,-1.2986087665571884E-4
