system:time_start,evaporation_from_vegetation_transpiration
,-3.241450212954077E-5
,-2.6540323233348317E-5
,-3.0886524149941077E-5
,-2.924067222112272E-5
,-3.026901928630347E-5
,-2.9240897371588897E-5
,-3.2659995566872465E-5
,-3.7082232059522845E-5
,-3.26076701134702E-5
,-3.314584420069069E-5
,-3.129163410954384E-5
,-3.064346593520087E-5
,-2.582055357278376E-5
,-3.157742078959321E-5
,-3.0179944789981368E-5
,-2.9097254405820018E-5
,-2.99746118091409E-5
,-2.950243894398833E-5
,-3.297782617058449E-5
,-3.471740213475035E-5
,-3.021131851710379E-5
,-3.436217634266036E-5
,-3.2384235964855186E-5
,-3.290363282657281E-5
,-3.4955537355724824E-5
,-3.668886893137824E-5
,-3.443109886171038E-5
,-3.0927856844047914E-5
,-2.9948244749296766E-5
,-3.1224381624876216E-5
,-3.230871213114976E-5
,-4.104325691716642E-5
,-3.260118379936709E-5
,-3.240616509477453E-5
