system:time_start,evaporation_from_vegetation_transpiration
,-1.9731441586182085E-5
,-1.651970938807679E-5
,-1.741954223195344E-5
,-1.7107778650315897E-5
,-1.780306318645589E-5
,-1.6901816654705574E-5
,-1.8828531569908344E-5
,-1.9713538856677465E-5
,-1.8851699053591075E-5
,-1.913954583645215E-5
,-1.8801284987517057E-5
,-1.7667666766344603E-5
,-1.5152287719483343E-5
,-1.8649013413460315E-5
,-1.771876672990649E-5
,-1.624596011742864E-5
,-1.744727513950137E-5
,-1.7157269504412082E-5
,-1.9513439505085308E-5
,-2.0022464665134416E-5
,-1.77530026518265E-5
,-2.025129338238942E-5
,-1.973553993399044E-5
,-1.97023753519158E-5
,-1.9320986264222636E-5
,-2.1059675972586313E-5
,-2.0062246723173605E-5
,-1.8622237286853092E-5
,-1.6772800912572037E-5
,-1.8554054059741213E-5
,-1.8750840429042482E-5
,-2.372505113881545E-5
,-1.8125026942055422E-5
,-1.849333684469397E-5
