system:time_start,evaporation_from_vegetation_transpiration
,-5.101497146914667E-6
,-3.990493361790733E-6
,-4.643169822772091E-6
,-4.735063550559757E-6
,-4.340260411594006E-6
,-4.386528607825806E-6
,-5.163416916067585E-6
,-5.81914281172902E-6
,-4.877374005535571E-6
,-5.3278159207871394E-6
,-4.844927995388084E-6
,-4.783924615131347E-6
,-4.12586439464868E-6
,-4.4375907618589815E-6
,-4.4256885527750985E-6
,-4.313785694525174E-6
,-4.564590580915216E-6
,-4.463363596041295E-6
,-4.705363585625166E-6
,-4.720131758482622E-6
,-4.553747944387228E-6
,-4.8020093895446075E-6
,-4.870676509008375E-6
,-4.65839184471406E-6
,-4.945976562103843E-6
,-5.396324608519523E-6
,-5.28847223545143E-6
,-4.93667454223068E-6
,-4.305450411378349E-6
,-4.368917085050697E-6
,-4.340150957836563E-6
,-5.554767433492133E-6
,-4.078478283460114E-6
,-4.295444959109178E-6
