system:time_start,evaporation_from_vegetation_transpiration
,-3.371896135730721E-5
,-2.972716445381391E-5
,-3.306274677217717E-5
,-3.0760567339408834E-5
,-3.342180218371343E-5
,-3.231975153741789E-5
,-3.3983586642231486E-5
,-3.341640756641734E-5
,-3.068369883799783E-5
,-3.335876504530056E-5
,-3.073795086392137E-5
,-3.0568756442840416E-5
,-3.370051732013559E-5
,-2.8939244121930744E-5
,-3.4608842320772564E-5
,-3.148979364292851E-5
,-3.067218904106994E-5
,-3.2670343221575934E-5
,-3.407209464462034E-5
,-3.592810040168439E-5
,-3.092338877953201E-5
,-3.1386476782952536E-5
,-3.005532109657199E-5
,-3.183459669647467E-5
,-3.20601878431464E-5
,-3.548232813651945E-5
,-3.6447520940580744E-5
,-3.410015899337142E-5
,-3.1072545839884295E-5
,-3.572636366394969E-5
,-3.399052176165343E-5
,-3.443976037386973E-5
,-3.09967114440547E-5
,-3.299046392284153E-5
