system:time_start,evaporation_from_vegetation_transpiration
,-6.749527765056751E-5
,-6.934072162943092E-5
,-6.99905235644353E-5
,-6.617725401116651E-5
,-7.321933161610735E-5
,-6.326620094572077E-5
,-7.513260205693774E-5
,-6.924630123588126E-5
,-6.819963036683828E-5
,-7.566103555295725E-5
,-6.389554486801596E-5
,-7.623415490892669E-5
,-6.419260150272341E-5
,-7.259895287632336E-5
,-7.07579717727873E-5
,-7.417484133639111E-5
,-6.356212538474027E-5
,-7.43579271075084E-5
,-6.684662140646317E-5
,-6.978503356501669E-5
,-6.888444136908397E-5
,-6.952727108592542E-5
,-7.657885793668464E-5
,-7.067670854801586E-5
,-7.060507641394225E-5
,-7.723356829107269E-5
,-6.793136171374031E-5
,-7.002561808355769E-5
,-7.197122026152845E-5
,-7.084440417819502E-5
,-6.635355497645426E-5
,-6.942019448602205E-5
,-6.830475060719408E-5
,-7.146340171594706E-5
