system:time_start,evaporation_from_vegetation_transpiration
,-2.089344763723505E-5
,-2.270970293527895E-5
,-2.2097569972123442E-5
,-2.2474076946813215E-5
,-2.2611861571171033E-5
,-2.239180292564544E-5
,-2.2240539404825375E-5
,-2.360682556994975E-5
,-2.369553713849154E-5
,-2.287476206225301E-5
,-2.1108594672237446E-5
,-2.1196847999324405E-5
,-2.3337996879357078E-5
,-2.166031338618134E-5
,-2.3081750066531297E-5
,-2.367790247812554E-5
,-2.1278955331180735E-5
,-2.3582432058798988E-5
,-2.3930069975986404E-5
,-2.4349680083269773E-5
,-2.2308886431254276E-5
,-2.319689841599317E-5
,-2.1729089200824215E-5
,-2.18122014369734E-5
,-2.3960347794536315E-5
,-2.399501168982344E-5
,-2.0531198816123355E-5
,-2.4890395709758066E-5
,-2.607847928542428E-5
,-2.2739538133074008E-5
,-2.7502059043594902E-5
,-2.4411039302614915E-5
,-2.4056005107316505E-5
,-2.35294757175258E-5
