system:time_start,evaporation_from_vegetation_transpiration
,-8.865522047121364E-7
,-9.253755863456698E-7
,-8.457369512509999E-7
,-8.781747600254039E-7
,-8.338513094837242E-7
,-8.328129440583876E-7
,-8.532541406456347E-7
,-8.454821569890256E-7
,-9.624446597875822E-7
,-8.892580525048779E-7
,-8.746191425245893E-7
,-8.325478240903961E-7
,-9.210311398066497E-7
,-9.392494679948742E-7
,-9.830515925536183E-7
,-9.803041523464555E-7
,-9.076342918992329E-7
,-9.132584110581954E-7
,-9.72938026552734E-7
,-9.495353613716395E-7
,-9.082204951708951E-7
,-9.624206599870938E-7
,-9.683198598155577E-7
,-8.966840782531368E-7
,-9.470289568681267E-7
,-9.533425212760918E-7
,-9.278383290703651E-7
,-9.461006387934214E-7
,-9.912905798694829E-7
,-9.230473794558148E-7
,-1.0533493942884996E-6
,-1.0096899382270037E-6
,-9.482171792679066E-7
,-9.761513874718956E-7
