system:time_start,evaporation_from_vegetation_transpiration
,-6.749520568215909E-5
,-6.520244171648907E-5
,-6.877462129826502E-5
,-6.363320118301392E-5
,-7.193287286402969E-5
,-7.112231845288383E-5
,-7.067838979613346E-5
,-7.383571505973426E-5
,-6.588170855441906E-5
,-6.817919852134461E-5
,-6.49243145987081E-5
,-6.735198985552415E-5
,-6.919273308691723E-5
,-6.482079297711607E-5
,-7.42697704602809E-5
,-7.053035815867285E-5
,-6.674145278035819E-5
,-7.450748640015566E-5
,-7.438663829816506E-5
,-7.532104558777064E-5
,-6.851692788283496E-5
,-6.679241201103044E-5
,-6.731553400944298E-5
,-6.732055291649885E-5
,-7.744131651027904E-5
,-7.67350282209615E-5
,-7.455886816993977E-5
,-7.151286200193377E-5
,-6.6106628170625E-5
,-7.791453987010754E-5
,-8.136088016423552E-5
,-8.064925190410576E-5
,-7.08648667205125E-5
,-6.945373320680422E-5
