system:time_start,evaporation_from_vegetation_transpiration
,-1.287121235859727E-4
,-1.076129930744948E-4
,-1.2341342658651734E-4
,-1.1956276853366202E-4
,-1.1821889899389742E-4
,-1.1443311164098471E-4
,-1.2988145787218216E-4
,-1.5192739758478839E-4
,-1.308201061975625E-4
,-1.435733454450706E-4
,-1.2913642890284623E-4
,-1.1970902461918606E-4
,-1.0292459854234174E-4
,-1.1290593805218429E-4
,-1.1152849491972355E-4
,-1.0858497695422827E-4
,-1.155603088827101E-4
,-1.1640677086554072E-4
,-1.2010649898675856E-4
,-1.2106049033280686E-4
,-1.1768802213973013E-4
,-1.2063117577512189E-4
,-1.231494648285055E-4
,-1.1279185751104874E-4
,-1.2838109283216505E-4
,-1.3749521890363045E-4
,-1.2701709483398763E-4
,-1.26211300219573E-4
,-1.0872493518642538E-4
,-1.1999902001628435E-4
,-1.1460430559964154E-4
,-1.4424111240832308E-4
,-1.0270714508267162E-4
,-1.0906082664371717E-4
