system:time_start,evaporation_from_vegetation_transpiration
,-1.5941274043733693E-4
,-1.454199914374826E-4
,-1.553298924335234E-4
,-1.48756595746252E-4
,-1.6199404013024076E-4
,-1.5377626728935775E-4
,-1.5149956499455094E-4
,-1.5131512295317622E-4
,-1.4705195058717341E-4
,-1.582054815186519E-4
,-1.4942519335235305E-4
,-1.4550355327037624E-4
,-1.5848945367685964E-4
,-1.5288754948195802E-4
,-1.5066039397745856E-4
,-1.4792917737714803E-4
,-1.543924596782216E-4
,-1.5078859943796295E-4
,-1.5199060020982044E-4
,-1.5689252754462002E-4
,-1.5012203358804566E-4
,-1.4894465988858575E-4
,-1.4209325465711252E-4
,-1.4954273203204925E-4
,-1.4559136366651396E-4
,-1.5336721990755466E-4
,-1.6573085508760665E-4
,-1.6085886812668214E-4
,-1.510254147712254E-4
,-1.6853556624774394E-4
,-1.6079610977686368E-4
,-1.5127225181749878E-4
,-1.4654550849136025E-4
,-1.4771305913459086E-4
