system:time_start,evaporation_from_vegetation_transpiration
,-5.062224590131657E-6
,-4.742584707225934E-6
,-4.8328946535578465E-6
,-4.57287636586284E-6
,-4.650335064961603E-6
,-4.6721566835625015E-6
,-5.201773644998691E-6
,-5.171270646552793E-6
,-4.8204606047764595E-6
,-5.06465915502838E-6
,-4.982357753405792E-6
,-5.0161745787073354E-6
,-4.307916309394227E-6
,-5.078414084906921E-6
,-4.593817911831821E-6
,-5.000468995411405E-6
,-4.777424039064459E-6
,-5.0035014383408655E-6
,-5.128950203234428E-6
,-5.40280226043157E-6
,-5.152150126719507E-6
,-5.089866891076692E-6
,-5.7848180569927035E-6
,-4.90768952809727E-6
,-5.338050719816023E-6
,-5.3769957050318784E-6
,-5.627721318546092E-6
,-5.297711785737139E-6
,-5.106564989358721E-6
,-4.810750363656178E-6
,-5.112073515701788E-6
,-5.4404398244018825E-6
,-5.26951744663229E-6
,-5.30945808232979E-6
