system:time_start,evaporation_from_vegetation_transpiration
,-4.619558835567623E-5
,-4.3032268351060906E-5
,-4.049454466939114E-5
,-4.4842065366823345E-5
,-4.343329462298082E-5
,-4.50847037427593E-5
,-4.568858355246359E-5
,-4.522468607854749E-5
,-4.3093580857470543E-5
,-4.5086146789852885E-5
,-4.2680163067986954E-5
,-4.5996703175107685E-5
,-4.2376195475905355E-5
,-4.6635396346591374E-5
,-4.266331837011511E-5
,-4.598484176812253E-5
,-4.702085270229658E-5
,-3.9359934924184064E-5
,-4.39004215164174E-5
,-4.5492361033550465E-5
,-4.6322839138798264E-5
,-4.566080770018743E-5
,-4.666488769312399E-5
,-4.624103428118271E-5
,-4.405750524158208E-5
,-4.6222938100768E-5
,-4.8050658831783165E-5
,-4.7289816117043697E-5
,-4.5267865373841466E-5
,-4.3562364466839325E-5
,-4.3517998780289956E-5
,-4.706765847396466E-5
,-4.6544232066248786E-5
,-4.6792306777348914E-5
