system:time_start,evaporation_from_vegetation_transpiration
,-1.0224141683025781E-4
,-9.758404817686277E-5
,-1.0862192417941212E-4
,-9.918384435017073E-5
,-1.0257404272867647E-4
,-1.0680517326725611E-4
,-1.1507170684028526E-4
,-1.1819449597775625E-4
,-1.0712210772204168E-4
,-1.05755570847998E-4
,-1.0920522778491508E-4
,-1.0654838872376845E-4
,-1.0418359864073158E-4
,-1.0897459946801229E-4
,-1.1396628217890569E-4
,-1.0703193977186006E-4
,-1.0480957900399908E-4
,-1.0722598915069079E-4
,-1.1458639391514558E-4
,-1.1075880592147525E-4
,-1.0754593209659565E-4
,-1.1132797989111785E-4
,-1.0908516143841083E-4
,-1.0984228115816105E-4
,-1.1431935498514714E-4
,-1.1110969834619262E-4
,-1.1910782051282078E-4
,-1.1250258658722203E-4
,-1.0751245281426237E-4
,-1.1625753848088068E-4
,-1.1186105280836682E-4
,-1.2768881037294295E-4
,-1.0914764468281492E-4
,-1.0319023659644944E-4
