system:time_start,evaporation_from_vegetation_transpiration
,-8.244381971344664E-5
,-7.833291640861808E-5
,-7.996498841466752E-5
,-7.763706941965153E-5
,-7.958558225540839E-5
,-8.016827913319186E-5
,-8.012598316849499E-5
,-7.987667859783975E-5
,-7.952243650922933E-5
,-8.51122030808575E-5
,-7.756046595594409E-5
,-7.897467149264947E-5
,-7.974196271173468E-5
,-7.469684854660168E-5
,-8.380677501459668E-5
,-8.018465419505592E-5
,-7.876304704445674E-5
,-8.541093293664318E-5
,-8.638287059706312E-5
,-8.934026127266124E-5
,-8.0171946977355E-5
,-7.780667440384102E-5
,-7.784429157659373E-5
,-8.208640403991036E-5
,-8.418220855730771E-5
,-8.978570014297586E-5
,-8.502883548233574E-5
,-8.435632583053773E-5
,-8.34264451755971E-5
,-8.436810301304019E-5
,-8.766303439536037E-5
,-8.344081874486214E-5
,-8.061175859630554E-5
,-8.134918703794646E-5
