system:time_start,evaporation_from_vegetation_transpiration
,-2.8659560669013127E-5
,-2.503070944329755E-5
,-2.955557937627729E-5
,-2.7752454469178387E-5
,-2.930197978791592E-5
,-2.641636526089541E-5
,-3.108624051619009E-5
,-3.5446465805267234E-5
,-2.8684090746552896E-5
,-2.904329287762093E-5
,-2.9324284865337183E-5
,-2.7990789558968842E-5
,-2.4671017651027163E-5
,-2.9516330113234627E-5
,-2.7862015424479475E-5
,-2.716827536157022E-5
,-2.7496009520886225E-5
,-2.7338762622462184E-5
,-3.1041779802455894E-5
,-3.089319422546595E-5
,-2.6876417828690878E-5
,-3.0215268947635007E-5
,-2.9629124970743152E-5
,-2.8607976593223074E-5
,-3.20053793846547E-5
,-3.266651091573048E-5
,-3.1669627357974744E-5
,-2.6873452047056527E-5
,-2.654373595679674E-5
,-2.7747322079287903E-5
,-2.9773351282064554E-5
,-3.6909967223855264E-5
,-2.8959116993954833E-5
,-2.7336585437972294E-5
