system:time_start,evaporation_from_vegetation_transpiration
,-2.3275518591011252E-5
,-2.212137587775942E-5
,-2.4729572639140922E-5
,-2.2811967331411626E-5
,-2.3868935992747236E-5
,-2.487502509514646E-5
,-2.7119092919747345E-5
,-2.8087719329050742E-5
,-2.4221845402886782E-5
,-2.4234440085516933E-5
,-2.5620719801130083E-5
,-2.4510383809683844E-5
,-2.359283644182142E-5
,-2.4414908087540727E-5
,-2.5463936253800057E-5
,-2.4726034098421223E-5
,-2.4080127938456524E-5
,-2.397956025864308E-5
,-2.593388308014255E-5
,-2.5371437610980745E-5
,-2.4659589447158698E-5
,-2.496401854538514E-5
,-2.4901007539786708E-5
,-2.4741567661597703E-5
,-2.6681809079794522E-5
,-2.574422069301363E-5
,-2.8217985042526077E-5
,-2.5409098573921558E-5
,-2.4714949176996015E-5
,-2.575354786434521E-5
,-2.5252397487444494E-5
,-2.992494106971814E-5
,-2.545880306570325E-5
,-2.372271107257499E-5
