system:time_start,evaporation_from_vegetation_transpiration
,-2.0692938137688628E-5
,-1.7430696035652153E-5
,-1.9447460467095614E-5
,-1.7904154204491834E-5
,-1.9966311308616284E-5
,-1.9692748832139404E-5
,-1.9328094935016925E-5
,-1.9798334168236965E-5
,-1.8385959334582796E-5
,-1.9574011873503743E-5
,-1.8168502338951272E-5
,-1.786281306218977E-5
,-1.9900552693538233E-5
,-1.8918994482235227E-5
,-1.8708691485309304E-5
,-1.8196789114015353E-5
,-1.9285501496467203E-5
,-1.9402150740331436E-5
,-1.926715639932635E-5
,-1.9928030104936274E-5
,-1.9442962400803695E-5
,-1.9542410639890778E-5
,-1.7429674248671203E-5
,-1.8702857137430414E-5
,-1.9764597059942647E-5
,-1.9500062141257024E-5
,-2.1927688430878332E-5
,-2.0645229302490837E-5
,-1.9537385534411954E-5
,-2.2067948053258336E-5
,-2.1015254242229274E-5
,-2.0517514418489075E-5
,-1.8899179607008895E-5
,-1.910952811331732E-5
