system:time_start,evaporation_from_vegetation_transpiration
,-2.140572958799187E-4
,-1.9537959676336393E-4
,-2.0832222264189224E-4
,-1.9040232646740974E-4
,-2.293939008675929E-4
,-2.0221398355022948E-4
,-2.0725901452322824E-4
,-2.0808275557164318E-4
,-2.0216410110326143E-4
,-1.9281544733529117E-4
,-2.1164529868808015E-4
,-1.967660911122687E-4
,-2.1559807617915508E-4
,-2.1623151639529688E-4
,-2.2696189905228563E-4
,-1.9553697563855506E-4
,-2.133170070717249E-4
,-2.024082337582747E-4
,-2.1749994740753403E-4
,-2.1117574235453708E-4
,-2.0483598805209703E-4
,-2.1558933418320303E-4
,-1.9152183159960997E-4
,-2.1015578310517563E-4
,-2.055788073497488E-4
,-2.1346343248196823E-4
,-2.217723941202535E-4
,-2.1653731980900354E-4
,-2.0354977692185056E-4
,-2.408223329899133E-4
,-2.0617260050144592E-4
,-2.1403943631555223E-4
,-2.063784403866787E-4
,-2.1264058384213485E-4
