system:time_start,evaporation_from_vegetation_transpiration
,-8.602824250789661E-5
,-8.538873071265255E-5
,-8.005858038121794E-5
,-9.380051961252147E-5
,-8.629961537189875E-5
,-8.281703534897093E-5
,-8.813355669650738E-5
,-8.820321827757997E-5
,-8.878004040320028E-5
,-9.307379684818757E-5
,-8.273865976783011E-5
,-8.414318146947304E-5
,-8.495665354698653E-5
,-8.645168752719933E-5
,-8.191300449942027E-5
,-8.77976161361026E-5
,-9.03621654857653E-5
,-8.07430250351801E-5
,-8.442710943937997E-5
,-8.387461780917443E-5
,-8.123874921449391E-5
,-8.389720628552179E-5
,-8.467339116764086E-5
,-8.742509179897085E-5
,-8.217013513134453E-5
,-8.759471137273966E-5
,-9.165496782443076E-5
,-9.060192998610407E-5
,-8.782199386878199E-5
,-8.342095693419444E-5
,-8.638620077146726E-5
,-8.783023858431279E-5
,-9.341298839188062E-5
,-9.386017412608195E-5
