system:time_start,evaporation_from_vegetation_transpiration
,-9.48756634457051E-6
,-7.426423811314939E-6
,-8.638196959509516E-6
,-8.805150807320112E-6
,-8.072622112002026E-6
,-8.162374687151786E-6
,-9.604414255150143E-6
,-1.0826834554653475E-5
,-9.078122854010543E-6
,-9.912426542018005E-6
,-9.020190632189482E-6
,-8.9039879116392E-6
,-7.677860181006096E-6
,-8.254001813563237E-6
,-8.236246272148989E-6
,-8.025543799951928E-6
,-8.48872073358066E-6
,-8.30462875345609E-6
,-8.750385170446174E-6
,-8.78092280552003E-6
,-8.467999302383484E-6
,-8.93294941995533E-6
,-9.057893156282125E-6
,-8.666059026533428E-6
,-9.20472385504664E-6
,-1.0036284948000684E-5
,-9.834906560365308E-6
,-9.18465555128712E-6
,-8.008270621454965E-6
,-8.130455998153513E-6
,-8.072372910453744E-6
,-1.0331366369924085E-5
,-7.5810287605484285E-6
,-7.992107191856839E-6
