system:time_start,evaporation_from_vegetation_transpiration
,-1.5066174498118586E-5
,-1.2973903030584626E-5
,-1.5011282344294267E-5
,-1.281406488945253E-5
,-1.5567601914551623E-5
,-1.4232335065332193E-5
,-1.4893815401932687E-5
,-1.545755291735135E-5
,-1.3621744169780105E-5
,-1.3968477557751632E-5
,-1.4911061644687573E-5
,-1.3899023521488006E-5
,-1.5192565817351192E-5
,-1.4218027001057548E-5
,-1.4776928376795164E-5
,-1.4251264351966779E-5
,-1.4803293904858743E-5
,-1.4330197482407966E-5
,-1.544707114515521E-5
,-1.4791380173144782E-5
,-1.3882140406459837E-5
,-1.513720106667763E-5
,-1.3387101387185703E-5
,-1.394615291996671E-5
,-1.4716410620613923E-5
,-1.4788459301657284E-5
,-1.6031514344602817E-5
,-1.5960716064532603E-5
,-1.4212881462980056E-5
,-1.6191078711873636E-5
,-1.4497951099534018E-5
,-1.5329757891442186E-5
,-1.48693119233259E-5
,-1.497880597983498E-5
