system:time_start,evaporation_from_vegetation_transpiration
,-3.35760766271657E-6
,-2.9284177192797265E-6
,-3.383760486030951E-6
,-3.1779575995945684E-6
,-3.4167381575874365E-6
,-2.973640221171081E-6
,-3.720015229191631E-6
,-4.064337190357037E-6
,-3.3815964949705326E-6
,-3.415840789481687E-6
,-3.1716766291841245E-6
,-3.258450912350478E-6
,-2.7363009091156223E-6
,-3.3525508721747124E-6
,-3.303419968384939E-6
,-3.037145385557475E-6
,-3.142461234043973E-6
,-3.2685826833282286E-6
,-3.5643891654520607E-6
,-3.4886373517413935E-6
,-3.15095470189893E-6
,-3.4875217049072185E-6
,-3.4915131739883995E-6
,-3.4854911064030603E-6
,-3.6393206149417288E-6
,-3.478415843953068E-6
,-3.7323128102192036E-6
,-3.221000952180475E-6
,-3.0975152185419574E-6
,-3.2492541019261503E-6
,-3.3470745014104373E-6
,-4.2092009001256274E-6
,-3.2301632018061355E-6
,-2.9479530591440075E-6
