system:time_start,evaporation_from_vegetation_transpiration
,-6.893752584076768E-5
,-6.862433668182467E-5
,-6.923930617986338E-5
,-6.736596217861672E-5
,-7.310442290362539E-5
,-6.98958499673224E-5
,-6.879616917214618E-5
,-7.149716292018624E-5
,-7.047639174869084E-5
,-7.080793606351145E-5
,-6.614026888126954E-5
,-6.831997433903047E-5
,-7.23320043151744E-5
,-6.728494410960068E-5
,-7.303552693491936E-5
,-7.00993018321375E-5
,-6.987435251464443E-5
,-7.632002268472548E-5
,-7.754220058540511E-5
,-7.887857021906837E-5
,-6.837154696250667E-5
,-6.93898266656949E-5
,-6.943522413070524E-5
,-7.093419577077891E-5
,-7.706933093886177E-5
,-7.535763438866754E-5
,-7.02634341706005E-5
,-7.560779878867761E-5
,-7.476614572202912E-5
,-7.717760033811807E-5
,-8.343549019835011E-5
,-7.538188386879334E-5
,-7.293180098669128E-5
,-6.996161998055565E-5
