system:time_start,evaporation_from_vegetation_transpiration
,-5.0278182100680396E-5
,-5.4123443845253184E-5
,-4.9459844055544474E-5
,-5.1041079346117955E-5
,-5.49535569577939E-5
,-5.273680628805796E-5
,-5.737620324675934E-5
,-5.272218457356954E-5
,-5.143340600696712E-5
,-5.3882216603846706E-5
,-5.1217991758854695E-5
,-5.7135551947331076E-5
,-5.1678090790565145E-5
,-5.489312228318714E-5
,-5.477578537572888E-5
,-5.22449365020935E-5
,-5.211548676586472E-5
,-5.1638752113064465E-5
,-5.161200251855987E-5
,-5.335473678332718E-5
,-5.2617103553048394E-5
,-5.61607494983393E-5
,-5.7577573113353454E-5
,-5.41526456514725E-5
,-5.425989344503785E-5
,-5.6994649746818194E-5
,-5.359457253350639E-5
,-5.354312741153133E-5
,-5.66138735260157E-5
,-5.162963341218511E-5
,-5.075835150480499E-5
,-5.344867360476842E-5
,-5.4133333262642754E-5
,-5.8173621808094266E-5
