system:time_start,evaporation_from_vegetation_transpiration
,-3.636007037736515E-5
,-3.32981923444701E-5
,-3.628971254935701E-5
,-3.307015958853299E-5
,-3.538740391680525E-5
,-3.641646677958003E-5
,-3.6319467653811444E-5
,-3.965020725142192E-5
,-3.54176232425137E-5
,-3.702146257940816E-5
,-3.5873295397929425E-5
,-3.416321025421591E-5
,-3.480150242770226E-5
,-3.574844655910662E-5
,-3.8373231139606404E-5
,-3.666383774240482E-5
,-3.4967092157482206E-5
,-3.62397563549166E-5
,-3.866610904879053E-5
,-3.9534161108652675E-5
,-3.6289141614057975E-5
,-3.5746388751552637E-5
,-3.633122499498616E-5
,-3.6173151177839216E-5
,-4.0576895495784505E-5
,-4.0618057482788565E-5
,-3.755750860060895E-5
,-3.716017105640882E-5
,-3.6190492134361804E-5
,-4.043064996039902E-5
,-4.0047026004685904E-5
,-4.389372308348053E-5
,-3.6658982177565726E-5
,-3.922299166940016E-5
