system:time_start,evaporation_from_vegetation_transpiration
,-1.5209237972158007E-5
,-1.5490191193142284E-5
,-1.593516086965489E-5
,-1.604977357298291E-5
,-1.5319448114799645E-5
,-1.547824225175039E-5
,-1.459053237340413E-5
,-1.6165173292392865E-5
,-1.6010676821072895E-5
,-1.5201960801884221E-5
,-1.4733898448563801E-5
,-1.4499011134224323E-5
,-1.6350363997238066E-5
,-1.5518165431179416E-5
,-1.5656252192760196E-5
,-1.665992385824211E-5
,-1.474043832179935E-5
,-1.7008179080827784E-5
,-1.7230838542066824E-5
,-1.7644182056149777E-5
,-1.548177533550188E-5
,-1.5049251184488336E-5
,-1.6036087496710632E-5
,-1.4889084923197515E-5
,-1.5829399975094322E-5
,-1.820896553302494E-5
,-1.4868282354048764E-5
,-1.815604870595659E-5
,-1.684975601771536E-5
,-1.651543971092906E-5
,-1.9892856774580043E-5
,-1.7869002476800233E-5
,-1.6895985027076676E-5
,-1.7623738434243325E-5
