system:time_start,evaporation_from_vegetation_transpiration
,-1.5842927678022534E-4
,-1.6249451315767752E-4
,-1.596657202753704E-4
,-1.6202119998827888E-4
,-1.7149564761590833E-4
,-1.6513757024464817E-4
,-1.6389596870188447E-4
,-1.727675371512305E-4
,-1.6508481773295594E-4
,-1.6823974510771222E-4
,-1.5446394415145429E-4
,-1.620241934385073E-4
,-1.7363015528341444E-4
,-1.6014891722685812E-4
,-1.7206024313054513E-4
,-1.6912419596337713E-4
,-1.61095313160331E-4
,-1.795061295221482E-4
,-1.7894160919240676E-4
,-1.8400591094784127E-4
,-1.6141155113776526E-4
,-1.6361931193387136E-4
,-1.6155337956054913E-4
,-1.6376854970682567E-4
,-1.7705440586723853E-4
,-1.7544101622964567E-4
,-1.570172419936474E-4
,-1.807561772390424E-4
,-1.7427308254506593E-4
,-1.8089845495220894E-4
,-2.0596967806341127E-4
,-1.7909288302083345E-4
,-1.742546895305471E-4
,-1.6288412128536342E-4
