system:time_start,evaporation_from_vegetation_transpiration
,-1.0923953459007285E-5
,-1.0739120840807245E-5
,-1.1529686220925331E-5
,-9.930962605917605E-6
,-1.2408873468909102E-5
,-1.07586526796059E-5
,-1.1611372477785553E-5
,-1.2554091666462099E-5
,-1.1461418785808246E-5
,-1.0962390093795044E-5
,-1.2665690284789418E-5
,-1.0946389109018928E-5
,-1.1833232757228588E-5
,-1.077633822460093E-5
,-1.162370186178915E-5
,-1.060218493230716E-5
,-1.1874668181858837E-5
,-1.1858791162188526E-5
,-1.2799932230864801E-5
,-1.1317465646487852E-5
,-1.1353527795979052E-5
,-1.3160833634995674E-5
,-1.0344669370228545E-5
,-1.0834612229730063E-5
,-1.1729157283484076E-5
,-1.1711978610643806E-5
,-1.216766733744417E-5
,-1.256891867938897E-5
,-1.1725258954483963E-5
,-1.2356718192071034E-5
,-1.0769458689322564E-5
,-1.3249821902092508E-5
,-1.3161962151668857E-5
,-1.1610896528450652E-5
