system:time_start,evaporation_from_vegetation_transpiration
,-2.6210814215790865E-4
,-2.4099394194350345E-4
,-2.433646142377439E-4
,-2.444507044003224E-4
,-2.566290135412861E-4
,-2.4416016093859117E-4
,-2.455992667780514E-4
,-2.496197600165592E-4
,-2.554028943448876E-4
,-2.626496708495474E-4
,-2.5493060333813667E-4
,-2.444842006418299E-4
,-2.554288508054131E-4
,-2.3630819406477604E-4
,-2.4152445726992596E-4
,-2.5364351645912195E-4
,-2.535135130038768E-4
,-2.540069338646074E-4
,-2.548116191884925E-4
,-2.673452684538897E-4
,-2.506702099655904E-4
,-2.4366477006650803E-4
,-2.4034662011517306E-4
,-2.566360022992062E-4
,-2.489274975488088E-4
,-2.6570109547066444E-4
,-2.7039766197946947E-4
,-2.6385264247506644E-4
,-2.6507469100084396E-4
,-2.660756344658503E-4
,-2.621324786640211E-4
,-2.6342318656910667E-4
,-2.5914820094889035E-4
,-2.5217970277529965E-4
