system:time_start,evaporation_from_vegetation_transpiration
,-1.538479023110995E-5
,-1.622425133973593E-5
,-1.5672810604883125E-5
,-1.6596773207311347E-5
,-1.5874199182993227E-5
,-1.5472679820049965E-5
,-1.57235394529683E-5
,-1.6928394719191907E-5
,-1.699080094870927E-5
,-1.607105521846582E-5
,-1.5196026690015666E-5
,-1.5380754689431342E-5
,-1.689340986861983E-5
,-1.6118040396880435E-5
,-1.616506115927526E-5
,-1.7485269798574638E-5
,-1.4875800995165873E-5
,-1.6643417969438207E-5
,-1.7035140331245202E-5
,-1.7193067340789032E-5
,-1.520481578154431E-5
,-1.5708911708619173E-5
,-1.5950123345949883E-5
,-1.5221303935201528E-5
,-1.698506791096103E-5
,-1.8624822966254822E-5
,-1.4688213317034146E-5
,-1.8391982090785557E-5
,-1.793096820771704E-5
,-1.666585759115454E-5
,-2.0321316014815235E-5
,-1.7394321010518375E-5
,-1.7107286566897528E-5
,-1.6828948825301875E-5
