system:time_start,evaporation_from_vegetation_transpiration
,-6.150493836863533E-6
,-5.778149143165719E-6
,-5.491816219409587E-6
,-5.246635160813705E-6
,-6.003147658334248E-6
,-5.93660743285071E-6
,-6.01593239563502E-6
,-6.048860371925448E-6
,-6.931213599921119E-6
,-6.5658281337937E-6
,-5.866800991949942E-6
,-6.18060608889019E-6
,-6.492949360346245E-6
,-6.653009050257894E-6
,-6.2083590997716255E-6
,-6.613350575397954E-6
,-5.838015211195978E-6
,-6.143162215795837E-6
,-6.365499799132189E-6
,-6.824277792760518E-6
,-6.371579254049888E-6
,-6.653869289579935E-6
,-6.694426392760505E-6
,-6.754808994337271E-6
,-6.470084449544921E-6
,-6.232657742776354E-6
,-6.688769739935345E-6
,-6.336679861799423E-6
,-6.588290263274745E-6
,-6.463260469186649E-6
,-6.359983493822773E-6
,-7.20033138207452E-6
,-6.2820810877514115E-6
,-6.365051994851967E-6
