system:time_start,evaporation_from_vegetation_transpiration
,-7.691752151523749E-6
,-7.649921133720671E-6
,-7.443359165682479E-6
,-7.402441713652695E-6
,-7.843193197047748E-6
,-7.45985111972827E-6
,-8.258294049786249E-6
,-7.976111148655902E-6
,-7.579466758519024E-6
,-8.234363706703463E-6
,-7.350821111426091E-6
,-8.277354914926469E-6
,-7.283889317477588E-6
,-8.283608102439238E-6
,-7.71866236737835E-6
,-8.055182206589961E-6
,-7.808528174618481E-6
,-7.706390533712693E-6
,-7.818079969486766E-6
,-8.058158917784957E-6
,-7.720850763213266E-6
,-8.258066221363453E-6
,-8.503231128997868E-6
,-7.940080974679273E-6
,-7.974850588999246E-6
,-8.416134429959735E-6
,-8.166566203726688E-6
,-7.926413716285468E-6
,-8.3130234781406E-6
,-7.640226461565666E-6
,-7.693374430216083E-6
,-8.016757311408929E-6
,-8.140173078919317E-6
,-8.239935574411427E-6
