system:time_start,evaporation_from_vegetation_transpiration
,-3.576637468478572E-5
,-3.439884255373092E-5
,-3.824653009094402E-5
,-3.524172480869825E-5
,-3.698517569372926E-5
,-3.7712369981760344E-5
,-4.117428905365948E-5
,-4.253936128809912E-5
,-3.706616677833428E-5
,-3.647302775673002E-5
,-3.96861388216079E-5
,-3.69551525593174E-5
,-3.651447351334869E-5
,-3.804286805536496E-5
,-3.885401695211616E-5
,-3.748521308998575E-5
,-3.643518103261109E-5
,-3.781219435107286E-5
,-4.110485591908936E-5
,-3.8634242109059183E-5
,-3.859050914353625E-5
,-3.898542117022858E-5
,-3.731089847993752E-5
,-3.8637744336437914E-5
,-3.967734125859293E-5
,-3.801349794645486E-5
,-4.360914968839766E-5
,-4.053107234843386E-5
,-3.767201289445264E-5
,-4.070224054702601E-5
,-3.8672972837110584E-5
,-4.487671654075533E-5
,-3.8515434342730984E-5
,-3.620852506892292E-5
