system:time_start,evaporation_from_vegetation_transpiration
,-7.537531459195421E-5
,-6.946514650335219E-5
,-7.402136433584257E-5
,-6.655022574530291E-5
,-7.418680158952506E-5
,-6.784328196975074E-5
,-6.722983857157403E-5
,-7.006914123432101E-5
,-6.649469334127258E-5
,-6.815299423564652E-5
,-7.855727522848257E-5
,-6.986500562118145E-5
,-7.28556790119093E-5
,-7.059564088603001E-5
,-7.522645953233994E-5
,-6.70706288492181E-5
,-7.824472489019322E-5
,-7.31558791653847E-5
,-7.970813350314085E-5
,-6.801257881713113E-5
,-7.183917134307868E-5
,-7.684805245460324E-5
,-6.226739727289862E-5
,-6.991954613328652E-5
,-6.892972923713506E-5
,-7.083725189714149E-5
,-7.758987090320692E-5
,-7.634078708561437E-5
,-6.625149611564401E-5
,-8.031977343255941E-5
,-6.620533303802116E-5
,-8.053229309651778E-5
,-7.438653983535547E-5
,-7.216403202485694E-5
