system:time_start,evaporation_from_vegetation_transpiration
,-4.2115154428756796E-5
,-3.934504396359747E-5
,-3.936914132888584E-5
,-4.5323547359051496E-5
,-4.251455053842316E-5
,-4.178346656165862E-5
,-4.330578728210336E-5
,-4.38120775167287E-5
,-4.096710108569823E-5
,-4.483216495524781E-5
,-4.177196266634079E-5
,-4.2188876856622905E-5
,-4.128489248008312E-5
,-4.327912150377718E-5
,-3.991520861745812E-5
,-4.1660578669204064E-5
,-4.63979067717446E-5
,-3.737141135691976E-5
,-4.1450296824526354E-5
,-4.152269017746827E-5
,-4.434537246803908E-5
,-4.353220416912033E-5
,-4.285726330029623E-5
,-4.438138239493128E-5
,-4.205120300563673E-5
,-4.26846775856878E-5
,-4.6996620464293905E-5
,-4.644822790093409E-5
,-4.4386514976698287E-5
,-4.142715988564305E-5
,-4.234931717898386E-5
,-4.445171543920878E-5
,-4.708318617000865E-5
,-4.559731254024276E-5
