system:time_start,evaporation_from_vegetation_transpiration
,-1.3220220723967023E-8
,-1.4406814031577201E-8
,-1.4951880976051383E-8
,-1.4340777063522257E-8
,-1.4014188995174943E-8
,-1.3669934948833966E-8
,-1.3186225048221141E-8
,-1.4737516901196617E-8
,-1.5890885690380864E-8
,-1.378133480473268E-8
,-1.4326401749206858E-8
,-1.3751324422922721E-8
,-1.542427664484021E-8
,-1.4646149475525306E-8
,-1.572448053679046E-8
,-1.619312049283022E-8
,-1.4402134107383613E-8
,-1.5079610529702312E-8
,-1.547969401132882E-8
,-1.636112094133441E-8
,-1.4927374656028853E-8
,-1.507367085232957E-8
,-1.4338899207147723E-8
,-1.313276206516935E-8
,-1.507835077652316E-8
,-1.6486690077150065E-8
,-1.3568795605978557E-8
,-1.6636971567386707E-8
,-1.656046805189E-8
,-1.555005181505432E-8
,-1.8616479427424114E-8
,-1.6480132296581944E-8
,-1.5777248889584586E-8
,-1.611417399803749E-8
