system:time_start,evaporation_from_vegetation_transpiration
,-1.3784155119841065E-5
,-1.3630797146409655E-5
,-1.2915337000170743E-5
,-1.2680730340737984E-5
,-1.2668241083702016E-5
,-1.2619887759986645E-5
,-1.2757069688026E-5
,-1.270581162771123E-5
,-1.4751056861920612E-5
,-1.3789337685921056E-5
,-1.3042549085184872E-5
,-1.3091116026468322E-5
,-1.4087544286667253E-5
,-1.3658292270217011E-5
,-1.4476710020971948E-5
,-1.5007360048002738E-5
,-1.2962432947460911E-5
,-1.3350871048108578E-5
,-1.4496342904142999E-5
,-1.4867811235793244E-5
,-1.4074940925941823E-5
,-1.4870334022513513E-5
,-1.4909913033989143E-5
,-1.4577961110262553E-5
,-1.4396573684886489E-5
,-1.4388983231583552E-5
,-1.4145099877775163E-5
,-1.4647919670096602E-5
,-1.4919829898947985E-5
,-1.4722757555318822E-5
,-1.597259415575536E-5
,-1.5272787853367237E-5
,-1.4630720860016785E-5
,-1.5067149812845551E-5
