system:time_start,evaporation_from_vegetation_transpiration
,-7.091233176955333E-7
,-7.236546177106599E-7
,-6.680602382402867E-7
,-7.046455721138045E-7
,-7.198389842718219E-7
,-7.187882147263736E-7
,-7.652943168068305E-7
,-7.421270614334693E-7
,-7.035638797484959E-7
,-7.499984349124134E-7
,-7.029957487247884E-7
,-7.620989587546015E-7
,-6.855001023116832E-7
,-7.99739306482176E-7
,-7.154946312463532E-7
,-7.605704013258219E-7
,-7.271131228966018E-7
,-7.165108399931341E-7
,-7.27627290568004E-7
,-7.440363939773912E-7
,-7.601962958384926E-7
,-7.867013967673605E-7
,-7.808860876442244E-7
,-7.623311830684543E-7
,-7.455704083743816E-7
,-7.966045814100653E-7
,-7.542488068186989E-7
,-7.200712085856745E-7
,-7.609663346859937E-7
,-6.991904228925705E-7
,-7.16227077646181E-7
,-7.565037473492945E-7
,-7.458341618378957E-7
,-7.53369628606985E-7
