system:time_start,evaporation_from_vegetation_transpiration
,-1.6263819708894501E-4
,-1.4561726028012605E-4
,-1.5691200659037692E-4
,-1.4685577765261327E-4
,-1.4174689106578436E-4
,-1.442579745721027E-4
,-1.7819928095238398E-4
,-1.8924323177981915E-4
,-1.5704475434766797E-4
,-1.6424503028575016E-4
,-1.5643054561027188E-4
,-1.4976519555234146E-4
,-1.3454968826933123E-4
,-1.516850617901566E-4
,-1.4768202040490783E-4
,-1.3059654371350949E-4
,-1.3812289666561442E-4
,-1.513862160962916E-4
,-1.595015918372827E-4
,-1.6719395778243385E-4
,-1.531924528682941E-4
,-1.6054815435521188E-4
,-1.6014347298337966E-4
,-1.5714368390461886E-4
,-1.6830139155989945E-4
,-1.7638743781742404E-4
,-1.7041643134582847E-4
,-1.6042467713477153E-4
,-1.39927772071534E-4
,-1.584735621338598E-4
,-1.5610930100379633E-4
,-2.0227614818026806E-4
,-1.3481225299868924E-4
,-1.399880603531602E-4
