system:time_start,evaporation_from_vegetation_transpiration
,-1.0809822136555643E-5
,-1.0961093115232263E-5
,-1.0349086248121843E-5
,-1.1046559969448329E-5
,-1.1513728107577966E-5
,-1.1070327127526979E-5
,-1.2271461431131077E-5
,-1.1074393842136486E-5
,-1.0749558653818289E-5
,-1.1295393233012875E-5
,-1.0817476686497685E-5
,-1.215378348812616E-5
,-1.0823843391942015E-5
,-1.1399628359261745E-5
,-1.128565945691662E-5
,-1.106415644850737E-5
,-1.0780160058250962E-5
,-1.1032102035339146E-5
,-1.0605308974239354E-5
,-1.07678993420753E-5
,-1.0754508063352356E-5
,-1.1462956232814275E-5
,-1.2161776248831302E-5
,-1.155182514291179E-5
,-1.138331347950346E-5
,-1.1898181825624005E-5
,-1.117475670374309E-5
,-1.1053282711751915E-5
,-1.1516932378678272E-5
,-1.0810863083558313E-5
,-1.0668164334977823E-5
,-1.1001661126404844E-5
,-1.1204426179271347E-5
,-1.1989068298134953E-5
