system:time_start,evaporation_from_vegetation_transpiration
,-6.157813246924586E-5
,-5.993593125216042E-5
,-6.242912119584314E-5
,-6.0340247728163376E-5
,-6.350307618655886E-5
,-5.9860448042551674E-5
,-6.0950475623637125E-5
,-6.216328620212153E-5
,-5.6866570957936347E-5
,-5.974638042971492E-5
,-6.664471766271163E-5
,-5.780370581002595E-5
,-6.028716294774009E-5
,-6.017381322938794E-5
,-6.445226851307477E-5
,-5.700452675228007E-5
,-5.9769920577916004E-5
,-6.441798965776495E-5
,-6.838701968566359E-5
,-5.5608436014153995E-5
,-6.367581894058579E-5
,-6.484939998093371E-5
,-5.595634502242319E-5
,-5.9587999809688576E-5
,-5.874743449870342E-5
,-5.998820476330972E-5
,-6.142012959268565E-5
,-5.986391867433364E-5
,-5.7422371658807E-5
,-6.344199573504739E-5
,-6.060084281974317E-5
,-7.209540672192816E-5
,-6.170479900902137E-5
,-6.139138592213082E-5
