system:time_start,evaporation_from_vegetation_transpiration
,-1.2518210144574572E-5
,-1.3190257783618664E-5
,-1.291457681540495E-5
,-1.3418009182969009E-5
,-1.2820534398234751E-5
,-1.264478994007047E-5
,-1.2609207593042263E-5
,-1.3719524475320255E-5
,-1.3946757423572533E-5
,-1.2840121139218952E-5
,-1.2524193563524844E-5
,-1.2430380084752154E-5
,-1.3819627589151835E-5
,-1.3084769522319349E-5
,-1.3151714043605381E-5
,-1.4212413452207663E-5
,-1.211283752029406E-5
,-1.3475445377226089E-5
,-1.3903674385723188E-5
,-1.3904783988818375E-5
,-1.230065298773053E-5
,-1.2723485211139517E-5
,-1.2996535666408368E-5
,-1.2388810328732406E-5
,-1.3809151129461623E-5
,-1.4942697151870746E-5
,-1.1826119980567024E-5
,-1.502841389806871E-5
,-1.4409493482533983E-5
,-1.3626728300599792E-5
,-1.636899467347996E-5
,-1.4143887798831378E-5
,-1.391924098409432E-5
,-1.3734773043931151E-5
