system:time_start,evaporation_from_vegetation_transpiration
,-3.809845232657002E-5
,-3.41594501757451E-5
,-4.067138737203398E-5
,-3.276953187499506E-5
,-4.0359789636568166E-5
,-3.553546351516464E-5
,-3.7714707408061564E-5
,-4.1399420903568775E-5
,-3.630242887690353E-5
,-3.643061427283101E-5
,-4.3168758566025645E-5
,-3.6440031180973165E-5
,-3.990839165150343E-5
,-3.5583231389561355E-5
,-3.890143671014812E-5
,-3.4256314999462724E-5
,-4.163066781378196E-5
,-4.0452862473709196E-5
,-4.375448285524423E-5
,-3.716247738339007E-5
,-3.858067551239704E-5
,-4.21130025642924E-5
,-3.178685255988967E-5
,-3.5886889842610494E-5
,-3.964435078766352E-5
,-4.124494140948324E-5
,-4.3909659628601126E-5
,-4.299362020295424E-5
,-3.666921838885173E-5
,-4.3199182376459554E-5
,-3.439129007650384E-5
,-4.415017489615517E-5
,-4.3469938949177354E-5
,-3.92320495545088E-5
