system:time_start,evaporation_from_vegetation_transpiration
,-3.275796987222306E-5
,-2.881037976970076E-5
,-3.135520392365383E-5
,-2.985187790922053E-5
,-3.40550132144275E-5
,-3.0986998630178406E-5
,-3.05057004745359E-5
,-3.1099936524225623E-5
,-2.866895470697775E-5
,-3.121098834747086E-5
,-3.1010032380300816E-5
,-2.870893581979116E-5
,-3.1375586724697036E-5
,-3.1021162507476476E-5
,-3.142716952221083E-5
,-2.9409149838644692E-5
,-3.0514170185279087E-5
,-3.0185619559533075E-5
,-3.1026374684076406E-5
,-3.076440248594965E-5
,-3.0566582053383815E-5
,-3.205662784674266E-5
,-2.766845866514738E-5
,-3.0464436057092858E-5
,-2.9859453863246888E-5
,-3.1174600998141854E-5
,-3.42378009519197E-5
,-3.2446120247929595E-5
,-3.03208971990144E-5
,-3.545863421154255E-5
,-3.2628511619834267E-5
,-3.08219559336854E-5
,-2.9149233495273817E-5
,-3.0715484152388156E-5
