system:time_start,evaporation_from_vegetation_transpiration
,-7.084123286336695E-7
,-7.233500829538514E-7
,-6.673765789327946E-7
,-7.043663909253491E-7
,-7.200291360344702E-7
,-7.176847730865299E-7
,-7.65047102672893E-7
,-7.415270082685625E-7
,-7.033683945292628E-7
,-7.496777538175659E-7
,-7.021949891673607E-7
,-7.616388554904712E-7
,-6.853945447846292E-7
,-7.985286455224899E-7
,-7.147504400137098E-7
,-7.599915584756268E-7
,-7.265432177968094E-7
,-7.159353993268235E-7
,-7.26816874647076E-7
,-7.43378615969746E-7
,-7.590322661318493E-7
,-7.860254064090204E-7
,-7.802124327784518E-7
,-7.616039802985737E-7
,-7.44584471204341E-7
,-7.958040801042196E-7
,-7.535147323110715E-7
,-7.195834050322939E-7
,-7.603144290947562E-7
,-6.98410570484954E-7
,-7.155658862263217E-7
,-7.550070559200659E-7
,-7.456975804360147E-7
,-7.526060909623521E-7
