system:time_start,evaporation_from_vegetation_transpiration
,-4.150414376150972E-5
,-3.6551648008753546E-5
,-4.163201083429158E-5
,-3.7088999306433834E-5
,-4.086789340362884E-5
,-4.0050594179774635E-5
,-4.1508699117306E-5
,-4.323597325613567E-5
,-3.807384321892945E-5
,-4.092694143764675E-5
,-3.931096822877104E-5
,-3.8353540124565676E-5
,-4.2174193367827684E-5
,-3.851444307656493E-5
,-4.1873057853081264E-5
,-4.059135426359717E-5
,-4.08717211636637E-5
,-4.161549198518818E-5
,-4.348113240363697E-5
,-4.193529154387458E-5
,-4.003978695739837E-5
,-4.1055209900756985E-5
,-3.9286773244384676E-5
,-4.1298039529162146E-5
,-4.1096210528242714E-5
,-4.2267034586984664E-5
,-4.644724018968797E-5
,-4.5965374132113844E-5
,-4.0216583026146204E-5
,-4.590662562501772E-5
,-4.3394555177656E-5
,-4.2777287186860726E-5
,-4.032623292005155E-5
,-4.1693107050377876E-5
