system:time_start,evaporation_from_vegetation_transpiration
,-1.0761206855628795E-4
,-1.0779816633051571E-4
,-1.0519702664169017E-4
,-1.0921239057400574E-4
,-1.1262829805976556E-4
,-1.0814428969752043E-4
,-1.0761182663069728E-4
,-1.113994512706995E-4
,-1.0652802120603155E-4
,-1.11578947326052E-4
,-1.0149992219036601E-4
,-1.0395964515434268E-4
,-1.101928513283686E-4
,-1.0176567896754325E-4
,-1.1229786711434524E-4
,-1.0948620426158111E-4
,-1.0858147349305607E-4
,-1.2086244169040583E-4
,-1.2169597418202709E-4
,-1.2058606322777148E-4
,-1.066071999957785E-4
,-1.0833357737283222E-4
,-1.1119145589570205E-4
,-1.0959965463068026E-4
,-1.2170679534998878E-4
,-1.2268739131589731E-4
,-1.150774842244573E-4
,-1.1960484274216772E-4
,-1.1529576901618081E-4
,-1.245683215529425E-4
,-1.309497680873998E-4
,-1.1896176450439573E-4
,-1.1156889801592722E-4
,-1.1198729771422222E-4
