system:time_start,evaporation_from_vegetation_transpiration
,-1.5922734983968954E-5
,-1.5992587419611443E-5
,-1.6625335722009353E-5
,-1.4729400509563478E-5
,-1.6644945904060837E-5
,-1.6480205965268873E-5
,-1.780167337489294E-5
,-1.9086931401482392E-5
,-1.557525494085301E-5
,-1.5141053391625581E-5
,-1.770992041228042E-5
,-1.564280263783471E-5
,-1.703216822942773E-5
,-1.603843275401944E-5
,-1.5795950710763343E-5
,-1.536806991245375E-5
,-1.625784642638409E-5
,-1.6320046004535552E-5
,-1.8493675784354664E-5
,-1.6267965569884677E-5
,-1.646092699746183E-5
,-1.6945726373165414E-5
,-1.4948811440262944E-5
,-1.5290467527465545E-5
,-1.7234191862213343E-5
,-1.7009825556221813E-5
,-1.8455262629752237E-5
,-1.7589205764006298E-5
,-1.6700912332769647E-5
,-1.7676229696877748E-5
,-1.5308743836678754E-5
,-1.830759285202594E-5
,-1.7500034527325045E-5
,-1.6956983861324474E-5
