system:time_start,evaporation_from_vegetation_transpiration
,-6.451191863258525E-5
,-6.142962047306355E-5
,-6.019925058353692E-5
,-6.999449942668434E-5
,-6.475168993347324E-5
,-6.412424772861414E-5
,-6.701854666365155E-5
,-6.678276198120632E-5
,-6.427149128285237E-5
,-6.862881673441734E-5
,-6.45877165273608E-5
,-6.456496460790125E-5
,-6.340457730402704E-5
,-6.58225308143301E-5
,-6.0863580680840336E-5
,-6.483734796347562E-5
,-6.917715594075465E-5
,-5.923871382644089E-5
,-6.378697556404707E-5
,-6.441294863179792E-5
,-6.764160571037792E-5
,-6.68572405023345E-5
,-6.5084696567889E-5
,-6.810992878551285E-5
,-6.485839124555544E-5
,-6.638616105192341E-5
,-7.141044079617132E-5
,-6.967062108742539E-5
,-6.774690882593859E-5
,-6.37232751614647E-5
,-6.585783618599332E-5
,-6.75720378543095E-5
,-7.092875299955874E-5
,-6.872090186031225E-5
