system:time_start,evaporation_from_vegetation_transpiration
,-5.3719844846711604E-5
,-4.6677532037182784E-5
,-5.276863045694951E-5
,-4.8151467965978475E-5
,-5.230635696744475E-5
,-5.1645985037724204E-5
,-5.314930431501498E-5
,-5.4668656211549365E-5
,-4.895331678712048E-5
,-5.259963822586892E-5
,-4.9477822055147655E-5
,-4.885033288304933E-5
,-5.4035403361642515E-5
,-4.9035142672857124E-5
,-5.32349752645062E-5
,-5.162838253734383E-5
,-5.1742802474435826E-5
,-5.3488111659997885E-5
,-5.4591963513909526E-5
,-5.4364795664113416E-5
,-5.131111645777053E-5
,-5.18135445114846E-5
,-4.9790513423011784E-5
,-5.2192698020893986E-5
,-5.192965359012119E-5
,-5.4603191109401035E-5
,-5.900735306614735E-5
,-5.7984680890326556E-5
,-5.097818454184258E-5
,-5.834141586838552E-5
,-5.61130270328319E-5
,-5.429824597787303E-5
,-5.0705418778726686E-5
,-5.341375337873335E-5
