system:time_start,evaporation_from_vegetation_transpiration
,-1.973138569155708E-5
,-1.8124619600712322E-5
,-1.762528942587475E-5
,-1.9781364244408906E-5
,-1.8732444004854187E-5
,-2.0103173180056427E-5
,-1.9839859911977935E-5
,-1.9299395717098378E-5
,-1.906248326122295E-5
,-1.9792281212479185E-5
,-1.8319843244777683E-5
,-1.9161704888877768E-5
,-1.9640775766068447E-5
,-2.038871086066744E-5
,-1.8857160587989103E-5
,-2.0022782943366717E-5
,-2.109829983965028E-5
,-1.7656103712700617E-5
,-1.985240002492598E-5
,-2.0495287875140395E-5
,-2.108668134800003E-5
,-2.0450971836301807E-5
,-2.043006194677825E-5
,-2.1159157161794912E-5
,-1.932829400175251E-5
,-2.096502854935049E-5
,-2.140637540530103E-5
,-2.125896814201648E-5
,-2.081410821119789E-5
,-1.9109236139532488E-5
,-2.0135438414096523E-5
,-2.1240615145264503E-5
,-2.1689686036552303E-5
,-2.1173448355208773E-5
