system:time_start,evaporation_from_vegetation_transpiration
,-2.228594000934252E-4
,-2.2021910761049225E-4
,-2.1466706558775122E-4
,-2.2009305879085633E-4
,-2.2759735345191854E-4
,-2.1962228133599548E-4
,-2.1736878309075973E-4
,-2.2377999639069284E-4
,-2.160602549511601E-4
,-2.2676507991751087E-4
,-2.0971158387727057E-4
,-2.1093193845445055E-4
,-2.2492341364947302E-4
,-2.0656866763602008E-4
,-2.3108598716568114E-4
,-2.244666738555506E-4
,-2.2274985124005024E-4
,-2.4390635947687164E-4
,-2.461403274494278E-4
,-2.481901802595876E-4
,-2.1833151025757184E-4
,-2.2182283880413573E-4
,-2.2597980573447698E-4
,-2.2791176204572412E-4
,-2.4622645083755267E-4
,-2.515680467435491E-4
,-2.4019331184328102E-4
,-2.423773023024079E-4
,-2.3542042379717925E-4
,-2.4621566284449293E-4
,-2.5936715554139697E-4
,-2.3653608319104279E-4
,-2.2770370608105576E-4
,-2.2950014183498706E-4
