system:time_start,evaporation_from_vegetation_transpiration
,-2.728966986372446E-5
,-2.3833882854281303E-5
,-2.7979704706619184E-5
,-2.597682517565166E-5
,-2.768067012463386E-5
,-2.5188550959380034E-5
,-2.9247035854496062E-5
,-3.262668057383659E-5
,-2.6785604253139656E-5
,-2.7342080405408826E-5
,-2.7411159559657488E-5
,-2.6161723023202892E-5
,-2.3849041099310853E-5
,-2.6947981799215388E-5
,-2.732705070229713E-5
,-2.5346351928116444E-5
,-2.634491223337439E-5
,-2.615904910877968E-5
,-2.945649976027198E-5
,-2.8368389394017868E-5
,-2.5620395414686452E-5
,-2.822311156099507E-5
,-2.759294936064786E-5
,-2.652731503379376E-5
,-3.015247299723948E-5
,-2.9950203194554586E-5
,-3.0141185561660677E-5
,-2.507472163415514E-5
,-2.4805562740463454E-5
,-2.6168511491656925E-5
,-2.8089735375639673E-5
,-3.4035396917412676E-5
,-2.7387873463643093E-5
,-2.5493422072031535E-5
