system:time_start,evaporation_from_vegetation_transpiration
,-6.94218761054799E-6
,-6.26408655080013E-6
,-6.264912978319141E-6
,-6.094012254228194E-6
,-6.3046336435945705E-6
,-6.75413624170081E-6
,-6.434807194940125E-6
,-6.652525674629335E-6
,-6.62803237598079E-6
,-6.6164557210868225E-6
,-6.002659574733116E-6
,-6.706067021392907E-6
,-6.293089124180066E-6
,-6.7494838731363416E-6
,-6.401895613331969E-6
,-7.035177986836061E-6
,-6.475688375455017E-6
,-6.001175885709624E-6
,-6.604934242204763E-6
,-7.047655647814584E-6
,-6.838650127368358E-6
,-6.5113023689870415E-6
,-7.136210115277208E-6
,-6.5783794222321985E-6
,-6.38155628015132E-6
,-6.559186658705585E-6
,-6.891719143216808E-6
,-6.5457097662147135E-6
,-6.245695355270679E-6
,-6.31194840631603E-6
,-6.434714426480544E-6
,-7.222211327947055E-6
,-6.875236673901479E-6
,-7.078249230592822E-6
