system:time_start,evaporation_from_vegetation_transpiration
,-1.8942448634184262E-5
,-1.6953853293180758E-5
,-1.789789850645252E-5
,-1.7255206861836688E-5
,-1.7585934261653628E-5
,-1.8825520248342416E-5
,-1.946873091126806E-5
,-2.0115695109923126E-5
,-1.8838707471880295E-5
,-1.9207561775245823E-5
,-1.813463079381197E-5
,-1.979907828536624E-5
,-1.7557611901745593E-5
,-1.966364603565503E-5
,-1.866296337852481E-5
,-1.9600560485554526E-5
,-1.86546852463143E-5
,-1.8688108229639932E-5
,-1.9973324389852694E-5
,-2.0389763156256435E-5
,-1.9449344054078125E-5
,-1.915120885675609E-5
,-2.1122263594376173E-5
,-1.8861707823053663E-5
,-1.924700930597756E-5
,-2.019673208250448E-5
,-2.0960366016245977E-5
,-1.922458430047126E-5
,-1.881187303167897E-5
,-1.8529177988680562E-5
,-1.9234661569893847E-5
,-2.101053020139469E-5
,-1.9701844063733112E-5
,-1.979158978531231E-5
