system:time_start,evaporation_from_vegetation_transpiration
,-1.2061669115913062E-4
,-1.0790334040356897E-4
,-1.2280978872938295E-4
,-1.054340776153736E-4
,-1.2685265508880796E-4
,-1.213355928745844E-4
,-1.225065447953407E-4
,-1.235780070880539E-4
,-1.0926796930243153E-4
,-1.1436093554486212E-4
,-1.2203337102121984E-4
,-1.1299807495053569E-4
,-1.2438236991938888E-4
,-1.182702340415567E-4
,-1.2831150064786283E-4
,-1.0793610565918872E-4
,-1.2037480943447376E-4
,-1.209827666284172E-4
,-1.241062250824828E-4
,-1.1532556532121634E-4
,-1.1556790303114124E-4
,-1.2780561329834954E-4
,-1.006404836828172E-4
,-1.1326635497454011E-4
,-1.1550120173531051E-4
,-1.2026944866939909E-4
,-1.290489654388405E-4
,-1.2177984125770186E-4
,-1.1660432601579224E-4
,-1.3387754609340906E-4
,-1.1748765194252031E-4
,-1.2411886260330467E-4
,-1.1434008861560253E-4
,-1.1833386340941262E-4
