system:time_start,evaporation_from_vegetation_transpiration
,-6.33060527117178E-5
,-5.8418115360028525E-5
,-6.873508190720117E-5
,-6.335540224967071E-5
,-6.447868951536328E-5
,-6.185058950434502E-5
,-7.129981876045404E-5
,-7.979314995424909E-5
,-6.497186441126126E-5
,-6.598127479317074E-5
,-6.731962342016172E-5
,-6.536085029821567E-5
,-5.8015522373000764E-5
,-6.59128127363042E-5
,-6.482006140327361E-5
,-6.38604019217682E-5
,-6.48263953404253E-5
,-6.366110632705218E-5
,-7.065534089745238E-5
,-6.930608206958923E-5
,-6.427606749081836E-5
,-6.748435201352619E-5
,-6.69987216654057E-5
,-6.513803855062622E-5
,-7.437401006751608E-5
,-7.378347445375479E-5
,-7.5362606980279E-5
,-6.35373552439786E-5
,-6.23433570999414E-5
,-6.456947807118679E-5
,-6.744475691427407E-5
,-8.239721664792004E-5
,-7.060087371992895E-5
,-6.430007581622696E-5
