system:time_start,evaporation_from_vegetation_transpiration
,-5.175522944874904E-5
,-4.7155318846384555E-5
,-5.621001241593714E-5
,-5.1760971147624373E-5
,-5.232552640015243E-5
,-4.979229270790724E-5
,-5.8174423334569286E-5
,-6.521561703610231E-5
,-5.3348053230157476E-5
,-5.373596971579747E-5
,-5.484278462339246E-5
,-5.32734329002534E-5
,-4.725042203768789E-5
,-5.3466945409222235E-5
,-5.212932627551682E-5
,-5.203491620967322E-5
,-5.23619285862272E-5
,-5.1616251735298766E-5
,-5.733893116693122E-5
,-5.6485574505267556E-5
,-5.219137192262448E-5
,-5.541333892107281E-5
,-5.477441685689516E-5
,-5.3294867246955586E-5
,-6.067111321295778E-5
,-6.159546883191522E-5
,-6.145496290492471E-5
,-5.1782504651873295E-5
,-5.105045928038595E-5
,-5.211177872908267E-5
,-5.4931278928459295E-5
,-6.710183443281503E-5
,-5.809474463042611E-5
,-5.26970437822999E-5
