system:time_start,evaporation_from_vegetation_transpiration
,-1.8503670920229826E-5
,-1.813260678318329E-5
,-1.7831633158493787E-5
,-1.799894198484253E-5
,-1.8440501056223486E-5
,-1.786473876563832E-5
,-1.811629226722289E-5
,-1.8434965265138697E-5
,-1.7536041317119572E-5
,-1.895115929073654E-5
,-1.7453351271493982E-5
,-1.7667351130512543E-5
,-1.829482971515972E-5
,-1.6960511857178062E-5
,-1.9148894352838397E-5
,-1.8378956156084314E-5
,-1.8121179285420414E-5
,-2.0006489648949355E-5
,-2.0131194105488248E-5
,-2.0428542484296486E-5
,-1.8170196199207567E-5
,-1.812254716545188E-5
,-1.8382126654614694E-5
,-1.8770862273716677E-5
,-1.9844694179482758E-5
,-2.0296830067915533E-5
,-1.95510292542167E-5
,-1.9523725616939675E-5
,-1.877423346741125E-5
,-1.978759549577565E-5
,-2.073894453739437E-5
,-1.8941753902860608E-5
,-1.8449964045430534E-5
,-1.8429666549006168E-5
