system:time_start,evaporation_from_vegetation_transpiration
,-7.414777428493835E-6
,-6.015667167957872E-6
,-6.90018411357111E-6
,-6.903916679827186E-6
,-6.783287972211838E-6
,-6.479492488627632E-6
,-7.156386345741339E-6
,-7.863111629073197E-6
,-7.133593802185108E-6
,-7.015509860745321E-6
,-6.9466647497999174E-6
,-6.80184894008562E-6
,-5.839868511732978E-6
,-7.236771731792639E-6
,-6.654749692340071E-6
,-6.761261829524301E-6
,-6.744172424077988E-6
,-6.83782491250895E-6
,-7.4833963784233975E-6
,-7.917837744268278E-6
,-7.03225850884337E-6
,-7.776056615208896E-6
,-7.467526908537063E-6
,-7.741142932597237E-6
,-7.915306923678145E-6
,-8.484648787998594E-6
,-8.373979653697461E-6
,-7.59701470087748E-6
,-6.875013544534643E-6
,-7.367459450809595E-6
,-7.401107723126188E-6
,-9.093851986108348E-6
,-7.230809690857616E-6
,-7.111390004865825E-6
