system:time_start,evaporation_from_vegetation_transpiration
,-6.169827272593654E-6
,-5.480668408998246E-6
,-5.965368222075932E-6
,-5.7353850077080345E-6
,-6.102236448927653E-6
,-6.061175711159916E-6
,-5.999062157298931E-6
,-6.058850979978412E-6
,-5.783285961042148E-6
,-6.192451465544398E-6
,-5.7214385232401085E-6
,-5.539982768154339E-6
,-6.243822235251435E-6
,-5.4486498048317606E-6
,-6.121690603322349E-6
,-5.728191950013218E-6
,-5.715705173179753E-6
,-5.973866289674208E-6
,-6.100371420275067E-6
,-6.341199114940118E-6
,-5.794336635287552E-6
,-5.754890888307147E-6
,-5.4858052768897075E-6
,-5.9347096365614235E-6
,-5.81424141817207E-6
,-6.403811322792767E-6
,-6.680900863928442E-6
,-6.3332178285037666E-6
,-5.791094589840631E-6
,-6.368801401006111E-6
,-6.540916436425432E-6
,-6.348421736439722E-6
,-5.573830836594382E-6
,-5.847575486204105E-6
