system:time_start,evaporation_from_vegetation_transpiration
,-6.884510998804073E-6
,-6.993140535390315E-6
,-6.649814072022166E-6
,-6.721816150769755E-6
,-7.306195951522361E-6
,-6.772782095746759E-6
,-7.505982131605331E-6
,-7.218086370573329E-6
,-6.897778037359547E-6
,-7.414425629560771E-6
,-6.679740436722345E-6
,-7.528969658060784E-6
,-6.709607508750387E-6
,-7.462436259262624E-6
,-6.976018994464539E-6
,-7.239334081532434E-6
,-7.038002079577398E-6
,-6.899101942524379E-6
,-6.989823209311764E-6
,-7.223362843975785E-6
,-6.972490506054702E-6
,-7.4682782788091065E-6
,-7.74596548836327E-6
,-7.167462587076762E-6
,-7.170455622447965E-6
,-7.625640520066219E-6
,-7.324265217839478E-6
,-7.126319918857087E-6
,-7.4999487352263385E-6
,-6.856956979231255E-6
,-6.844757176862147E-6
,-7.1800462600342095E-6
,-7.37668836480129E-6
,-7.460496291107694E-6
