system:time_start,evaporation_from_vegetation_transpiration
,-4.0018370580380884E-5
,-3.5980189042877304E-5
,-3.865362628453618E-5
,-3.784981749453841E-5
,-3.717413144638866E-5
,-3.8440674163414063E-5
,-4.045727796943134E-5
,-4.474845203124763E-5
,-4.0629528989989514E-5
,-4.335078564407821E-5
,-4.1601705056058964E-5
,-3.7084783899546084E-5
,-3.445813126745634E-5
,-4.045882613152369E-5
,-3.7871365849342605E-5
,-3.892387475288059E-5
,-3.824445189416615E-5
,-3.8598514543587546E-5
,-4.0462902486777035E-5
,-4.518803568013633E-5
,-4.034749973571807E-5
,-4.3708411693741146E-5
,-4.0637370855418136E-5
,-4.1403235728567874E-5
,-4.3164137120281033E-5
,-4.6439405195997097E-5
,-4.0963826702661914E-5
,-4.039691359341507E-5
,-4.008740062191565E-5
,-4.3195889197199395E-5
,-4.570813083167498E-5
,-5.060515892788923E-5
,-4.2761476126745234E-5
,-4.314714755714197E-5
