system:time_start,evaporation_from_vegetation_transpiration
,-4.622290217712041E-4
,-4.4913572954167596E-4
,-4.4073061957119547E-4
,-5.107086806404014E-4
,-4.602398401253575E-4
,-4.3790280092625473E-4
,-4.631997872641398E-4
,-4.647050535714617E-4
,-4.6225997640824475E-4
,-4.9815097268227E-4
,-4.3377599618866434E-4
,-4.4514493848111586E-4
,-4.4984386642567514E-4
,-4.710123049763746E-4
,-4.398562269042677E-4
,-4.689704778531421E-4
,-4.960296533450981E-4
,-4.433545044507874E-4
,-4.4718799179393245E-4
,-4.49604333902417E-4
,-4.517542904513468E-4
,-4.454287512693455E-4
,-4.6648557763421215E-4
,-4.633500217854072E-4
,-4.3866868586735333E-4
,-4.524804853003392E-4
,-4.92053167852528E-4
,-4.8402247256113467E-4
,-4.6644174310840316E-4
,-4.4865635669524E-4
,-4.471580146724082E-4
,-4.641415784201434E-4
,-4.942917542820044E-4
,-4.743159780394125E-4
