system:time_start,evaporation_from_vegetation_transpiration
,-1.0883587189406777E-5
,-9.302255421062E-6
,-1.0180317379611855E-5
,-1.0112525463531105E-5
,-1.0757683412521146E-5
,-1.0320749424863607E-5
,-1.0060525407122137E-5
,-1.0240405269238787E-5
,-1.012100316681123E-5
,-1.0529618521104567E-5
,-9.902053231295819E-6
,-9.368854686423825E-6
,-1.0383138336086025E-5
,-9.931221332711479E-6
,-1.0115040519546406E-5
,-1.0194086523066895E-5
,-1.0012383427238092E-5
,-1.0291929963083627E-5
,-1.0294212188455276E-5
,-1.0632034900481813E-5
,-1.0314163470563168E-5
,-9.848891446987787E-6
,-9.387527825310826E-6
,-1.012349578862389E-5
,-1.0080056502677811E-5
,-1.0925503981222088E-5
,-1.0870569288575401E-5
,-1.0724552945854763E-5
,-1.031492805244246E-5
,-1.0944894408263886E-5
,-1.109499195687628E-5
,-1.0668181857909076E-5
,-9.707862773211673E-6
,-1.0133876154820124E-5
