system:time_start,evaporation_from_vegetation_transpiration
,-5.881186856034523E-7
,-6.247288789988185E-7
,-5.3972204720291E-7
,-5.867441359441727E-7
,-5.376150511438027E-7
,-5.537664643876875E-7
,-5.617924519659331E-7
,-5.471495872673889E-7
,-6.50896254228428E-7
,-5.798483471153304E-7
,-5.849027123379832E-7
,-5.555278524601212E-7
,-6.226309778867289E-7
,-6.22497585330469E-7
,-6.643604137934744E-7
,-6.710197339998558E-7
,-6.20781671993124E-7
,-6.063013036812966E-7
,-6.665474453863377E-7
,-6.40549236171258E-7
,-5.828818151106437E-7
,-6.451840211714929E-7
,-6.41455699224025E-7
,-6.03250252121749E-7
,-6.413113927313437E-7
,-6.466883254082253E-7
,-6.052699366894861E-7
,-6.228407679979379E-7
,-6.74742598979113E-7
,-5.95402525505051E-7
,-7.163847233944883E-7
,-6.890368240419775E-7
,-6.227201083675027E-7
,-6.619393388973549E-7
