system:time_start,evaporation_from_vegetation_transpiration
,-1.4912278544912329E-5
,-1.4121705510243604E-5
,-1.4198315352662127E-5
,-1.4096411394006065E-5
,-1.4586823550062544E-5
,-1.4376087114118844E-5
,-1.4497271532001873E-5
,-1.442472546799577E-5
,-1.3982395769447307E-5
,-1.5246141359030202E-5
,-1.384821947488823E-5
,-1.4146008781530502E-5
,-1.4212971712701198E-5
,-1.3271723297119552E-5
,-1.5384350881384292E-5
,-1.4324675545806415E-5
,-1.4011017843862308E-5
,-1.5218236206570815E-5
,-1.5633181433874202E-5
,-1.5965214632808848E-5
,-1.403027365968498E-5
,-1.4140679514780561E-5
,-1.403612239498963E-5
,-1.4556345440093472E-5
,-1.4990019126374137E-5
,-1.5995150731961785E-5
,-1.5575644992057172E-5
,-1.5030397719516505E-5
,-1.4493103236739564E-5
,-1.5467573746826758E-5
,-1.5816370349885703E-5
,-1.5041495421893658E-5
,-1.403260324481704E-5
,-1.4613040062019114E-5
