system:time_start,evaporation_from_vegetation_transpiration
,-1.6621575802370596E-5
,-1.4581519765973403E-5
,-1.609802347957157E-5
,-1.3939839845988901E-5
,-1.657767619083946E-5
,-1.4608854447336245E-5
,-1.5316333034813096E-5
,-1.6348093170866682E-5
,-1.4390247573222344E-5
,-1.5121056761320992E-5
,-1.772491620310272E-5
,-1.4735859440406788E-5
,-1.606453649098209E-5
,-1.4839809834181022E-5
,-1.6201796461245978E-5
,-1.430764750693925E-5
,-1.7121247340886234E-5
,-1.6609982048976234E-5
,-1.7928596450171125E-5
,-1.5044032382623605E-5
,-1.553799314327383E-5
,-1.7421536783028086E-5
,-1.2996103275024021E-5
,-1.4269034727476539E-5
,-1.590762561439382E-5
,-1.6798910291981886E-5
,-1.718820106664983E-5
,-1.7366945758112707E-5
,-1.5399584663100543E-5
,-1.7065496164529276E-5
,-1.45136502396781E-5
,-1.8958733077549067E-5
,-1.7152141056916057E-5
,-1.6049861369538124E-5
