system:time_start,evaporation_from_vegetation_transpiration
,-4.2557040311900586E-5
,-3.599475955221957E-5
,-4.248971163178794E-5
,-3.691965442461272E-5
,-4.194772554910742E-5
,-3.9812684311376266E-5
,-4.14062554530877E-5
,-4.313620593165979E-5
,-4.113485859609985E-5
,-3.950243384072868E-5
,-3.8596689288776055E-5
,-4.014217120129615E-5
,-4.390804072803197E-5
,-3.875286226199629E-5
,-4.271369774263197E-5
,-3.999783560478439E-5
,-4.169600288150832E-5
,-4.1929108798891925E-5
,-4.339054733767019E-5
,-4.5366003178060055E-5
,-3.9351121813524514E-5
,-4.301629936283765E-5
,-4.0036390297852144E-5
,-4.084561320875461E-5
,-4.1739947240178786E-5
,-4.358595409333551E-5
,-4.7568878774958044E-5
,-4.763029149520056E-5
,-4.154235709089941E-5
,-4.5961676126656435E-5
,-4.2100271457456984E-5
,-4.272230944479816E-5
,-4.128819333952075E-5
,-4.262858237780165E-5
