system:time_start,evaporation_from_vegetation_transpiration
,-3.365446606213005E-5
,-3.23723496659936E-5
,-3.6071224773574306E-5
,-3.32086018585999E-5
,-3.4879923675492005E-5
,-3.567933003761849E-5
,-3.913279792219067E-5
,-4.05423985198251E-5
,-3.497570963060882E-5
,-3.4866856142235476E-5
,-3.75137714096733E-5
,-3.531974879955495E-5
,-3.441074603913529E-5
,-3.580622675751025E-5
,-3.688671493450999E-5
,-3.601700035298043E-5
,-3.4423283310995126E-5
,-3.51292154456522E-5
,-3.874142371170732E-5
,-3.677542147107444E-5
,-3.620502554570391E-5
,-3.646438997834809E-5
,-3.5824844044760714E-5
,-3.588424920703151E-5
,-3.870993059535976E-5
,-3.665457160899504E-5
,-4.101074693954571E-5
,-3.7329595614296736E-5
,-3.56095015117067E-5
,-3.7611783513317014E-5
,-3.6500025280041704E-5
,-4.299795383260407E-5
,-3.650507543560316E-5
,-3.4109508349155524E-5
