system:time_start,evaporation_from_vegetation_transpiration
,-1.157898320040355E-5
,-1.077600427379366E-5
,-1.0238994946121238E-5
,-1.1347595015346693E-5
,-1.1053338312194683E-5
,-1.1406538760638796E-5
,-1.1278843885520473E-5
,-1.1589584270647416E-5
,-1.1762695673193472E-5
,-1.1801673584462454E-5
,-1.0913235504024973E-5
,-1.128460826294031E-5
,-1.1371789999733059E-5
,-1.1392080826529613E-5
,-1.1020678963783817E-5
,-1.1719842101835335E-5
,-1.1822998203570023E-5
,-1.040340915399914E-5
,-1.121054750304514E-5
,-1.142377186624799E-5
,-1.1417317485514408E-5
,-1.1650490705505945E-5
,-1.1128032686732089E-5
,-1.1691651404059181E-5
,-1.1209493701850684E-5
,-1.1816811820608564E-5
,-1.2322340505003618E-5
,-1.204607542604208E-5
,-1.1810906774674853E-5
,-1.1331094356137328E-5
,-1.155921684888502E-5
,-1.1692177698326608E-5
,-1.205737680720631E-5
,-1.234073230686287E-5
