system:time_start,evaporation_from_vegetation_transpiration
,-5.8631339462013825E-5
,-5.01726835749845E-5
,-5.613032657973511E-5
,-5.935630169858185E-5
,-5.2466023177812367E-5
,-5.636118285625379E-5
,-6.375161431566063E-5
,-7.19189671550831E-5
,-6.10999112431496E-5
,-6.450064361818724E-5
,-5.5942648481241755E-5
,-5.304538302331118E-5
,-4.850323596730743E-5
,-5.4767866690523974E-5
,-4.960954454461144E-5
,-4.782322622710617E-5
,-5.5111953676011054E-5
,-5.244455977210135E-5
,-5.332437629465332E-5
,-5.493095055647721E-5
,-5.283002159066309E-5
,-5.369080604710609E-5
,-5.5553777138645836E-5
,-4.920327014387908E-5
,-5.421072000041572E-5
,-5.997190203645989E-5
,-5.8556561791489955E-5
,-5.6958898910336485E-5
,-5.091318205745237E-5
,-5.410267603676987E-5
,-5.364358219354335E-5
,-6.441654334954571E-5
,-4.622597709454087E-5
,-4.882239106319624E-5
