system:time_start,evaporation_from_vegetation_transpiration
,-8.207518382134645E-5
,-6.909662318141209E-5
,-7.872768117452055E-5
,-7.76807258038046E-5
,-7.501709312718349E-5
,-7.439620404317564E-5
,-8.494987823592122E-5
,-9.808765387096605E-5
,-8.394823395275928E-5
,-9.11360762303864E-5
,-8.170890480896264E-5
,-7.623772782810393E-5
,-6.638644649768293E-5
,-7.342492095528376E-5
,-7.086780137367221E-5
,-6.886916724345981E-5
,-7.43396744332535E-5
,-7.450404926860989E-5
,-7.646437228965096E-5
,-7.732706277719115E-5
,-7.461228763552549E-5
,-7.648037584629723E-5
,-7.842567222851444E-5
,-7.132130518732875E-5
,-8.091038809810846E-5
,-8.660891027071848E-5
,-8.118141105674028E-5
,-8.056572317647096E-5
,-6.995685719971099E-5
,-7.664933359846602E-5
,-7.36164888210591E-5
,-9.207981298588645E-5
,-6.556059935680441E-5
,-6.964485012635164E-5
