system:time_start,evaporation_from_vegetation_transpiration
,-1.0580464203306672E-6
,-1.0264370537547401E-6
,-1.0340164198378961E-6
,-1.0092840147731385E-6
,-1.0084377545690923E-6
,-1.0723621364164848E-6
,-1.0621438986632412E-6
,-1.1786941159151738E-6
,-1.0568012262112794E-6
,-1.1172650973203106E-6
,-1.0882023521854893E-6
,-9.79011164912808E-7
,-9.069195983780843E-7
,-1.122672579691021E-6
,-1.0263386262170149E-6
,-1.0341347888890824E-6
,-1.0098392263080054E-6
,-1.0707985673284162E-6
,-1.1630794651968209E-6
,-1.200130703926028E-6
,-1.0781513940873939E-6
,-1.196065314432163E-6
,-1.1301610947678137E-6
,-1.1066022384420906E-6
,-1.1968567562034151E-6
,-1.2397781587646945E-6
,-1.1302768519367795E-6
,-1.137875278541378E-6
,-1.0486364253847051E-6
,-1.185250562165288E-6
,-1.1633066574915545E-6
,-1.3859069627076863E-6
,-1.1773711664766667E-6
,-1.157808759428184E-6
