system:time_start,evaporation_from_vegetation_transpiration
,-1.8934060184013408E-5
,-1.8529720061148208E-5
,-2.077260796795599E-5
,-1.8400275318223674E-5
,-1.9914372993904788E-5
,-2.0168111708092813E-5
,-2.1456266646661486E-5
,-2.2520433655396726E-5
,-1.9515035698229138E-5
,-1.9120618162560277E-5
,-2.1802836878729675E-5
,-1.870021393794256E-5
,-1.972035715880338E-5
,-2.018355553445872E-5
,-1.9211848363435518E-5
,-1.9828372993894543E-5
,-1.967085760649449E-5
,-2.0495527375411864E-5
,-2.1640884976174373E-5
,-1.9936076569138095E-5
,-1.9756036635953933E-5
,-2.081376320954102E-5
,-1.897448540451781E-5
,-1.9282655557617545E-5
,-2.0022480384795927E-5
,-1.962172973435372E-5
,-2.2226064174901694E-5
,-2.1671747769384336E-5
,-1.9884863528811064E-5
,-2.1177759360095177E-5
,-1.93435244000284E-5
,-2.380670654626253E-5
,-2.0745512908130575E-5
,-1.9621988637178827E-5
