system:time_start,evaporation_from_vegetation_transpiration
,-2.4245831013270623E-5
,-1.955630923032709E-5
,-2.2182957352230987E-5
,-2.2173301368572468E-5
,-2.13892650939058E-5
,-2.0058595747144623E-5
,-2.3688893502386053E-5
,-2.6973264422538482E-5
,-2.2561739872021447E-5
,-2.4760613859755908E-5
,-2.2665209974775418E-5
,-2.1957836225504003E-5
,-1.928168641886929E-5
,-2.1148168924574153E-5
,-2.120020902468924E-5
,-1.9982640926434744E-5
,-2.0048494569342187E-5
,-2.1415665826129533E-5
,-2.219810058276214E-5
,-2.3640489884167585E-5
,-2.2145544923983756E-5
,-2.3999939746852437E-5
,-2.3223670595847777E-5
,-2.307398539689386E-5
,-2.485137319960645E-5
,-2.627824054888899E-5
,-2.4696983254271984E-5
,-2.2689248124014813E-5
,-1.9285317733452578E-5
,-2.2171929164253058E-5
,-2.1560955832222833E-5
,-2.7024922647282215E-5
,-2.1350987429789878E-5
,-2.0438506168980692E-5
