system:time_start,evaporation_from_vegetation_transpiration
,-6.3159619237536164E-6
,-6.17429164280607E-6
,-6.49148988128273E-6
,-6.13123671483305E-6
,-6.954650664490394E-6
,-6.5842634119855425E-6
,-6.65732416867589E-6
,-6.927909976873322E-6
,-6.283355215793674E-6
,-6.444317036904537E-6
,-6.196140461587206E-6
,-6.3439867076478115E-6
,-6.57483977909468E-6
,-6.223261648714967E-6
,-7.007004872624143E-6
,-6.559777113690154E-6
,-6.322200947165998E-6
,-7.281088321840137E-6
,-7.1714340733844E-6
,-7.199711145596777E-6
,-6.355452349067271E-6
,-6.537626673393375E-6
,-6.481568837471335E-6
,-6.447863790636996E-6
,-7.384211516402889E-6
,-7.11337375061262E-6
,-6.871859416908896E-6
,-6.848538870337617E-6
,-6.502140394965837E-6
,-7.430532687893984E-6
,-8.13067824558609E-6
,-7.530788769310511E-6
,-6.861799027485013E-6
,-6.569176824114313E-6
