system:time_start,evaporation_from_vegetation_transpiration
,-1.3328886375853066E-5
,-1.178670367220615E-5
,-1.2909222159915198E-5
,-1.2126546127749154E-5
,-1.274661688647164E-5
,-1.2590254982569604E-5
,-1.319991574914807E-5
,-1.2766618241315612E-5
,-1.2203261264773943E-5
,-1.308631208808543E-5
,-1.1998513619565291E-5
,-1.2060268124548234E-5
,-1.3237942817391337E-5
,-1.1404093440971875E-5
,-1.3461039972955605E-5
,-1.216952403882277E-5
,-1.2012349568774678E-5
,-1.2910995405103744E-5
,-1.3080264377802247E-5
,-1.3900903021985195E-5
,-1.2064368328773762E-5
,-1.2211669012753259E-5
,-1.1758016727172719E-5
,-1.2543705022633529E-5
,-1.2466322628083787E-5
,-1.3854658509107711E-5
,-1.4250363375578202E-5
,-1.3261882587458887E-5
,-1.2319224567734098E-5
,-1.3995156576937814E-5
,-1.3712890550879012E-5
,-1.3486589312850373E-5
,-1.2160774767161692E-5
,-1.2655726617662435E-5
