system:time_start,evaporation_from_vegetation_transpiration
,-7.557553283804397E-5
,-7.325582434427302E-5
,-6.652096995324124E-5
,-7.729528186580771E-5
,-7.464913504076063E-5
,-7.12046674309707E-5
,-7.649114482854407E-5
,-7.522957169433023E-5
,-7.054801771883314E-5
,-7.645080823579134E-5
,-7.029257485790979E-5
,-7.29877978894366E-5
,-7.064406300643707E-5
,-7.51377412320401E-5
,-6.931505394483045E-5
,-7.627008481527011E-5
,-7.868040309919005E-5
,-6.81558344345616E-5
,-7.369513422632525E-5
,-7.233929201438574E-5
,-7.650868795182355E-5
,-7.486691718453986E-5
,-7.39035658572046E-5
,-7.682472210705615E-5
,-6.968091376679465E-5
,-7.377921338159846E-5
,-7.601400520665013E-5
,-7.682663341655601E-5
,-7.466354008106634E-5
,-6.946485235551075E-5
,-7.056299951077796E-5
,-7.372285551525729E-5
,-7.899793853324942E-5
,-7.373042837735877E-5
