system:time_start,evaporation_from_vegetation_transpiration
,-3.0951575282932594E-5
,-2.792638455134485E-5
,-3.3399332066728915E-5
,-3.104178825856698E-5
,-3.122317478485106E-5
,-2.9323614066003694E-5
,-3.467821121150004E-5
,-3.9069061897987246E-5
,-3.178150641331122E-5
,-3.213224597120227E-5
,-3.274118351363737E-5
,-3.1655519063968E-5
,-2.7801336240420178E-5
,-3.206630452611945E-5
,-3.087489711022951E-5
,-3.0829149841784054E-5
,-3.0866682993969424E-5
,-3.0460802722076306E-5
,-3.415056406773301E-5
,-3.378257485499584E-5
,-3.0677104304130706E-5
,-3.311242438393213E-5
,-3.26133304874959E-5
,-3.1685936014552974E-5
,-3.5999371819795424E-5
,-3.6961974859687726E-5
,-3.628110261119444E-5
,-3.0404557471342E-5
,-3.0077462528710136E-5
,-3.07259520935142E-5
,-3.284334556144066E-5
,-4.026027657233332E-5
,-3.42364289810302E-5
,-3.132860415967621E-5
