system:time_start,evaporation_from_vegetation_transpiration
,-7.95590767665999E-5
,-7.663876203878317E-5
,-8.559171025505445E-5
,-8.361623622477055E-5
,-8.325724896470395E-5
,-8.317669138098911E-5
,-8.600671996343105E-5
,-9.639851608274815E-5
,-8.411936808746152E-5
,-8.522600425446096E-5
,-8.602690589517199E-5
,-7.687584123535392E-5
,-7.410127727780491E-5
,-8.165963602853783E-5
,-8.227640197825774E-5
,-7.259623635036405E-5
,-7.466928824821177E-5
,-9.636985305405688E-5
,-8.898819032765459E-5
,-8.911835235873393E-5
,-8.434112957426503E-5
,-8.68648263955644E-5
,-8.727012815749428E-5
,-8.407848690694664E-5
,-9.071965359908063E-5
,-9.225171622044097E-5
,-1.0294477518376273E-4
,-8.316523114141698E-5
,-8.063257761629454E-5
,-9.500220585323405E-5
,-8.598980336197808E-5
,-1.0271248356730212E-4
,-8.099122351268306E-5
,-7.484209042255922E-5
