system:time_start,evaporation_from_vegetation_transpiration
,-4.976102029280895E-5
,-4.402835472745532E-5
,-4.843998582368591E-5
,-4.6803668070263293E-5
,-4.717370362636508E-5
,-4.744920195908018E-5
,-5.1099227925316526E-5
,-5.803606605688002E-5
,-5.1158815638907855E-5
,-5.391240958050718E-5
,-5.314931412256188E-5
,-4.79099157870868E-5
,-4.307735642076387E-5
,-5.038370006873208E-5
,-4.756780627731554E-5
,-4.909892059119177E-5
,-4.75905630474135E-5
,-4.676193966281468E-5
,-5.040247672116375E-5
,-5.609214695678673E-5
,-4.8925329827374915E-5
,-5.444880111951268E-5
,-5.086896812001966E-5
,-5.144265756856617E-5
,-5.4355367477764646E-5
,-5.8264165938898666E-5
,-5.2747689720175926E-5
,-5.010976324248165E-5
,-4.9852244430386165E-5
,-5.274510358542279E-5
,-5.689673908139562E-5
,-6.486811219355511E-5
,-5.412611204627086E-5
,-5.482473235797404E-5
