system:time_start,evaporation_from_vegetation_transpiration
,-1.05784207941421E-5
,-9.096929109849347E-6
,-1.0379695595474914E-5
,-8.644188710604794E-6
,-1.0556871833008094E-5
,-9.646167503281807E-6
,-9.917241792815426E-6
,-1.0597713602085909E-5
,-9.053960942158787E-6
,-9.925249590499638E-6
,-1.1392891489473792E-5
,-8.822713425615802E-6
,-1.0162768982506046E-5
,-9.377631310295934E-6
,-1.0132671377505176E-5
,-9.367635357193649E-6
,-1.1238390773845216E-5
,-1.0603860573610291E-5
,-1.1161028548182609E-5
,-9.579730734306699E-6
,-1.0003598921078568E-5
,-1.104615027240167E-5
,-8.25076919378868E-6
,-8.952039934229106E-6
,-1.0073426286301887E-5
,-1.0634137652232312E-5
,-1.091691713857775E-5
,-1.040982715494465E-5
,-9.902620149659924E-6
,-1.0712194731847072E-5
,-9.367568054585718E-6
,-1.179468987781244E-5
,-1.0822056841182833E-5
,-1.0091525837196968E-5
