system:time_start,evaporation_from_vegetation_transpiration
,-3.185289928047032E-5
,-2.5852879511136896E-5
,-2.6767202845114142E-5
,-2.572089850254284E-5
,-2.8646597391438783E-5
,-2.8927683755314113E-5
,-2.9507452673225487E-5
,-3.307354948928524E-5
,-3.054821179687803E-5
,-3.073548838323868E-5
,-2.7911084377586546E-5
,-3.097362470987337E-5
,-2.8548704256155995E-5
,-3.177430330443932E-5
,-3.1239113465500874E-5
,-3.200598863865404E-5
,-2.8330684917997204E-5
,-2.9206372940820778E-5
,-3.181970228396928E-5
,-3.369825580330441E-5
,-3.334984414763003E-5
,-3.060460439169843E-5
,-3.3761361348796545E-5
,-2.996112573848127E-5
,-3.146559733412764E-5
,-3.184719875790072E-5
,-3.335389674902175E-5
,-2.984107783537136E-5
,-2.9552127837638666E-5
,-2.957056991731614E-5
,-3.0977509453020736E-5
,-3.4291348164711675E-5
,-3.0067339751624436E-5
,-2.9883624758404755E-5
