system:time_start,evaporation_from_vegetation_transpiration
,-1.6614246278274525E-6
,-1.5178851974655338E-6
,-1.4969033531308401E-6
,-1.608232163231481E-6
,-1.5050320309290496E-6
,-1.6744698024757036E-6
,-1.5581035823384865E-6
,-1.5243168463436602E-6
,-1.5115219536131589E-6
,-1.6752244515704328E-6
,-1.500623120316022E-6
,-1.5965407797149522E-6
,-1.59821139470406E-6
,-1.583584371749594E-6
,-1.538685638947892E-6
,-1.6919307227274686E-6
,-1.680313752413812E-6
,-1.421040327510458E-6
,-1.62394122030078E-6
,-1.7130493771136657E-6
,-1.5962906852082323E-6
,-1.5852678740030212E-6
,-1.687276391859279E-6
,-1.567255755865269E-6
,-1.6357089242030105E-6
,-1.6733647498767823E-6
,-1.6085900080559608E-6
,-1.5425030142068863E-6
,-1.5829324679957195E-6
,-1.5479157864871068E-6
,-1.6156149451324547E-6
,-1.73379400318178E-6
,-1.5850712136880524E-6
,-1.6904363622994756E-6
