system:time_start,evaporation_from_vegetation_transpiration
,-3.594928275174023E-5
,-3.7635624325999354E-5
,-3.7199365391714675E-5
,-3.627486928344036E-5
,-3.8490436956304024E-5
,-3.5653777706164644E-5
,-4.0264767950553225E-5
,-3.621659823344575E-5
,-3.534299850029188E-5
,-3.8077314458929715E-5
,-3.518329265263315E-5
,-4.0798225108523474E-5
,-3.659971010405747E-5
,-3.726692605712896E-5
,-3.869262309524323E-5
,-3.77268255430203E-5
,-3.638920001395352E-5
,-3.784636733489625E-5
,-3.536104369184595E-5
,-3.595134359747017E-5
,-3.5650238879137736E-5
,-3.672522763230856E-5
,-3.924266099453413E-5
,-3.7095668403960127E-5
,-3.644700578749722E-5
,-3.939740483992159E-5
,-3.394738060230549E-5
,-3.554540762132233E-5
,-3.927946763156369E-5
,-3.60459658629953E-5
,-3.356006126124329E-5
,-3.556242045245604E-5
,-3.562129827967266E-5
,-3.9048636851014804E-5
