system:time_start,evaporation_from_vegetation_transpiration
,-8.669982355853392E-4
,-8.610349638426367E-4
,-9.714406294879989E-4
,-8.419159741564748E-4
,-9.644389585613598E-4
,-8.844516493715266E-4
,-9.310308522036321E-4
,-0.0010199975382922024
,-8.971743540858098E-4
,-9.027517978117024E-4
,-0.0010215625943496942
,-8.789027758849579E-4
,-9.089559046713831E-4
,-8.973953862624021E-4
,-9.29817385241776E-4
,-8.609858207077112E-4
,-9.088511158489414E-4
,-0.0010172417822669276
,-0.0010100783999415848
,-9.275625128501051E-4
,-9.1478713942309E-4
,-0.0010225869716133722
,-8.747067787362016E-4
,-8.905910172902152E-4
,-9.526688167191414E-4
,-9.521627766896447E-4
,-9.984963699966542E-4
,-9.70442659037098E-4
,-9.051628947146263E-4
,-9.739054423606694E-4
,-8.838940280504342E-4
,-0.001101273758409327
,-9.656427002859157E-4
,-8.523897857481516E-4
