system:time_start,evaporation_from_vegetation_transpiration
,-1.4201243781523468E-5
,-1.2488681628989676E-5
,-1.3722260215824159E-5
,-1.2055772458552383E-5
,-1.4824571432351755E-5
,-1.3331190226987625E-5
,-1.3573588754904145E-5
,-1.3931154171586968E-5
,-1.2776525788164387E-5
,-1.3198362770102298E-5
,-1.3931473101062389E-5
,-1.2917618126569627E-5
,-1.411579129732369E-5
,-1.3702754586120136E-5
,-1.3971175576443784E-5
,-1.2870290447608568E-5
,-1.3452449517596202E-5
,-1.3668935328799611E-5
,-1.4291060021302352E-5
,-1.3330297103190484E-5
,-1.3237599584196383E-5
,-1.4436340885974156E-5
,-1.2178300191105032E-5
,-1.2936144533644741E-5
,-1.3461869457387365E-5
,-1.420856521387274E-5
,-1.4995191425744755E-5
,-1.4965241765215373E-5
,-1.3627281077788211E-5
,-1.4950501887748638E-5
,-1.3816046703141183E-5
,-1.4164067276093798E-5
,-1.3145373183457801E-5
,-1.3560722436523065E-5
