system:time_start,evaporation_from_vegetation_transpiration
,-3.2456435012416204E-6
,-3.0392093322006994E-6
,-3.098685761543517E-6
,-2.9307175282156103E-6
,-2.9817829039156777E-6
,-2.997860065079295E-6
,-3.337526719312733E-6
,-3.314057278494613E-6
,-3.0974163867843653E-6
,-3.2531276165406248E-6
,-3.191820817450301E-6
,-3.219576403632976E-6
,-2.7685481398247E-6
,-3.2567954920709903E-6
,-2.946538165232573E-6
,-3.2121045082115024E-6
,-3.0666974803002986E-6
,-3.208200490543953E-6
,-3.292680328461127E-6
,-3.4657659386702557E-6
,-3.3016979917495823E-6
,-3.2659661370323597E-6
,-3.70842584137184E-6
,-3.1488996169989554E-6
,-3.4208384395475527E-6
,-3.448991591516787E-6
,-3.609161444145661E-6
,-3.3969680281678357E-6
,-3.27227028789751E-6
,-3.0887936774002487E-6
,-3.2776391983647145E-6
,-3.490156674300894E-6
,-3.3824314577475147E-6
,-3.404137691503797E-6
