system:time_start,evaporation_from_vegetation_transpiration
,-2.1557018632325486E-4
,-1.9705373562279728E-4
,-2.1012158577978892E-4
,-1.919337266143547E-4
,-2.3043289190920419E-4
,-2.0401712833059945E-4
,-2.0873858723552283E-4
,-2.0998653790690495E-4
,-2.036098183469873E-4
,-1.946484177630936E-4
,-2.134002179247226E-4
,-1.9838783398598862E-4
,-2.1734682313102516E-4
,-2.1771776866704302E-4
,-2.284176047091048E-4
,-1.9703824632624504E-4
,-2.150141169487882E-4
,-2.0410517224290697E-4
,-2.1925724226438395E-4
,-2.125213905661374E-4
,-2.0665082037892601E-4
,-2.1743205592630405E-4
,-1.9289813491791657E-4
,-2.1156628305849163E-4
,-2.0734275715421835E-4
,-2.1547547302842718E-4
,-2.2362264717363378E-4
,-2.1837792915251108E-4
,-2.0526039596708843E-4
,-2.4271260338370982E-4
,-2.0784733076371494E-4
,-2.1587873850469484E-4
,-2.084191982196991E-4
,-2.142746611630352E-4
