system:time_start,evaporation_from_vegetation_transpiration
,-7.360783153368781E-7
,-7.232156349346042E-7
,-7.216882901654268E-7
,-7.045952467403064E-7
,-7.178908466206243E-7
,-7.019019297634562E-7
,-6.868231139378622E-7
,-7.283639812764401E-7
,-7.179939226868252E-7
,-7.663851041191568E-7
,-7.368198566837236E-7
,-6.958713735609005E-7
,-7.476452689540262E-7
,-7.704626720321054E-7
,-7.342866107743854E-7
,-7.927568124917647E-7
,-7.03957387789463E-7
,-7.971078351450463E-7
,-7.626488998842736E-7
,-8.062755417389175E-7
,-7.607692775006095E-7
,-7.599434563113997E-7
,-7.708925598611435E-7
,-7.061504826803381E-7
,-7.644072563077012E-7
,-8.329637542677423E-7
,-7.455958742260312E-7
,-8.447320093788827E-7
,-7.909111445769668E-7
,-8.007057961852601E-7
,-9.407340257894248E-7
,-8.597447352561479E-7
,-8.313927537528798E-7
,-8.303419842074314E-7
