system:time_start,evaporation_from_vegetation_transpiration
,-2.1878426802383426E-5
,-2.0453085588607272E-5
,-2.275516263103955E-5
,-2.135984227823515E-5
,-2.2634345095000404E-5
,-2.1134036658276313E-5
,-2.3446726377837225E-5
,-2.664413209242325E-5
,-2.230566219839689E-5
,-2.240371811369966E-5
,-2.3146061028542353E-5
,-2.1215477318037298E-5
,-1.9934576595828513E-5
,-2.20385923707259E-5
,-2.248618988059683E-5
,-2.14154257437691E-5
,-2.2016960342409135E-5
,-2.1930288442360635E-5
,-2.4178518201335376E-5
,-2.248970182942382E-5
,-2.164849250957126E-5
,-2.342844432167199E-5
,-2.3273613242920314E-5
,-2.16372275081951E-5
,-2.4682545353287077E-5
,-2.268812291038644E-5
,-2.4771015281051707E-5
,-2.1238368346876952E-5
,-2.041095432927943E-5
,-2.2188001994869583E-5
,-2.2137553882896015E-5
,-2.7447632202806527E-5
,-2.2280317092996222E-5
,-2.1004695251273613E-5
