system:time_start,evaporation_from_vegetation_transpiration
,-2.508165397530492E-6
,-2.234046913386539E-6
,-2.177037917194903E-6
,-2.202099765875556E-6
,-2.2455213499491463E-6
,-2.4214406904520287E-6
,-2.259164603563028E-6
,-2.352183004118739E-6
,-2.6898399712110873E-6
,-2.508978909731787E-6
,-2.2577810821944953E-6
,-2.3992518689858836E-6
,-2.5639074848558457E-6
,-2.6192135027458963E-6
,-2.547620194582369E-6
,-2.69587986883619E-6
,-2.4264772404234496E-6
,-2.2693522357546567E-6
,-2.526893717358911E-6
,-2.638423889272828E-6
,-2.539455746910989E-6
,-2.6421551985037074E-6
,-2.615629718978107E-6
,-2.5433656720281766E-6
,-2.470968301535135E-6
,-2.488035785447905E-6
,-2.5721793169856737E-6
,-2.442558753207328E-6
,-2.577558748924418E-6
,-2.456408015997805E-6
,-2.475693262072386E-6
,-2.7009221419693932E-6
,-2.43661855000417E-6
,-2.6490737715304442E-6
