system:time_start,evaporation_from_vegetation_transpiration
,-2.182845734447862E-6
,-1.6411932544239488E-6
,-1.921569249437501E-6
,-2.020645600471956E-6
,-1.8641027660729985E-6
,-1.8398078585353992E-6
,-2.1441209052378933E-6
,-2.4387623852817347E-6
,-2.06245119140173E-6
,-2.282107137337637E-6
,-2.008310669528631E-6
,-2.0369157330909126E-6
,-1.7356165092981734E-6
,-1.8710013440189265E-6
,-1.8874459783546631E-6
,-1.8251606282622865E-6
,-1.9147839338984346E-6
,-1.8842194549506532E-6
,-2.011693747287306E-6
,-2.094036487202781E-6
,-2.0038805814692755E-6
,-2.157555960972483E-6
,-2.146670279519943E-6
,-2.0919846671555813E-6
,-2.1733588558466486E-6
,-2.3256910935742784E-6
,-2.2699225761850054E-6
,-2.0661198504967613E-6
,-1.769279939859795E-6
,-1.8702832070024065E-6
,-1.8889140240692844E-6
,-2.4014142885183293E-6
,-1.8456166192966826E-6
,-1.7748382864131904E-6
