system:time_start,evaporation_from_vegetation_transpiration
,-3.5667550643362724E-6
,-3.6577869953665263E-6
,-3.1372110242955387E-6
,-3.2149867668825514E-6
,-3.1585750548401847E-6
,-3.4065445409699655E-6
,-3.179985772779522E-6
,-3.2557169712769487E-6
,-3.931751052732579E-6
,-3.538734745234251E-6
,-3.367801279334041E-6
,-3.2118690190448738E-6
,-3.670525378159558E-6
,-3.6145641691594696E-6
,-3.901801998532998E-6
,-4.102745757942709E-6
,-3.5078034367567548E-6
,-3.609756580165898E-6
,-3.981233627807039E-6
,-3.92092745945168E-6
,-3.5096018109470606E-6
,-3.870830672288624E-6
,-3.956285581807606E-6
,-3.6632403255983568E-6
,-3.968670474326548E-6
,-3.942001664351362E-6
,-3.6839270857550823E-6
,-3.7217996577965096E-6
,-4.0330439029882354E-6
,-3.5973892712111897E-6
,-4.147041181568056E-6
,-4.047062854321363E-6
,-3.743238873236502E-6
,-4.0688986094513284E-6
