system:time_start,evaporation_from_vegetation_transpiration
,-6.477734787772868E-4
,-6.219063944911297E-4
,-6.183925754624444E-4
,-6.849592641808717E-4
,-6.306219669178937E-4
,-6.123247497811764E-4
,-6.491759994937458E-4
,-6.467344906105311E-4
,-6.052683396683345E-4
,-6.609657746385274E-4
,-5.952585389266224E-4
,-6.10754555060986E-4
,-6.213061047086933E-4
,-6.180245254518794E-4
,-6.00480786285545E-4
,-6.392946961378767E-4
,-7.034950854661643E-4
,-5.943682268991568E-4
,-6.155898587549546E-4
,-6.084603865331726E-4
,-6.289190466747596E-4
,-6.146875961298807E-4
,-6.289668121536787E-4
,-6.445152532554929E-4
,-6.029421132332927E-4
,-6.144363162919286E-4
,-6.519122867380597E-4
,-6.613019234923603E-4
,-6.315615087853527E-4
,-6.005138884744546E-4
,-6.00842882476573E-4
,-6.296906509464403E-4
,-6.713657987658313E-4
,-6.436066422651625E-4
