system:time_start,evaporation_from_vegetation_transpiration
,-6.400291204045061E-5
,-5.473409388893439E-5
,-6.264582710476437E-5
,-5.776209703374965E-5
,-6.233227698733874E-5
,-6.179734797721419E-5
,-6.329426711696821E-5
,-6.34334877152772E-5
,-5.741687831080829E-5
,-6.264344422864572E-5
,-5.755705266589454E-5
,-5.6488608000411965E-5
,-6.391296543976448E-5
,-5.608147936679112E-5
,-6.28230815588419E-5
,-5.9597453097618804E-5
,-5.94396557668612E-5
,-6.299473170656711E-5
,-6.350652680945738E-5
,-6.51518542629977E-5
,-6.038013695312353E-5
,-5.9730127759394236E-5
,-5.739232134753062E-5
,-5.982165688086146E-5
,-6.037865750840865E-5
,-6.567141645064112E-5
,-6.957759918198765E-5
,-6.727215259161312E-5
,-5.893245603753409E-5
,-6.804337681387551E-5
,-6.621497656548551E-5
,-6.405380493864261E-5
,-5.8648104338014186E-5
,-6.251007107493933E-5
