system:time_start,evaporation_from_vegetation_transpiration
,-3.0174337466416456E-6
,-2.844654634481273E-6
,-2.909599217153819E-6
,-2.91073139513693E-6
,-2.8793039399759083E-6
,-2.9423426115369823E-6
,-2.9090879468726814E-6
,-3.065138978508046E-6
,-2.883261627825309E-6
,-3.1613399403882093E-6
,-3.1097648951843094E-6
,-2.819603737623852E-6
,-2.925655475597263E-6
,-3.16985559991389E-6
,-2.852390510573362E-6
,-3.0654646165896244E-6
,-2.827357331538916E-6
,-3.1429521576293537E-6
,-3.0875701668264804E-6
,-3.3132186001152837E-6
,-3.179966435189791E-6
,-3.203730440353475E-6
,-3.0486576872049007E-6
,-2.99240438315402E-6
,-3.178444430453791E-6
,-3.4929071435250256E-6
,-3.144944410104515E-6
,-3.4019132423660867E-6
,-3.173460975501387E-6
,-3.357919615068351E-6
,-3.7728053982954447E-6
,-3.6378205073734057E-6
,-3.241476965091091E-6
,-3.422860230611626E-6
