system:time_start,evaporation_from_vegetation_transpiration
,-8.363291271962225E-6
,-7.453272477856412E-6
,-7.561721679194945E-6
,-7.933086204789822E-6
,-7.870445379491062E-6
,-7.889809989648169E-6
,-8.508106634907197E-6
,-9.008910286897923E-6
,-7.784221101278569E-6
,-8.370047126255375E-6
,-8.237616304796303E-6
,-8.14604994191445E-6
,-7.132808381707913E-6
,-8.346563973055598E-6
,-7.537987792666332E-6
,-8.412292995592252E-6
,-7.551393457361611E-6
,-8.186732533463407E-6
,-8.378162212402299E-6
,-8.742473941661924E-6
,-8.552688405759177E-6
,-8.164456263776837E-6
,-9.077656789470398E-6
,-8.171264070960316E-6
,-8.501514330099891E-6
,-8.884531908143687E-6
,-9.232405653548132E-6
,-8.203533294012265E-6
,-8.239921634524588E-6
,-7.823156665197753E-6
,-8.306450150772243E-6
,-9.017830898141766E-6
,-8.671691032584037E-6
,-8.390040149383265E-6
