system:time_start,evaporation_from_vegetation_transpiration
,-2.537496523776402E-5
,-2.4141820176737383E-5
,-2.5394503002947506E-5
,-2.4366541765630245E-5
,-2.4942096691423405E-5
,-2.4448184073359396E-5
,-2.4959785150713287E-5
,-2.5577495155933622E-5
,-2.2627951087391313E-5
,-2.4724967564300943E-5
,-2.7074203292916838E-5
,-2.357640126623058E-5
,-2.494222765866046E-5
,-2.4768659689774115E-5
,-2.6012044448483113E-5
,-2.319678909164698E-5
,-2.4305982151417993E-5
,-2.691844504928061E-5
,-2.7662959231141333E-5
,-2.2843926975231927E-5
,-2.6210832705449622E-5
,-2.6912958977239516E-5
,-2.284444599354174E-5
,-2.453204069752246E-5
,-2.4123584807966836E-5
,-2.4860508953376364E-5
,-2.512649734853767E-5
,-2.470222898409702E-5
,-2.369259345869068E-5
,-2.632982007829317E-5
,-2.5058431371386785E-5
,-2.8737484778199967E-5
,-2.5413283462209318E-5
,-2.470851480514587E-5
