system:time_start,evaporation_from_vegetation_transpiration
,-1.7735944553957475E-4
,-1.6390698510804214E-4
,-1.5204957829458485E-4
,-1.6218749806284904E-4
,-1.6884077558643185E-4
,-1.607951617188519E-4
,-1.6465248942646818E-4
,-1.6904261913926652E-4
,-1.562795617549758E-4
,-1.7035865979172135E-4
,-1.646649167620732E-4
,-1.5515295611597443E-4
,-1.5795851625928967E-4
,-1.7955114465924757E-4
,-1.6693983222163902E-4
,-1.6045583591524823E-4
,-1.6798388848352866E-4
,-1.632824593495267E-4
,-1.702764505656281E-4
,-1.6444763241452165E-4
,-1.7175921129819471E-4
,-1.819625231291866E-4
,-1.725085688425073E-4
,-1.5818054149955665E-4
,-1.7421358703965476E-4
,-1.5850987135005803E-4
,-1.7655738398995405E-4
,-1.8372385905725727E-4
,-1.714437694317894E-4
,-1.703515081317164E-4
,-1.645453812670894E-4
,-1.743341696662052E-4
,-1.6521973763398515E-4
,-1.7623743588046636E-4
