system:time_start,evaporation_from_vegetation_transpiration
,-9.066337114930807E-5
,-8.610614045115338E-5
,-8.800159996698077E-5
,-8.533926098233831E-5
,-8.75233245642588E-5
,-8.81810047840704E-5
,-8.811567394398664E-5
,-8.787199913203388E-5
,-8.748770550332884E-5
,-9.359280975489093E-5
,-8.53175954646667E-5
,-8.684822595318057E-5
,-8.772348112860095E-5
,-8.220634435391828E-5
,-9.211310084256563E-5
,-8.822952267297585E-5
,-8.667839608477906E-5
,-9.394058118954191E-5
,-9.501138557719994E-5
,-9.828804980186125E-5
,-8.823823992222941E-5
,-8.556403645693424E-5
,-8.5628249996069E-5
,-9.030976305685783E-5
,-9.261122913605658E-5
,-9.876269175890983E-5
,-9.346969347732451E-5
,-9.279219433567613E-5
,-9.183072808897635E-5
,-9.276070915288371E-5
,-9.636672276918796E-5
,-9.178939490786212E-5
,-8.874953079830527E-5
,-8.94801601267959E-5
