system:time_start,evaporation_from_vegetation_transpiration
,-3.791492640124892E-5
,-3.531693982949946E-5
,-3.566290676341547E-5
,-3.56692798959557E-5
,-3.521207145240623E-5
,-3.571295160832556E-5
,-3.629739411634445E-5
,-3.495035485280419E-5
,-3.4701496487185876E-5
,-3.7983093433366674E-5
,-3.439411092484887E-5
,-3.471668060228694E-5
,-3.568059724380469E-5
,-3.278901021985802E-5
,-3.7630467987684016E-5
,-3.4919716603730594E-5
,-3.4084839070500385E-5
,-3.728508191771752E-5
,-3.774611306855351E-5
,-3.9005765655828225E-5
,-3.49017643909772E-5
,-3.4789760320563794E-5
,-3.357002464731016E-5
,-3.6263971600823825E-5
,-3.609585938748851E-5
,-3.9934210993427165E-5
,-3.954634505337E-5
,-3.774642472207132E-5
,-3.599084205537413E-5
,-3.867922431608247E-5
,-3.981132269675274E-5
,-3.80442401769364E-5
,-3.537605476190543E-5
,-3.588430687765745E-5
