system:time_start,evaporation_from_vegetation_transpiration
,-9.710016326737658E-6
,-8.676935760290472E-6
,-8.781628345050627E-6
,-9.316960651111522E-6
,-9.210445763788554E-6
,-9.2596583488644E-6
,-9.936748202086337E-6
,-1.0595057011371302E-5
,-9.076520806653813E-6
,-9.788993750026704E-6
,-9.645264634898576E-6
,-9.43020943720642E-6
,-8.387744054787271E-6
,-9.712226030734156E-6
,-8.855528362584578E-6
,-9.948939004104995E-6
,-8.823078371192208E-6
,-9.52789367234107E-6
,-9.827321740712727E-6
,-1.0204660589979972E-5
,-1.0014293062946914E-5
,-9.558989317849321E-6
,-1.0536118896284494E-5
,-9.578151071937533E-6
,-9.86285149771166E-6
,-1.0391680548526071E-5
,-1.0747805455529097E-5
,-9.524869212674231E-6
,-9.536301127982802E-6
,-9.167898713799547E-6
,-9.703758808297738E-6
,-1.056366268347206E-5
,-1.0163469055225419E-5
,-9.74044637370666E-6
