system:time_start,evaporation_from_vegetation_transpiration
,-4.348398821700054E-5
,-4.236420681991149E-5
,-4.562812318908982E-5
,-4.0733204514253885E-5
,-4.388470066866527E-5
,-4.5732382811062657E-5
,-4.746645693861259E-5
,-5.021155023617515E-5
,-4.3587147956714034E-5
,-4.206768668761166E-5
,-4.599922128060522E-5
,-4.325728696130682E-5
,-4.4791619075112976E-5
,-4.472170439839829E-5
,-4.400476427690592E-5
,-4.267175366597561E-5
,-4.3385040044086054E-5
,-4.419744558011492E-5
,-4.856423765886575E-5
,-4.5270652966185786E-5
,-4.3902561325618685E-5
,-4.6263442830725886E-5
,-4.2075752086626984E-5
,-4.26645692641614E-5
,-4.5714083777662985E-5
,-4.4903087352092065E-5
,-4.979132305985937E-5
,-5.030244271135113E-5
,-4.419186977126325E-5
,-4.914151941193268E-5
,-4.266451105650049E-5
,-4.9776691715427056E-5
,-4.5796203873275466E-5
,-4.638614579259107E-5
