system:time_start,evaporation_from_vegetation_transpiration
,-5.483989060545961E-6
,-5.081482572131789E-6
,-5.181499128229916E-6
,-4.893463393091224E-6
,-4.969689119025134E-6
,-4.952329837639505E-6
,-5.556372284384755E-6
,-5.437027002335526E-6
,-5.166418608860113E-6
,-5.61964323957606E-6
,-5.23427651108553E-6
,-5.468837334774435E-6
,-4.6327375719556596E-6
,-5.524945024323339E-6
,-4.910770798839317E-6
,-5.375081265810877E-6
,-5.124618145055138E-6
,-5.324238805527178E-6
,-5.485244098235852E-6
,-5.797208093766433E-6
,-5.434960005610871E-6
,-5.4522260218315444E-6
,-6.245564059160339E-6
,-5.225402395202157E-6
,-5.716212489642203E-6
,-5.827892100205645E-6
,-6.1402081279084086E-6
,-5.7419452641624955E-6
,-5.593415072265391E-6
,-5.224561018985695E-6
,-5.49620315626574E-6
,-6.033451299299486E-6
,-5.744708939649475E-6
,-5.790547762687007E-6
