system:time_start,evaporation_from_vegetation_transpiration
,-2.7912627653374027E-5
,-2.5243514149527375E-5
,-2.7042155124945566E-5
,-2.6026419315409537E-5
,-2.81958885655816E-5
,-2.75013499049237E-5
,-2.8206892845143255E-5
,-2.8082932355270412E-5
,-2.5127991345167782E-5
,-2.8423498103317495E-5
,-2.6234493513281148E-5
,-2.5652335049623314E-5
,-2.7508358471095562E-5
,-2.414794289506972E-5
,-2.8687728748385172E-5
,-2.6823416192200966E-5
,-2.554096317908261E-5
,-2.7298740557550143E-5
,-2.8824298472803395E-5
,-2.9859476247414325E-5
,-2.6291389076504856E-5
,-2.6537943388878677E-5
,-2.5036300939973444E-5
,-2.6678417877216514E-5
,-2.6956823906706024E-5
,-3.0164260654904258E-5
,-3.0794953393827505E-5
,-2.8026716487753827E-5
,-2.6004378620806772E-5
,-2.9118283540204477E-5
,-2.8231866356994335E-5
,-2.8638553582519915E-5
,-2.593977721213984E-5
,-2.791750860827354E-5
