system:time_start,evaporation_from_vegetation_transpiration
,-2.9821290180379593E-4
,-2.7191926220867125E-4
,-2.749292042341495E-4
,-2.769721012056183E-4
,-2.887792274701798E-4
,-2.7770469364611573E-4
,-2.7974317681042204E-4
,-2.8308216921023684E-4
,-2.9432149997103295E-4
,-2.9772287740229664E-4
,-2.8785718439394893E-4
,-2.768475271901337E-4
,-2.892192085992695E-4
,-2.672311372115776E-4
,-2.706822051856969E-4
,-2.835958082559942E-4
,-2.8327064367100253E-4
,-2.8969507566483884E-4
,-2.879334084762541E-4
,-2.99842742004463E-4
,-2.794281439814328E-4
,-2.7695266178655835E-4
,-2.745039286819826E-4
,-2.911127356641958E-4
,-2.7911078554131494E-4
,-2.9963637678722397E-4
,-3.0320970125467556E-4
,-2.940712574707968E-4
,-2.966978700580777E-4
,-2.972358830273945E-4
,-2.9657502286678533E-4
,-2.960078945435777E-4
,-2.878343647673448E-4
,-2.865541673472513E-4
