system:time_start,evaporation_from_vegetation_transpiration
,-3.085145221995153E-5
,-2.850914920987958E-5
,-3.011621785929513E-5
,-2.9318827305254416E-5
,-2.8360827516650692E-5
,-2.9870577426938618E-5
,-3.0876865884936194E-5
,-3.4411006370562037E-5
,-3.0901608455636496E-5
,-3.1843616859761764E-5
,-3.3062063217345376E-5
,-2.924163733365812E-5
,-2.816944131979632E-5
,-3.135454072301139E-5
,-3.0395113112330035E-5
,-3.150712973717961E-5
,-3.0310189813039763E-5
,-3.022778209149043E-5
,-3.0976329198469906E-5
,-3.44590166358723E-5
,-3.1102475126557294E-5
,-3.266142074742025E-5
,-3.1245047741618306E-5
,-3.0674442370596356E-5
,-3.246698017124278E-5
,-3.679341881611752E-5
,-3.144351988924801E-5
,-3.1068076584564856E-5
,-3.1431824520619245E-5
,-3.274207476577487E-5
,-3.61404125059796E-5
,-3.96884986334354E-5
,-3.2914028318112446E-5
,-3.360917401360619E-5
