system:time_start,evaporation_from_vegetation_transpiration
,-9.046284485521027E-6
,-8.77718714036746E-6
,-8.097274652148674E-6
,-8.634422453421089E-6
,-8.514621713402448E-6
,-8.554833657399286E-6
,-8.697892220273693E-6
,-8.81444744663895E-6
,-9.74167098320322E-6
,-8.976597291621146E-6
,-8.687450202463273E-6
,-8.275635136669735E-6
,-8.99004642633372E-6
,-9.1572075386163E-6
,-9.37615976605836E-6
,-9.803061050964364E-6
,-9.209356691523377E-6
,-8.875084695318947E-6
,-9.438598250805323E-6
,-9.46765568490567E-6
,-9.231711883330716E-6
,-9.707933877507459E-6
,-9.590459006479553E-6
,-9.320827017897197E-6
,-9.530443773352696E-6
,-9.498433743525918E-6
,-9.705617824996202E-6
,-9.468299661724206E-6
,-9.954419486651509E-6
,-9.320091242746759E-6
,-1.0133881284370242E-5
,-9.848795913664314E-6
,-9.659426402019259E-6
,-9.756544659467182E-6
