system:time_start,evaporation_from_vegetation_transpiration
,-4.751096584544884E-6
,-4.518723058440215E-6
,-4.892285990839203E-6
,-4.3827471513809124E-6
,-4.738785443778121E-6
,-4.893485311185941E-6
,-5.050616836700955E-6
,-5.342834838577828E-6
,-4.568547879126996E-6
,-4.611849803812661E-6
,-4.849911199540435E-6
,-4.613486232825159E-6
,-4.855286588832369E-6
,-4.756871875901142E-6
,-4.966968238780586E-6
,-4.585607409050377E-6
,-4.678118178465714E-6
,-4.73893504187634E-6
,-5.3072030409980045E-6
,-4.944728557761251E-6
,-4.856419212900977E-6
,-4.947249236107437E-6
,-4.5845221338271535E-6
,-4.753903836403466E-6
,-5.078380843659749E-6
,-4.829010956172803E-6
,-5.563617157873303E-6
,-5.409293711030235E-6
,-4.660220314910861E-6
,-5.558342805174603E-6
,-4.850930936024243E-6
,-5.1716541003605175E-6
,-4.783380008479016E-6
,-4.99817818336217E-6
