system:time_start,evaporation_from_vegetation_transpiration
,-4.3381540654947804E-5
,-3.894523650247027E-5
,-4.300448857802188E-5
,-3.792290962813977E-5
,-4.351968423829281E-5
,-3.8559659861632445E-5
,-3.9434763623700875E-5
,-4.1824380050890055E-5
,-3.750077753682576E-5
,-4.013968472940005E-5
,-4.658462690020402E-5
,-3.954831013938279E-5
,-4.2059258270282526E-5
,-3.966841809631747E-5
,-4.341902916036945E-5
,-3.791360653676314E-5
,-4.7873312637204354E-5
,-4.410228385019027E-5
,-4.601285105482453E-5
,-3.965204260090277E-5
,-4.133443092411783E-5
,-4.603857104527941E-5
,-3.5358869354240596E-5
,-3.9597664952106283E-5
,-4.242297403661291E-5
,-4.475657312598612E-5
,-4.6931703417656196E-5
,-4.6121956637805505E-5
,-4.075388512449405E-5
,-4.420135121021996E-5
,-3.86337872311872E-5
,-5.065062612716463E-5
,-4.306227293411558E-5
,-4.1371395127498545E-5
