system:time_start,evaporation_from_vegetation_transpiration
,-3.94408380088862E-6
,-3.4119875635951757E-6
,-3.355811107515668E-6
,-3.3714119733000794E-6
,-3.356011802679859E-6
,-3.7407407944556326E-6
,-3.5969430124775195E-6
,-3.7057276737565794E-6
,-3.613221754979653E-6
,-3.67291189225701E-6
,-3.436097661809375E-6
,-3.7322934076655656E-6
,-3.364363389361339E-6
,-3.7285444705048576E-6
,-3.5530192690202966E-6
,-3.6854441229176396E-6
,-3.560768770209203E-6
,-3.257985857392972E-6
,-3.619257768150419E-6
,-3.809085683315061E-6
,-3.723430684961689E-6
,-3.5651561726505556E-6
,-3.8788742434311034E-6
,-3.6439657075485834E-6
,-3.4185735178956142E-6
,-3.5488386250411472E-6
,-3.7840551764626675E-6
,-3.5850692559809736E-6
,-3.424208140737998E-6
,-3.4400345612084493E-6
,-3.508753555555207E-6
,-4.007965496081549E-6
,-3.7066280735113346E-6
,-3.9777454124608385E-6
