system:time_start,evaporation_from_vegetation_transpiration
,-4.160067358801219E-5
,-3.466042623282798E-5
,-3.9885988068514657E-5
,-3.585589547583367E-5
,-4.141446849340961E-5
,-3.840432721820738E-5
,-3.8706473484732364E-5
,-4.127332431380637E-5
,-3.7240366206485007E-5
,-3.7506153603317216E-5
,-3.932380089584816E-5
,-3.6665433375067856E-5
,-4.06076833314728E-5
,-3.8164545912877657E-5
,-3.940735799308944E-5
,-3.6720411117130425E-5
,-3.907234167854767E-5
,-3.9368720839168723E-5
,-4.03827392195429E-5
,-3.992419139346263E-5
,-3.8336207580869086E-5
,-4.084880098768433E-5
,-3.544583190281021E-5
,-3.8002134109168154E-5
,-3.8795660051012724E-5
,-4.0107066827962015E-5
,-4.367304973129649E-5
,-4.255920551562061E-5
,-3.8062744048753906E-5
,-4.5373039938567665E-5
,-4.0623816554822646E-5
,-4.1395061392298274E-5
,-3.7990319166662324E-5
,-3.928855494450544E-5
