system:time_start,evaporation_from_vegetation_transpiration
,-2.9899596126875564E-5
,-2.932107976174512E-5
,-3.159212940369869E-5
,-2.816159374635565E-5
,-3.0480661344678317E-5
,-3.159751389473337E-5
,-3.3256177937709754E-5
,-3.4797331137190895E-5
,-2.9988111241042326E-5
,-2.9121515768092157E-5
,-3.225394756800058E-5
,-2.966969886527038E-5
,-3.1012328699155134E-5
,-3.1118009707687924E-5
,-3.0206293446747013E-5
,-2.9545784215591678E-5
,-3.005779797097532E-5
,-3.075627249279635E-5
,-3.3515185749234814E-5
,-3.113796564109292E-5
,-3.0371884922839844E-5
,-3.205665020956808E-5
,-2.9129489004977697E-5
,-2.936976100138727E-5
,-3.1511939978455604E-5
,-3.1129310922734404E-5
,-3.445431909757267E-5
,-3.457026742086438E-5
,-3.0820867730188714E-5
,-3.378776214194493E-5
,-2.9360598627173294E-5
,-3.471223926141095E-5
,-3.1595954763332005E-5
,-3.162542752470804E-5
