system:time_start,evaporation_from_vegetation_transpiration
,-1.3668127126841093E-6
,-1.396891735459897E-6
,-1.2517204738162713E-6
,-1.3756734737327468E-6
,-1.4352040392730167E-6
,-1.3607612916031015E-6
,-1.463041995770718E-6
,-1.443737631894228E-6
,-1.350438348405684E-6
,-1.4155650883456509E-6
,-1.3096299987998516E-6
,-1.429986500000928E-6
,-1.3300829296520745E-6
,-1.536789782489102E-6
,-1.3445465703946813E-6
,-1.4464518494159897E-6
,-1.3993051420673547E-6
,-1.3410175169530488E-6
,-1.4235553024656266E-6
,-1.4209339604028228E-6
,-1.4625369230463333E-6
,-1.5000123134015274E-6
,-1.4529532028759337E-6
,-1.4413488708098657E-6
,-1.3975005262467424E-6
,-1.4821643537074766E-6
,-1.479851027183673E-6
,-1.4356653492523394E-6
,-1.4428827782074794E-6
,-1.3334264461745453E-6
,-1.3716906716010769E-6
,-1.4248742837819506E-6
,-1.4761407167979462E-6
,-1.484662503821264E-6
