system:time_start,evaporation_from_vegetation_transpiration
,-6.708002093262483E-5
,-6.814671942226659E-5
,-6.894658157879657E-5
,-6.726876308115631E-5
,-6.856712898154549E-5
,-6.518266012422041E-5
,-7.322768048538932E-5
,-6.658475059428521E-5
,-6.462806880711141E-5
,-6.990462384460491E-5
,-6.36237653520086E-5
,-7.441268049478864E-5
,-6.639801983251078E-5
,-6.686502581209198E-5
,-7.063710948550132E-5
,-6.932629822819334E-5
,-6.826814486499167E-5
,-6.958271151212412E-5
,-6.528141551733296E-5
,-6.636100285562326E-5
,-6.759809617957834E-5
,-6.68206835449656E-5
,-7.150944989231578E-5
,-6.833894259227146E-5
,-6.602082618883557E-5
,-7.384480848011146E-5
,-6.27194625337104E-5
,-6.513334301715145E-5
,-7.039141964211293E-5
,-6.862734691101817E-5
,-6.271977849043911E-5
,-6.63612776794133E-5
,-6.37549473105925E-5
,-7.196415218122222E-5
