system:time_start,evaporation_from_vegetation_transpiration
,-1.5326472305624076E-5
,-1.3772793140677279E-5
,-1.451543245751124E-5
,-1.4225384102946218E-5
,-1.4654431185753752E-5
,-1.5650284881419975E-5
,-1.5889156948572072E-5
,-1.6655489022154E-5
,-1.5668877658287944E-5
,-1.566267639692598E-5
,-1.5005238123987325E-5
,-1.619221121729471E-5
,-1.4233631260979633E-5
,-1.603241318475622E-5
,-1.5380025965546687E-5
,-1.615157639324211E-5
,-1.5135795948504563E-5
,-1.5450770334633162E-5
,-1.6304883338773667E-5
,-1.661258270010316E-5
,-1.5866181853104932E-5
,-1.5551760579677273E-5
,-1.7407377200493684E-5
,-1.5572942571359305E-5
,-1.5785403145575678E-5
,-1.662327313403157E-5
,-1.754770980765804E-5
,-1.5509659230398633E-5
,-1.5073444816292837E-5
,-1.4980228232348169E-5
,-1.5896650392021864E-5
,-1.731750802345908E-5
,-1.6037950188500614E-5
,-1.617855391836761E-5
