system:time_start,evaporation_from_vegetation_transpiration
,-3.7884309971120627E-4
,-3.7277926166412375E-4
,-4.535110729379538E-4
,-3.6995087128808933E-4
,-4.2234758288727637E-4
,-3.867074034590649E-4
,-4.362081239571744E-4
,-4.5607066910721293E-4
,-4.196536426963859E-4
,-3.934263494945666E-4
,-4.3227816557615605E-4
,-3.945547832774355E-4
,-3.8616197539461544E-4
,-3.619223336392125E-4
,-4.567131020501244E-4
,-3.456951740125464E-4
,-3.876012553429828E-4
,-4.665713472093219E-4
,-4.427807085664625E-4
,-4.349966582293484E-4
,-3.8637706191567173E-4
,-4.7286517223932956E-4
,-3.998306736001051E-4
,-4.1573936563330503E-4
,-4.220933973340635E-4
,-4.179152344490208E-4
,-4.7696108874104964E-4
,-4.3372776298493274E-4
,-3.7074316685843374E-4
,-4.4831153579656316E-4
,-3.934739480987939E-4
,-5.184323422206103E-4
,-4.1958910649235134E-4
,-3.543957673043088E-4
