system:time_start,evaporation_from_vegetation_transpiration
,-5.8067962527275085E-6
,-5.130386246795145E-6
,-5.245966652485852E-6
,-5.306070306687616E-6
,-5.326715836417861E-6
,-5.2894198840173585E-6
,-5.796109083651875E-6
,-5.997919894677277E-6
,-5.331041999549295E-6
,-5.6764535353674246E-6
,-5.565470322229278E-6
,-5.70832344237715E-6
,-4.750557612472524E-6
,-5.7541207449200256E-6
,-5.036893829431695E-6
,-5.495270064178233E-6
,-5.137347519242515E-6
,-5.640799524068522E-6
,-5.627215311202842E-6
,-5.966797592312408E-6
,-5.7781168531316025E-6
,-5.517207076384996E-6
,-6.309050756196181E-6
,-5.5005633233425515E-6
,-5.917281062769082E-6
,-6.023503980638149E-6
,-6.355714504024945E-6
,-5.6952346009590355E-6
,-5.778997850332719E-6
,-5.270425996665533E-6
,-5.653932021232322E-6
,-6.08337055988765E-6
,-5.839841226891925E-6
,-5.826557147277829E-6
