system:time_start,evaporation_from_vegetation_transpiration
,-1.0440702862979379E-4
,-9.371253509016242E-5
,-1.0051659774035215E-4
,-9.506870810582768E-5
,-9.62926612070684E-5
,-9.420056327750596E-5
,-1.0041341738542542E-4
,-1.0026237032434437E-4
,-8.923811522739318E-5
,-9.801169471757021E-5
,-1.0847334791227088E-4
,-9.499162418554381E-5
,-1.0085472968057729E-4
,-1.017136849744323E-4
,-1.0150843202912559E-4
,-9.048683386936318E-5
,-9.903422990949669E-5
,-1.0653372737579048E-4
,-1.1192162855877541E-4
,-9.470370726679296E-5
,-1.0531979266185469E-4
,-1.0887012831517495E-4
,-9.130999327074581E-5
,-9.813483120524324E-5
,-9.696823447787513E-5
,-1.0141371967620216E-4
,-1.027663911372656E-4
,-9.684573403016354E-5
,-9.251432250797127E-5
,-1.1189426489484806E-4
,-9.921287225248913E-5
,-1.0825784193002619E-4
,-1.0121373391787832E-4
,-9.517796509802186E-5
