system:time_start,evaporation_from_vegetation_transpiration
,-5.107530561785789E-5
,-5.058303100841363E-5
,-5.437014664320962E-5
,-4.9576512832399675E-5
,-5.633857124069306E-5
,-5.258729162007858E-5
,-5.418581088070779E-5
,-5.662980558034697E-5
,-5.293758922129026E-5
,-5.244710059958465E-5
,-5.0397590980754194E-5
,-5.1206762752068846E-5
,-5.4672411785023066E-5
,-5.0585965765917316E-5
,-5.672645207336505E-5
,-5.3767087263709275E-5
,-5.270622204989195E-5
,-5.9125086772837675E-5
,-5.758392010951259E-5
,-5.914029011148072E-5
,-5.258977530285759E-5
,-5.1301251282677096E-5
,-5.332747634730324E-5
,-5.233063826121256E-5
,-5.943199331730803E-5
,-5.984038793290633E-5
,-5.472246124381421E-5
,-5.5868037798929766E-5
,-5.291441820667214E-5
,-5.880880976508793E-5
,-6.374711880371684E-5
,-6.37297398498049E-5
,-5.606353500167772E-5
,-5.3747834404237516E-5
