system:time_start,evaporation_from_vegetation_transpiration
,-7.229717673156927E-4
,-6.580997234173041E-4
,-6.732093828778835E-4
,-6.78899232799241E-4
,-6.937019690216023E-4
,-6.865584813026931E-4
,-6.940907429068225E-4
,-6.880204839262731E-4
,-7.249154049852024E-4
,-7.187114136041961E-4
,-6.964684698540589E-4
,-6.75915627732899E-4
,-7.007124674785137E-4
,-6.525244797478299E-4
,-6.526562962162555E-4
,-6.80610247010872E-4
,-6.803920687980859E-4
,-7.169300267488224E-4
,-7.018428676430375E-4
,-7.200232022115057E-4
,-6.641297603070112E-4
,-6.809371339311023E-4
,-6.785545173069983E-4
,-7.072715046813263E-4
,-6.675171063494574E-4
,-7.20220188069284E-4
,-7.181636309783037E-4
,-6.981165140250865E-4
,-7.062180011463695E-4
,-7.112222932127891E-4
,-7.179532278079472E-4
,-6.993768870214816E-4
,-6.72318831186251E-4
,-6.994804722337225E-4
