system:time_start,evaporation_from_vegetation_transpiration
,-2.23306740329516E-6
,-1.7020089278426646E-6
,-1.9818837833273966E-6
,-2.0684143514353513E-6
,-1.9200425355238247E-6
,-1.8650557938919572E-6
,-2.190316374342163E-6
,-2.4771025084518944E-6
,-2.1205509455944904E-6
,-2.3368576987511066E-6
,-2.0799402880904434E-6
,-2.0739679077562273E-6
,-1.77096901436048E-6
,-1.9057655647449651E-6
,-1.9315460447889674E-6
,-1.8457978442344712E-6
,-1.9316180617814205E-6
,-1.923704013584784E-6
,-2.041811163603478E-6
,-2.1220570483825434E-6
,-2.051206164391358E-6
,-2.205445581397301E-6
,-2.168473145686446E-6
,-2.1153497123060637E-6
,-2.236420350323243E-6
,-2.380887833785803E-6
,-2.293114314565305E-6
,-2.1071341569644727E-6
,-1.7974154443652152E-6
,-1.9255834202331253E-6
,-1.924424085860691E-6
,-2.4428315853892466E-6
,-1.8845860333190345E-6
,-1.8305855745383677E-6
