system:time_start,evaporation_from_vegetation_transpiration
,-1.4671055844477106E-5
,-1.1697960223461014E-5
,-1.1889028710488606E-5
,-1.2035458654492579E-5
,-1.2571336402038138E-5
,-1.2949644619568611E-5
,-1.3245207230573978E-5
,-1.5187755807478358E-5
,-1.3612082762267452E-5
,-1.3528511671988848E-5
,-1.2621529737995274E-5
,-1.35312269064699E-5
,-1.2539740988438056E-5
,-1.3816691395165262E-5
,-1.3856174136626708E-5
,-1.4265274043334982E-5
,-1.261786763780696E-5
,-1.3197195332158233E-5
,-1.41645575965505E-5
,-1.4779241689172086E-5
,-1.49014174393665E-5
,-1.3437925936423066E-5
,-1.4853565111137128E-5
,-1.343666397957165E-5
,-1.3846643781542535E-5
,-1.4838171799952312E-5
,-1.5015602189848413E-5
,-1.3204734036201218E-5
,-1.3084989969038227E-5
,-1.321031480641239E-5
,-1.404911219150813E-5
,-1.566093352279943E-5
,-1.3389725095096406E-5
,-1.3093480943032349E-5
