system:time_start,evaporation_from_vegetation_transpiration
,-1.6271656325746637E-5
,-1.7162912020770214E-5
,-1.6526156388055017E-5
,-1.7580223154962168E-5
,-1.6818945773088166E-5
,-1.6347575890702297E-5
,-1.6687055297855597E-5
,-1.7921158966297902E-5
,-1.7932570901595885E-5
,-1.707064560226475E-5
,-1.6022641729149556E-5
,-1.6293545235789177E-5
,-1.7844380434123905E-5
,-1.7056477493800532E-5
,-1.7097334219013446E-5
,-1.849783014525504E-5
,-1.5730610054257948E-5
,-1.7623529250461917E-5
,-1.800395714073804E-5
,-1.8210400513554407E-5
,-1.610330926066834E-5
,-1.6632546652949208E-5
,-1.6863907957384883E-5
,-1.6097624312452455E-5
,-1.7967636975097572E-5
,-1.9764003607431532E-5
,-1.5573691295382257E-5
,-1.9432606980747856E-5
,-1.9020446416107006E-5
,-1.760610717206469E-5
,-2.1544090082493818E-5
,-1.8399944060042293E-5
,-1.8093608054591135E-5
,-1.7786228757662077E-5
