system:time_start,evaporation_from_vegetation_transpiration
,-5.437332729679978E-4
,-4.8724010925178996E-4
,-5.336166388210015E-4
,-4.945677219864868E-4
,-5.813789571904105E-4
,-5.184081675889558E-4
,-5.244457906162346E-4
,-5.252244006351108E-4
,-4.8432834389223404E-4
,-5.088812122379583E-4
,-5.180384072439832E-4
,-4.7978414655278903E-4
,-5.29119848392595E-4
,-5.23343921552521E-4
,-5.476822243839417E-4
,-4.92345855158152E-4
,-5.183630509976135E-4
,-5.123282997889528E-4
,-5.259336422485235E-4
,-5.158594972793869E-4
,-5.130626355893848E-4
,-5.357732185553905E-4
,-4.6359230279987624E-4
,-5.043982197833158E-4
,-4.962213810802119E-4
,-5.150410026818031E-4
,-5.665493576790165E-4
,-5.322845496912144E-4
,-5.050000446029644E-4
,-5.994262580296116E-4
,-5.293115653742604E-4
,-5.142579822661351E-4
,-4.823782435273E-4
,-5.174392409296707E-4
