system:time_start,evaporation_from_vegetation_transpiration
,-8.955072526414707E-6
,-7.99097762393541E-6
,-8.097776083525755E-6
,-8.541191736757927E-6
,-8.459271662609859E-6
,-8.491752143729374E-6
,-9.135883845845926E-6
,-9.705898803615667E-6
,-8.352086634086272E-6
,-8.993564161183141E-6
,-8.856168615575708E-6
,-8.71033848347401E-6
,-7.684255319030921E-6
,-8.946666572161053E-6
,-8.116944728600276E-6
,-9.087529785271423E-6
,-8.110200387481773E-6
,-8.776068878230742E-6
,-9.014955476568838E-6
,-9.38499161512246E-6
,-9.194950339237782E-6
,-8.777245427524946E-6
,-9.718537815691283E-6
,-8.789481836612578E-6
,-9.099716475315356E-6
,-9.546806891362563E-6
,-9.898306382604426E-6
,-8.78415799147829E-6
,-8.809579917902334E-6
,-8.414066542172804E-6
,-8.920458977054633E-6
,-9.697104124589478E-6
,-9.327211820938694E-6
,-8.983438992463226E-6
