system:time_start,evaporation_from_vegetation_transpiration
,-1.1423821394083947E-5
,-9.47770478351948E-6
,-1.0076287740293728E-5
,-1.040086105426762E-5
,-1.031276661249581E-5
,-9.780236170103872E-6
,-1.093482316459882E-5
,-1.1347589387297876E-5
,-1.1035303193275567E-5
,-1.0901068973258867E-5
,-1.0854196064291718E-5
,-1.0429429354619998E-5
,-8.983201990192266E-6
,-1.0809622926522082E-5
,-1.0243478123512265E-5
,-9.482204372069396E-6
,-1.0258833735181826E-5
,-1.012334369293177E-5
,-1.1683378383630943E-5
,-1.16646117718348E-5
,-1.0576189357067947E-5
,-1.1622817959301696E-5
,-1.1691464060730073E-5
,-1.1331642651874098E-5
,-1.139486598863394E-5
,-1.2678343696600404E-5
,-1.2239023841429472E-5
,-1.1148455706004755E-5
,-9.807864800154332E-6
,-1.081522281748519E-5
,-1.0962394668821619E-5
,-1.3944527786740335E-5
,-1.0540918923587086E-5
,-1.0829564924991109E-5
