system:time_start,evaporation_from_vegetation_transpiration
,-1.1038439973310204E-4
,-1.004325789467974E-4
,-1.1331577643212207E-4
,-9.675038878845838E-5
,-1.1475512846887807E-4
,-1.0894464024137613E-4
,-1.0899076155501799E-4
,-1.1426118935568271E-4
,-1.0226690364366796E-4
,-1.0230733208573303E-4
,-1.1171679082204804E-4
,-1.0296327118479733E-4
,-1.1263335256357769E-4
,-1.0944068252744557E-4
,-1.1681590588179403E-4
,-9.976368496400443E-5
,-1.1285834705816063E-4
,-1.0682863268192768E-4
,-1.1414210391005614E-4
,-1.0743195703109228E-4
,-1.085809800202384E-4
,-1.1566231369007562E-4
,-9.761788203041534E-5
,-1.0755196387431505E-4
,-1.1007310140907066E-4
,-1.1265435525155672E-4
,-1.2021555562547648E-4
,-1.1146683178401652E-4
,-1.0694728642936962E-4
,-1.2533268570927023E-4
,-1.0552553552942672E-4
,-1.152359315549071E-4
,-1.1154246290338214E-4
,-1.1185920860308583E-4
