system:time_start,evaporation_from_vegetation_transpiration
,-7.152487289717194E-5
,-6.009112388803772E-5
,-6.829641212486119E-5
,-6.842964738517855E-5
,-6.325105196782926E-5
,-6.461631465544296E-5
,-7.403523386762034E-5
,-8.39669596480701E-5
,-7.337608915408148E-5
,-7.90187335858205E-5
,-6.957536510853037E-5
,-6.591431702896118E-5
,-5.846540164221108E-5
,-6.270969613232852E-5
,-6.151965700645142E-5
,-5.889578655907639E-5
,-6.500043900114878E-5
,-6.410156981870293E-5
,-6.546760279702423E-5
,-6.628701349444991E-5
,-6.518226712684667E-5
,-6.619680687156057E-5
,-6.85960930497505E-5
,-6.225520583729332E-5
,-6.978827089672753E-5
,-7.646686743287435E-5
,-7.153069088813842E-5
,-6.938910914752154E-5
,-6.024881551685467E-5
,-6.456713871067711E-5
,-6.357731585572205E-5
,-7.899249744812737E-5
,-5.581526224070843E-5
,-5.948652483661694E-5
