system:time_start,evaporation_from_vegetation_transpiration
,-3.0436210484670784E-5
,-3.036770795006305E-5
,-3.14101313657981E-5
,-3.145784830849152E-5
,-3.0482472842171166E-5
,-2.9863201537712786E-5
,-2.9198566456519377E-5
,-3.2098261120457515E-5
,-3.125196720551079E-5
,-3.063459492598971E-5
,-2.9656290280399844E-5
,-2.8998616471653804E-5
,-3.160919853447316E-5
,-3.098704049383135E-5
,-3.0451887141680345E-5
,-3.367282079125289E-5
,-2.979938653879799E-5
,-3.4140546025203854E-5
,-3.4131704524043016E-5
,-3.453813163408389E-5
,-3.1408357244799845E-5
,-3.013894577937511E-5
,-3.186480959508723E-5
,-2.9778530006296933E-5
,-3.154005995990398E-5
,-3.641751936811488E-5
,-2.9445975693912867E-5
,-3.631405525084119E-5
,-3.328848773283729E-5
,-3.270321334033118E-5
,-3.952258763699016E-5
,-3.604789041370774E-5
,-3.383702460268978E-5
,-3.469781768217217E-5
