system:time_start,evaporation_from_vegetation_transpiration
,-1.1511507257113629E-4
,-9.35130346051389E-5
,-1.0128226618469469E-4
,-9.369195681894339E-5
,-1.0065971642192877E-4
,-9.606677061431884E-5
,-1.1179231441929006E-4
,-1.1649935980985351E-4
,-1.0796654446907764E-4
,-1.0863140635068922E-4
,-1.0353610038388676E-4
,-9.755469772878288E-5
,-8.430036183254384E-5
,-1.0558020192988669E-4
,-9.818749529200211E-5
,-9.088903984361836E-5
,-9.695709521827557E-5
,-9.60767416086817E-5
,-1.0632076307295145E-4
,-1.0969386124942861E-4
,-1.0014115496508595E-4
,-1.1506171618803463E-4
,-1.0969799112706713E-4
,-1.1034602598969781E-4
,-1.127106975190779E-4
,-1.1736478540335543E-4
,-1.1325052370066812E-4
,-1.0449128134165552E-4
,-9.509099924771087E-5
,-1.0398015773248379E-4
,-1.059676286372864E-4
,-1.3386398810932105E-4
,-9.985593795577049E-5
,-1.0264019700557444E-4
