system:time_start,evaporation_from_vegetation_transpiration
,-3.247625303914652E-5
,-2.7256638086149834E-5
,-3.1760538863012447E-5
,-2.7701178267164452E-5
,-3.3018256491392525E-5
,-3.0136083189384354E-5
,-3.099396884613717E-5
,-3.2810717379570453E-5
,-2.913767960254678E-5
,-2.9384393629323525E-5
,-3.1594890720489454E-5
,-2.9259204162443376E-5
,-3.211649557973336E-5
,-3.0169674288367345E-5
,-3.1376245751030805E-5
,-2.9590724575517048E-5
,-3.112088827893946E-5
,-3.0775075834290144E-5
,-3.243771104333813E-5
,-3.148008830726658E-5
,-2.9727515788645E-5
,-3.2275747638349835E-5
,-2.8195680933291158E-5
,-2.9922667350796937E-5
,-3.0668978034358876E-5
,-3.159749685080754E-5
,-3.417496335554033E-5
,-3.3853984146559266E-5
,-2.9961616675399113E-5
,-3.5241053303573554E-5
,-3.1255839102788525E-5
,-3.260401346921628E-5
,-3.0633694579734646E-5
,-3.144033761083277E-5
