system:time_start,evaporation_from_vegetation_transpiration
,-2.5507398438801627E-5
,-2.2926612816970895E-5
,-2.2248948112569958E-5
,-2.2126084008454606E-5
,-2.348591133340961E-5
,-2.392010992480209E-5
,-2.3969198830147632E-5
,-2.3975990229195702E-5
,-2.4694324161424043E-5
,-2.5031862969626675E-5
,-2.222856940837422E-5
,-2.494144755473826E-5
,-2.359340683647639E-5
,-2.537932048451492E-5
,-2.4211591052234224E-5
,-2.6194777395479225E-5
,-2.405287062477631E-5
,-2.3387598149484904E-5
,-2.4928245551968254E-5
,-2.647385818919348E-5
,-2.5697143003829605E-5
,-2.437932875586234E-5
,-2.641644290027519E-5
,-2.519831321276595E-5
,-2.5309933132828315E-5
,-2.476803888890168E-5
,-2.591537898600412E-5
,-2.4352984494018734E-5
,-2.4643495089549104E-5
,-2.440769801776494E-5
,-2.3784361858108444E-5
,-2.655229123370696E-5
,-2.4778681775690833E-5
,-2.5546490340073228E-5
