system:time_start,evaporation_from_vegetation_transpiration
,-1.643498133531445E-5
,-1.4896579828593699E-5
,-1.5691894516529485E-5
,-1.5354846275830374E-5
,-1.5715922488417507E-5
,-1.6799540055384486E-5
,-1.7128227551731326E-5
,-1.784331230403208E-5
,-1.6849943478163543E-5
,-1.6800951883872575E-5
,-1.6156808993693486E-5
,-1.742679097364528E-5
,-1.5341026848817685E-5
,-1.728209791435384E-5
,-1.6529185876575427E-5
,-1.745651587398974E-5
,-1.629117142674031E-5
,-1.6598996222748466E-5
,-1.751041685795711E-5
,-1.786907726444502E-5
,-1.6943657937681774E-5
,-1.677511537654309E-5
,-1.8804507158949556E-5
,-1.6762081397518025E-5
,-1.698263630892509E-5
,-1.7830623096676717E-5
,-1.892341108826771E-5
,-1.6629931608271174E-5
,-1.6268501968133723E-5
,-1.619513315598925E-5
,-1.707211141501307E-5
,-1.8585204318581926E-5
,-1.730012978629835E-5
,-1.7445484685929677E-5
