system:time_start,evaporation_from_vegetation_transpiration
,-4.3647681939711965E-5
,-3.942433988523782E-5
,-4.488400268063274E-5
,-4.126904334980558E-5
,-4.421561563062962E-5
,-4.435947399046695E-5
,-4.796397942382928E-5
,-5.145999349417363E-5
,-4.408059116527015E-5
,-4.545590821759438E-5
,-4.546017049561312E-5
,-4.353335222703843E-5
,-4.183676559698529E-5
,-4.438617344765755E-5
,-4.52142174970394E-5
,-4.354863328141316E-5
,-4.346279274614063E-5
,-4.404957849835751E-5
,-4.803125496740298E-5
,-4.726615803850689E-5
,-4.491837772189739E-5
,-4.562653317186756E-5
,-4.538133720361106E-5
,-4.494939738916318E-5
,-4.88897935473219E-5
,-4.8797462692494847E-5
,-4.9523788633946836E-5
,-4.515467938317946E-5
,-4.486523082022993E-5
,-4.507457472782611E-5
,-4.653277122115745E-5
,-5.4055515647633E-5
,-4.7041974429510347E-5
,-4.414004891287098E-5
