system:time_start,evaporation_from_vegetation_transpiration
,-1.811271764988002E-4
,-1.875585797582365E-4
,-1.8791137699736282E-4
,-1.8063478880018616E-4
,-1.960014700064979E-4
,-1.857293173088692E-4
,-1.8771457083251639E-4
,-1.9658964204912385E-4
,-1.8822525089490227E-4
,-1.8888016590305293E-4
,-1.8692578487389255E-4
,-1.79708338691853E-4
,-1.8800176379348463E-4
,-1.8338261725148186E-4
,-1.9374363485743137E-4
,-1.903052913500384E-4
,-1.8239329923138334E-4
,-2.0831177062063944E-4
,-2.0042992703868853E-4
,-2.0420273479733927E-4
,-1.9393647320005888E-4
,-1.829706616263138E-4
,-1.8853268617628297E-4
,-1.8493246413224065E-4
,-2.06089680432342E-4
,-2.169915484652544E-4
,-1.9311928796620728E-4
,-1.9568822729828148E-4
,-1.9017668394856932E-4
,-2.0377218424982857E-4
,-2.2416705481494623E-4
,-2.2580193156803338E-4
,-1.9505361221187437E-4
,-1.9326963229104877E-4
