system:time_start,evaporation_from_vegetation_transpiration
,-2.5628369194356175E-4
,-2.471502887076375E-4
,-2.7042844773694563E-4
,-2.45101042155543E-4
,-2.5393867109411197E-4
,-2.402686245005821E-4
,-2.51647994391196E-4
,-2.5450964556490013E-4
,-2.3012505813962373E-4
,-2.491363465464276E-4
,-2.749566064673493E-4
,-2.4255678755338178E-4
,-2.5047165987770586E-4
,-2.4831444625370984E-4
,-2.664122756006586E-4
,-2.4370698650586425E-4
,-2.6486492798776575E-4
,-2.547618529189042E-4
,-2.873382622608355E-4
,-2.534198195102826E-4
,-2.53245089083484E-4
,-2.693500636528741E-4
,-2.2064322894346664E-4
,-2.4083657319343832E-4
,-2.3479854655593081E-4
,-2.522318937162194E-4
,-2.5721287050322554E-4
,-2.539235032623624E-4
,-2.3731311948586652E-4
,-2.725807571970424E-4
,-2.3663491864535946E-4
,-2.5852117019442805E-4
,-2.6098278117430817E-4
,-2.3356762832529976E-4
