system:time_start,evaporation_from_vegetation_transpiration
,-3.145482393544322E-5
,-2.526714524719864E-5
,-2.865108399419114E-5
,-2.6770305945926037E-5
,-2.853380465239752E-5
,-2.7004121269177023E-5
,-3.168788134644274E-5
,-3.486728443628332E-5
,-3.115232235965474E-5
,-3.102450258059738E-5
,-2.9318184412356157E-5
,-2.7908837485786837E-5
,-2.3690350038426306E-5
,-2.8809661671402864E-5
,-2.8582947076453518E-5
,-2.632498581078835E-5
,-2.7898723298373323E-5
,-2.698209088218088E-5
,-3.0114568896048393E-5
,-3.150167079487195E-5
,-2.763639956053036E-5
,-3.227915052169313E-5
,-3.0173482324850436E-5
,-3.1145804314292036E-5
,-3.2760286558186635E-5
,-3.288896671923188E-5
,-3.162841070055341E-5
,-2.8556199443604175E-5
,-2.7392434276407585E-5
,-2.8664802812272683E-5
,-2.9126639977524366E-5
,-3.724393779217886E-5
,-2.884227493874884E-5
,-2.8498268269080047E-5
