system:time_start,evaporation_from_vegetation_transpiration
,-1.1786741985512587E-4
,-1.11679284600541E-4
,-1.1857488789246418E-4
,-1.1382769722937762E-4
,-1.228660124373467E-4
,-1.2153412717452738E-4
,-1.231113747053314E-4
,-1.2594430760752098E-4
,-1.099297320858265E-4
,-1.2261727291236943E-4
,-1.1498587991809472E-4
,-1.1026031582635672E-4
,-1.1732791669298119E-4
,-1.1164149388302273E-4
,-1.2578303540067282E-4
,-1.1748634096875321E-4
,-1.1234178236918524E-4
,-1.2043765127600636E-4
,-1.3011002920393366E-4
,-1.327861706765058E-4
,-1.155794452643022E-4
,-1.1846350995862547E-4
,-1.1130122584290802E-4
,-1.1665928165408938E-4
,-1.2044362483720761E-4
,-1.3031618133633552E-4
,-1.3604602706133542E-4
,-1.2287592047262783E-4
,-1.1523601763959353E-4
,-1.2925369022317076E-4
,-1.248048162475849E-4
,-1.2805144190982295E-4
,-1.1707996236509643E-4
,-1.2222889684683955E-4
