system:time_start,evaporation_from_vegetation_transpiration
,-3.6725638589511314E-6
,-2.972983565996401E-6
,-3.087863054436942E-6
,-3.0219101366431764E-6
,-3.00348013600645E-6
,-3.437568617907042E-6
,-3.23688558031184E-6
,-3.3158454850005605E-6
,-3.333001586725004E-6
,-3.3573057104755812E-6
,-3.0204840489507965E-6
,-3.398176583383853E-6
,-3.117350691657824E-6
,-3.3933386779002226E-6
,-3.279367471501852E-6
,-3.465273039182648E-6
,-3.125528868016166E-6
,-3.0221429672868303E-6
,-3.2954133833603314E-6
,-3.575626881987167E-6
,-3.439633777209868E-6
,-3.2906949248475334E-6
,-3.57257097978921E-6
,-3.2724231762889153E-6
,-3.2255350864337138E-6
,-3.3381056709913537E-6
,-3.5008603542034202E-6
,-3.1653720119114346E-6
,-3.0366730546423546E-6
,-3.0886743237109235E-6
,-3.2295635416327664E-6
,-3.560168503706033E-6
,-3.3496180549263954E-6
,-3.3653977880021557E-6
