system:time_start,evaporation_from_vegetation_transpiration
,-2.9795613460302175E-4
,-2.635814870332111E-4
,-2.753638983460199E-4
,-2.7645539396979054E-4
,-2.901508329008962E-4
,-2.787323755193055E-4
,-2.830161794762478E-4
,-2.8536061313634694E-4
,-2.9198588538215266E-4
,-2.9984195866531767E-4
,-2.864078394677237E-4
,-2.814293708235252E-4
,-2.9056006995143265E-4
,-2.641880826789638E-4
,-2.795448228126554E-4
,-2.8415027031217455E-4
,-2.894016460993601E-4
,-2.9037086011702304E-4
,-2.9076982785875515E-4
,-3.0465291789629406E-4
,-2.835022476828664E-4
,-2.7231523384990626E-4
,-2.6705885415040696E-4
,-2.9421742185733546E-4
,-2.857046862764923E-4
,-3.154733553112588E-4
,-3.0717297846961336E-4
,-3.0557794570248715E-4
,-2.995301258333334E-4
,-3.082330971178154E-4
,-3.0604833456856774E-4
,-2.996707694931957E-4
,-2.956785981146134E-4
,-2.8400118576406925E-4
