system:time_start,evaporation_from_vegetation_transpiration
,-2.7451449544363037E-5
,-2.793821232141151E-5
,-2.7072089457457573E-5
,-2.6323620016531398E-5
,-2.7694069988986787E-5
,-2.7015053419745527E-5
,-2.8978372890075354E-5
,-2.806797667290084E-5
,-2.721654357931887E-5
,-2.8985693667588445E-5
,-2.6432637290175384E-5
,-2.9682093493950864E-5
,-2.519112199176258E-5
,-3.0127424640037737E-5
,-2.7813817893426556E-5
,-2.7876369616327188E-5
,-2.7377050961755834E-5
,-2.8376222762744873E-5
,-2.8278142587320568E-5
,-2.9983732626230143E-5
,-2.8519232922311253E-5
,-3.021521944901906E-5
,-3.071376561517051E-5
,-2.85134252771968E-5
,-2.9628226742109597E-5
,-2.9695035967354975E-5
,-2.971065470774192E-5
,-2.921116235180913E-5
,-3.0264802480814977E-5
,-2.7815007488243282E-5
,-2.8172317203522347E-5
,-2.9212681790037703E-5
,-2.977628418496655E-5
,-3.0165805534731285E-5
