system:time_start,evaporation_from_vegetation_transpiration
,-1.0434009810625059E-5
,-1.0190957254962997E-5
,-1.0982626716011306E-5
,-9.412271740277194E-6
,-1.187805598116635E-5
,-1.0217143426416442E-5
,-1.1029734095144602E-5
,-1.1949388459066136E-5
,-1.0902555813016888E-5
,-1.0416139654504756E-5
,-1.2057508380773168E-5
,-1.0400800318974589E-5
,-1.1249306731365827E-5
,-1.0232022557627512E-5
,-1.105362611674031E-5
,-1.0029452621691033E-5
,-1.1305277237422868E-5
,-1.1238094682792307E-5
,-1.2162127960537975E-5
,-1.0729982629224349E-5
,-1.0791428293386061E-5
,-1.2564379883567906E-5
,-9.789306811095837E-6
,-1.0286610025408057E-5
,-1.1167513043296316E-5
,-1.110262281953409E-5
,-1.1538418119825008E-5
,-1.190777220472228E-5
,-1.1142438072258503E-5
,-1.1838348250926678E-5
,-1.0178088309152776E-5
,-1.25846391812148E-5
,-1.2551841993829132E-5
,-1.1085845471825449E-5
