system:time_start,evaporation_from_vegetation_transpiration
,-0.0010067390982132767
,-9.736497513788184E-4
,-0.0011945391700767989
,-0.0010044739651978794
,-0.0011400443933073095
,-0.0010149574396362167
,-0.0011076315474686756
,-0.0012002386848406685
,-0.0011118558158260486
,-0.0010097213100380032
,-0.0011060240931935065
,-0.0010475210057645907
,-0.0010052151050735523
,-9.607733343323667E-4
,-0.0012133769733837754
,-9.166209306891282E-4
,-9.856390946677291E-4
,-0.0012862200381075835
,-0.0011651944366248143
,-0.0011949956108259763
,-0.0010400250946178049
,-0.001226234818265463
,-0.0010689590537367622
,-0.0011357999065997621
,-0.0011500638286330892
,-0.0011644503304220658
,-0.001312512989655564
,-0.0011205831079779372
,-9.873494935972202E-4
,-0.0012228347791581958
,-0.0010674169015854004
,-0.0013776399738869966
,-0.0011246825220748884
,-9.35502304006756E-4
