system:time_start,evaporation_from_vegetation_transpiration
,-1.6813973637735691E-6
,-1.5615300187149952E-6
,-1.4663973637479577E-6
,-1.3956362506308191E-6
,-1.4973617171996181E-6
,-1.5256739119187897E-6
,-1.439099010202058E-6
,-1.4628504210295865E-6
,-1.6515616210646896E-6
,-1.611348904719177E-6
,-1.4894039417240055E-6
,-1.4870499095801881E-6
,-1.6420850038735402E-6
,-1.5524510383820307E-6
,-1.7256341899545594E-6
,-1.7494757418125303E-6
,-1.4411665082055452E-6
,-1.64711419197302E-6
,-1.7715830460748824E-6
,-1.7534590110049713E-6
,-1.6269463057618674E-6
,-1.7426187003452685E-6
,-1.773068741761288E-6
,-1.6298454139605234E-6
,-1.737976769315234E-6
,-1.7362071380447888E-6
,-1.6243569743459198E-6
,-1.632555881408893E-6
,-1.7535645412632249E-6
,-1.7170403600810832E-6
,-1.8946189407466186E-6
,-1.8330060883604417E-6
,-1.6541382773005076E-6
,-1.7190316482031318E-6
