system:time_start,evaporation_from_vegetation_transpiration
,-1.78806736686157E-6
,-1.6052030863041486E-6
,-1.8215087796609926E-6
,-1.597531485862823E-6
,-1.8615530355721908E-6
,-1.701629179883134E-6
,-1.8520075855121831E-6
,-1.8564828173516112E-6
,-1.8034873947827791E-6
,-1.762412454000797E-6
,-1.9362429763229256E-6
,-1.706503869374703E-6
,-1.9023702988205416E-6
,-1.7540665642930735E-6
,-1.846612905056746E-6
,-1.664769949153803E-6
,-1.8677593389939932E-6
,-1.904836343176915E-6
,-1.982046923229872E-6
,-1.815703373924609E-6
,-1.759198173406023E-6
,-1.9460161158551473E-6
,-1.6162472952095818E-6
,-1.7252840002078706E-6
,-1.7380102437730077E-6
,-1.9128631139311538E-6
,-1.9487847819416656E-6
,-2.037755393757834E-6
,-1.8109149601109998E-6
,-1.8912291276744022E-6
,-1.7749802812735045E-6
,-1.998026580925701E-6
,-1.9038319325975158E-6
,-1.7748326147031749E-6
