system:time_start,evaporation_from_vegetation_transpiration
,-9.738295981757498E-5
,-9.522522001740678E-5
,-1.1447599899838679E-4
,-8.888767903651267E-5
,-1.135670936491806E-4
,-9.443427976899936E-5
,-9.787119718869992E-5
,-1.1081244701927062E-4
,-9.746606277379517E-5
,-9.747381530663309E-5
,-1.166058439897218E-4
,-9.344480956012073E-5
,-1.0159101475437637E-4
,-9.230075738742016E-5
,-1.1486974229531673E-4
,-9.457033775106538E-5
,-1.0903178978575549E-4
,-1.0782340905279852E-4
,-1.1929454133981683E-4
,-1.0305410251021385E-4
,-9.784390870966793E-5
,-1.22104581654033E-4
,-9.116311715236709E-5
,-9.399845051423956E-5
,-1.0158268560189754E-4
,-1.0243562367880561E-4
,-1.1228828043385874E-4
,-1.1255797350410528E-4
,-9.745040066870085E-5
,-1.132497563958168E-4
,-9.143989397368084E-5
,-1.2601039573686043E-4
,-1.1057831943617202E-4
,-9.86272286051341E-5
