system:time_start,evaporation_from_vegetation_transpiration
,-1.3811551373995219E-5
,-1.2984842171482298E-5
,-1.2328014452664534E-5
,-1.3280085373220832E-5
,-1.3192856429322136E-5
,-1.303363127850129E-5
,-1.3657364390729484E-5
,-1.3692495052791423E-5
,-1.4533084357113002E-5
,-1.360799649860599E-5
,-1.3147298540432184E-5
,-1.267615776409262E-5
,-1.334239693408433E-5
,-1.3821974789607339E-5
,-1.3690320494268756E-5
,-1.4523525134704653E-5
,-1.413262691043894E-5
,-1.3245030415765499E-5
,-1.3963894161861388E-5
,-1.4045248982646236E-5
,-1.4036076945125213E-5
,-1.4527039248995216E-5
,-1.4146228533631768E-5
,-1.4017379206571993E-5
,-1.3996798813986103E-5
,-1.4239708477925024E-5
,-1.4772263273785246E-5
,-1.4161390763114297E-5
,-1.4773891529157049E-5
,-1.3963092767101314E-5
,-1.5033184917272246E-5
,-1.4512711415937657E-5
,-1.440918744525074E-5
,-1.4266734935864362E-5
