system:time_start,evaporation_from_vegetation_transpiration
,-1.2631138014555855E-4
,-1.1456948938743269E-4
,-1.2149773502887767E-4
,-1.1254507525235465E-4
,-1.0898706389684416E-4
,-1.1122434087098106E-4
,-1.3802983193315977E-4
,-1.4677259868120827E-4
,-1.2027134809816036E-4
,-1.2540634303611966E-4
,-1.196997488463355E-4
,-1.1716850355826735E-4
,-1.0275474968448323E-4
,-1.1703328920471932E-4
,-1.1318684808371935E-4
,-1.012145004270202E-4
,-1.0610461982102449E-4
,-1.1776077530706219E-4
,-1.224788193645682E-4
,-1.2870158943336545E-4
,-1.1537768274311453E-4
,-1.2347618624675854E-4
,-1.227424044921622E-4
,-1.2186239218718828E-4
,-1.2928831449157555E-4
,-1.3565413720633454E-4
,-1.343674338862738E-4
,-1.2516735713443412E-4
,-1.1062539185750501E-4
,-1.2277483978005688E-4
,-1.2147655446362536E-4
,-1.5562280752477357E-4
,-1.0450387328582732E-4
,-1.0845465576061369E-4
