system:time_start,evaporation_from_vegetation_transpiration
,-5.3694968373302525E-6
,-5.098791624640473E-6
,-5.5449852974539256E-6
,-4.946179565153331E-6
,-5.357690149809971E-6
,-5.517001853216602E-6
,-5.706262616385472E-6
,-6.046734728198213E-6
,-5.181842770257292E-6
,-5.176568563199111E-6
,-5.49310879882059E-6
,-5.230080511311314E-6
,-5.464697625065814E-6
,-5.36704620802832E-6
,-5.61874383253783E-6
,-5.146885342897408E-6
,-5.273161612099338E-6
,-5.341138119447267E-6
,-6.004471672002498E-6
,-5.6090802482944495E-6
,-5.477740758117174E-6
,-5.599980990216207E-6
,-5.169827471909452E-6
,-5.353495131920673E-6
,-5.7285063925330215E-6
,-5.443635463322277E-6
,-6.282242590494578E-6
,-6.111464856788075E-6
,-5.258137226889383E-6
,-6.272836774293922E-6
,-5.454862282608937E-6
,-5.884553260279931E-6
,-5.413980123066109E-6
,-5.631672402632719E-6
