system:time_start,evaporation_from_vegetation_transpiration
,-1.918082489282824E-6
,-1.8235920530666287E-6
,-1.7426015498737495E-6
,-1.9555027392925695E-6
,-1.7909272476875533E-6
,-1.8700775399338454E-6
,-1.7724638989117618E-6
,-1.8456388109674056E-6
,-2.111091816914268E-6
,-1.915147246715302E-6
,-1.8889810841452952E-6
,-1.7819426526936393E-6
,-2.019248616610033E-6
,-1.9883130638239286E-6
,-2.028057375961604E-6
,-2.1818862781704715E-6
,-2.0176806477441764E-6
,-1.96362877128801E-6
,-2.0556999515974894E-6
,-2.011170484668886E-6
,-1.9356163344734037E-6
,-2.1638916223309934E-6
,-2.0599175816945112E-6
,-2.023843990173191E-6
,-2.0864335965598E-6
,-2.0704671139052757E-6
,-2.028914119970674E-6
,-2.0484664370693886E-6
,-2.153379076238101E-6
,-2.007245105536034E-6
,-2.1014105489787957E-6
,-2.143193341908045E-6
,-1.991757623424443E-6
,-2.168078935937956E-6
