system:time_start,evaporation_from_vegetation_transpiration
,-9.195909115078393E-5
,-9.240813900153928E-5
,-9.518526348983869E-5
,-9.048100703997382E-5
,-1.0170006680709776E-4
,-9.447597949474584E-5
,-9.309100156921583E-5
,-9.864091104342758E-5
,-9.672178687954631E-5
,-9.602502420117769E-5
,-8.91870325479734E-5
,-9.364613409464558E-5
,-9.840412955478921E-5
,-9.092651756266908E-5
,-1.0110844656689248E-4
,-9.374705950904172E-5
,-9.54497166579434E-5
,-1.0518437557038851E-4
,-1.0622609564355419E-4
,-1.0651364694543493E-4
,-9.187023715639953E-5
,-9.39474181601933E-5
,-9.447563570574857E-5
,-9.54976815895255E-5
,-1.0416652791415497E-4
,-1.0289001390143919E-4
,-9.572022221012351E-5
,-1.02580280630112E-4
,-1.0014517101808451E-4
,-1.0709266704604185E-4
,-1.1425395011125754E-4
,-1.0449210155153803E-4
,-1.0026234364583313E-4
,-9.500186630854539E-5
