system:time_start,evaporation_from_vegetation_transpiration
,-6.255595845700093E-5
,-5.4124654696721145E-5
,-6.0043622331737644E-5
,-5.3116824083322114E-5
,-6.134566248637503E-5
,-5.3827486476950355E-5
,-5.434963864188277E-5
,-5.860057744017019E-5
,-5.261359236074908E-5
,-5.558527993633871E-5
,-6.475268212628747E-5
,-5.583147456332961E-5
,-5.95701307695666E-5
,-5.5241637328172274E-5
,-6.0077293038256876E-5
,-5.144935278002632E-5
,-6.783557074558685E-5
,-6.210528015904804E-5
,-6.456181522546524E-5
,-5.589529082762833E-5
,-5.740048484016291E-5
,-6.520368549610029E-5
,-4.938693445697225E-5
,-5.553404799433917E-5
,-6.007019404985814E-5
,-6.278512860855858E-5
,-6.47152195386403E-5
,-6.559016981265049E-5
,-5.692817910091E-5
,-6.246055172464433E-5
,-5.352786035433858E-5
,-7.188562533659591E-5
,-6.12680283086155E-5
,-5.751459803318341E-5
