system:time_start,evaporation_from_vegetation_transpiration
,-7.375033019343392E-5
,-6.648469349817822E-5
,-7.310557211221075E-5
,-6.996689588521366E-5
,-7.415677239434984E-5
,-6.802538477199118E-5
,-7.774701523346637E-5
,-8.548552394603139E-5
,-7.206751206130894E-5
,-7.298296955856063E-5
,-7.06035180984246E-5
,-6.991167271432157E-5
,-6.441920959332492E-5
,-7.142606117230133E-5
,-7.26308347684271E-5
,-6.700035745678986E-5
,-6.902899336569977E-5
,-7.197231018465202E-5
,-7.738126379855978E-5
,-7.396448873569845E-5
,-6.919674392351968E-5
,-7.786307158110302E-5
,-7.561255907704537E-5
,-7.118349393648613E-5
,-7.79379127548223E-5
,-7.755246205542115E-5
,-7.8696684175628E-5
,-6.831088355317695E-5
,-6.627473591867817E-5
,-7.118302037943741E-5
,-7.239448014944275E-5
,-8.915911097978502E-5
,-6.954036692116427E-5
,-6.802602082542662E-5
