system:time_start,evaporation_from_vegetation_transpiration
,-6.237501754999119E-5
,-6.209422501438225E-5
,-6.223913924897492E-5
,-6.160957955695555E-5
,-6.599946787071277E-5
,-6.290098774211641E-5
,-6.207539340003247E-5
,-6.466789160472936E-5
,-6.31301605097721E-5
,-6.420530662740421E-5
,-5.939291581295006E-5
,-6.12419802676238E-5
,-6.482080541166381E-5
,-6.008506745689503E-5
,-6.595955064288944E-5
,-6.321340991857333E-5
,-6.326129656180887E-5
,-6.957104284211121E-5
,-7.047007795591257E-5
,-7.094142581895301E-5
,-6.16662552458461E-5
,-6.275129436018465E-5
,-6.351001398766051E-5
,-6.399267956287972E-5
,-7.00706026404269E-5
,-6.94293778092527E-5
,-6.505952319856622E-5
,-6.87271741107428E-5
,-6.74277048985236E-5
,-7.088766690350513E-5
,-7.543671158840115E-5
,-6.86227588774177E-5
,-6.558596047206698E-5
,-6.397242920061937E-5
