system:time_start,evaporation_from_vegetation_transpiration
,-3.3028544153456184E-5
,-3.243162473154371E-5
,-3.590492952926503E-5
,-3.478393809278454E-5
,-3.473347059991197E-5
,-3.386672087149886E-5
,-3.687210320484675E-5
,-4.07548123435152E-5
,-3.3698029894713686E-5
,-3.380205287482697E-5
,-3.321113398496458E-5
,-3.225832830096243E-5
,-3.0340925702278457E-5
,-3.425682330955516E-5
,-3.464313186625424E-5
,-3.115073303931803E-5
,-3.191487421428887E-5
,-3.925656287286811E-5
,-3.7591208508404505E-5
,-3.484972658692901E-5
,-3.485569604457678E-5
,-3.533846777480947E-5
,-3.5628649963352174E-5
,-3.448696742496049E-5
,-3.658982755691146E-5
,-3.7799273124099795E-5
,-4.162827168502623E-5
,-3.5194059992569406E-5
,-3.4446013257495784E-5
,-3.6492931485554436E-5
,-3.517762795690076E-5
,-4.274895677337467E-5
,-3.2684420462135765E-5
,-3.0154893335877982E-5
