system:time_start,evaporation_from_vegetation_transpiration
,-2.582163046615254E-5
,-2.3095943961049306E-5
,-2.6268015213779394E-5
,-2.2557571061590472E-5
,-2.7131485924133886E-5
,-2.5914015104901582E-5
,-2.621173401355577E-5
,-2.6448531270277118E-5
,-2.3459675105459024E-5
,-2.4475325850862174E-5
,-2.615782680573371E-5
,-2.4181588368804223E-5
,-2.6644670398797335E-5
,-2.52987466549471E-5
,-2.7397274223275982E-5
,-2.312634394708526E-5
,-2.5784949547813976E-5
,-2.5917494079495232E-5
,-2.6609324067278E-5
,-2.4710027580913087E-5
,-2.4739026790245757E-5
,-2.7367943435540683E-5
,-2.1576102651841144E-5
,-2.4239695142160413E-5
,-2.4732875113275837E-5
,-2.5780635668570882E-5
,-2.7612348822578802E-5
,-2.6144670935605402E-5
,-2.4958482137493026E-5
,-2.8600495758150522E-5
,-2.5125012776074636E-5
,-2.6611942446780017E-5
,-2.4539746351321332E-5
,-2.533954854933818E-5
