system:time_start,evaporation_from_vegetation_transpiration
,-4.398565906468768E-4
,-4.266660204726278E-4
,-5.584483779011183E-4
,-4.0897354244692383E-4
,-5.320147886311644E-4
,-4.4713382217807194E-4
,-4.923832335108855E-4
,-5.305659056531696E-4
,-4.781585975256326E-4
,-4.689874228067459E-4
,-5.552163304525325E-4
,-4.676189034683769E-4
,-4.899911421475803E-4
,-4.369560087866941E-4
,-5.257247720968263E-4
,-4.2611275767826125E-4
,-4.964467619568346E-4
,-5.227441777886686E-4
,-5.39441425915818E-4
,-5.060421583165684E-4
,-4.6587361635711785E-4
,-5.692238669212767E-4
,-4.2995338856540295E-4
,-4.579077805503212E-4
,-5.101436341574661E-4
,-4.8358764198650107E-4
,-5.200408355286432E-4
,-5.213931411556437E-4
,-4.5159653951369047E-4
,-5.267942105459028E-4
,-4.4148678881442285E-4
,-5.904852616494558E-4
,-5.122842604799899E-4
,-4.4305625452756455E-4
