system:time_start,evaporation_from_vegetation_transpiration
,-3.7693206318560137E-5
,-3.214825171464024E-5
,-3.649489853311631E-5
,-3.5007998927009495E-5
,-3.557968109172786E-5
,-3.517606357187712E-5
,-3.852455936718495E-5
,-4.3672486185641894E-5
,-3.8488181739163955E-5
,-3.986667383060194E-5
,-3.855714083063807E-5
,-3.627025210069709E-5
,-3.145534741596142E-5
,-3.760779657113744E-5
,-3.561027352816382E-5
,-3.567390069747489E-5
,-3.561125080864258E-5
,-3.50952854167493E-5
,-3.854061366344771E-5
,-4.161722702633597E-5
,-3.632422434899733E-5
,-4.079380815369405E-5
,-3.824097893811996E-5
,-3.866154079901208E-5
,-4.1202165931508716E-5
,-4.379769068426261E-5
,-4.0139015320998325E-5
,-3.712011042011909E-5
,-3.6420649214126875E-5
,-3.828223815579198E-5
,-4.06095202739228E-5
,-4.874491190776098E-5
,-3.9683318741860304E-5
,-3.9938344599477205E-5
