system:time_start,evaporation_from_vegetation_transpiration
,-2.9439812957813654E-5
,-2.709503557222585E-5
,-2.5951702506669488E-5
,-2.4991236083830397E-5
,-2.5895323536436383E-5
,-2.7880625566467643E-5
,-2.838439589443927E-5
,-2.9427055172466982E-5
,-2.8408256791105185E-5
,-2.751648874739961E-5
,-2.7254500309936702E-5
,-2.764529017440509E-5
,-2.5836107549063552E-5
,-2.9397066706830326E-5
,-2.7547356391247984E-5
,-2.8783952075173147E-5
,-2.6478768025602523E-5
,-2.740546187851578E-5
,-2.9088917775273632E-5
,-3.0823373284268506E-5
,-2.8256976899380486E-5
,-2.9477863790816627E-5
,-2.9567888608047117E-5
,-2.747597742806344E-5
,-3.058506141921195E-5
,-3.078604701537794E-5
,-2.9682514650630765E-5
,-2.9483787026644375E-5
,-2.8914670717009965E-5
,-2.9449192273508135E-5
,-3.0313359578334104E-5
,-3.338942588015925E-5
,-2.8221016691531986E-5
,-2.8565874041911837E-5
