system:time_start,evaporation_from_vegetation_transpiration
,-1.1545852076879884E-5
,-1.240719310165635E-5
,-1.273491852771258E-5
,-1.2405862687753847E-5
,-1.2113097202220362E-5
,-1.2616244627376245E-5
,-1.147162048356323E-5
,-1.2158611348746088E-5
,-1.3244978390503091E-5
,-1.2766372062995086E-5
,-1.2290769897542002E-5
,-1.1408647525159822E-5
,-1.2757204432192439E-5
,-1.2246061538058308E-5
,-1.2671819149545627E-5
,-1.3835368766497895E-5
,-1.2083383555566092E-5
,-1.3293338598588083E-5
,-1.3521828021920455E-5
,-1.3759187342859353E-5
,-1.3044688481992731E-5
,-1.3314373568896876E-5
,-1.2207842878019113E-5
,-1.217512524615611E-5
,-1.3008124975992056E-5
,-1.3490838076298436E-5
,-1.1608598672157515E-5
,-1.3033489797938577E-5
,-1.4059919698815469E-5
,-1.2853162919176004E-5
,-1.5334074684384785E-5
,-1.3963017585815074E-5
,-1.3449213308073619E-5
,-1.247787443187715E-5
