system:time_start,evaporation_from_vegetation_transpiration
,-1.4668222259438658E-4
,-1.4617805316498157E-4
,-1.3918048352176506E-4
,-1.5036126366491467E-4
,-1.4554517027439334E-4
,-1.4308798881251683E-4
,-1.5797677720759867E-4
,-1.4748393566858594E-4
,-1.362383252904288E-4
,-1.475822164618674E-4
,-1.4185794149802354E-4
,-1.4683783167078622E-4
,-1.4250416890920154E-4
,-1.4566222425350538E-4
,-1.3736013071997553E-4
,-1.4879012729175482E-4
,-1.4511895868862565E-4
,-1.448549075576011E-4
,-1.4512479097245683E-4
,-1.432794915899649E-4
,-1.4726581200900707E-4
,-1.56915644114027E-4
,-1.4700466138290518E-4
,-1.468457777238857E-4
,-1.3197928339599862E-4
,-1.5760142158443262E-4
,-1.4345574582977054E-4
,-1.4849573771395322E-4
,-1.4568089613173165E-4
,-1.42424604061691E-4
,-1.440362484572688E-4
,-1.3886570216072866E-4
,-1.478722038352013E-4
,-1.487465508413758E-4
