system:time_start,evaporation_from_vegetation_transpiration
,-1.1877387189373667E-5
,-1.1601402700802352E-5
,-1.0654728416851839E-5
,-1.1835273445603765E-5
,-1.1916677726292533E-5
,-1.1374194132471676E-5
,-1.2515189731501609E-5
,-1.1740642656566072E-5
,-1.1190801130344106E-5
,-1.1984142139093815E-5
,-1.1139635498994338E-5
,-1.174620932537181E-5
,-1.1184137064730105E-5
,-1.1959059623175253E-5
,-1.0960143236961338E-5
,-1.1833525371732006E-5
,-1.1978510818493901E-5
,-1.101350087080614E-5
,-1.172770592375221E-5
,-1.149377662553157E-5
,-1.176652812852605E-5
,-1.2092867911217308E-5
,-1.1821910467950662E-5
,-1.2060558199629151E-5
,-1.1043851295290141E-5
,-1.1960726539051473E-5
,-1.2141209037869608E-5
,-1.2169189173842078E-5
,-1.1791589442945531E-5
,-1.1098011875154385E-5
,-1.121547328626202E-5
,-1.1702006685239013E-5
,-1.2428819629785121E-5
,-1.1940177460858528E-5
