system:time_start,evaporation_from_vegetation_transpiration
,-2.9071475234477994E-5
,-2.7443685190164397E-5
,-3.1198310094120786E-5
,-2.62716754165249E-5
,-3.110816018070034E-5
,-2.8082719134219838E-5
,-2.8745743581633333E-5
,-3.364972447646627E-5
,-2.826800574269335E-5
,-2.830543701015924E-5
,-3.4532392278859746E-5
,-2.831121622047641E-5
,-3.16494372863809E-5
,-2.7816439020481504E-5
,-3.0557865930467514E-5
,-2.8009976520523903E-5
,-3.07404981897453E-5
,-3.039713139026766E-5
,-3.316560775224721E-5
,-2.8503427130067946E-5
,-3.013656856726412E-5
,-3.277257210134938E-5
,-2.6161298045166386E-5
,-2.736782354202852E-5
,-2.967640494620636E-5
,-3.0060792855286165E-5
,-3.283564601736181E-5
,-3.329405313056261E-5
,-2.860035047200565E-5
,-2.993803449558109E-5
,-2.744572010691982E-5
,-3.4749572160223126E-5
,-3.248407567919391E-5
,-2.8698668964027346E-5
