system:time_start,evaporation_from_vegetation_transpiration
,-1.5962851062600602E-5
,-1.2835289352974173E-5
,-1.4717216270548311E-5
,-1.485275838847613E-5
,-1.3678004806824086E-5
,-1.4094665281071258E-5
,-1.60456645356108E-5
,-1.7938026436187356E-5
,-1.5530698239895402E-5
,-1.6786382184992223E-5
,-1.5153412241740024E-5
,-1.4908255098582832E-5
,-1.3107647242696896E-5
,-1.3791785842435643E-5
,-1.4017252808575284E-5
,-1.3413090648998977E-5
,-1.4282334904047294E-5
,-1.4191230489902153E-5
,-1.4496607203067715E-5
,-1.5189266863379778E-5
,-1.427023297904919E-5
,-1.4886568553991245E-5
,-1.5235303631636465E-5
,-1.441218903896862E-5
,-1.5582897106505446E-5
,-1.7045751362537367E-5
,-1.6329878946984008E-5
,-1.5427882974049108E-5
,-1.3389901198184969E-5
,-1.4122615664900203E-5
,-1.3705073781901633E-5
,-1.7577990831894513E-5
,-1.2573533538808975E-5
,-1.3200318152295057E-5
