system:time_start,evaporation_from_vegetation_transpiration
,-4.240662651898761E-5
,-3.607431504601014E-5
,-4.236718294643131E-5
,-3.6943846550587167E-5
,-4.179346381403905E-5
,-3.984667143543318E-5
,-4.1420890262261744E-5
,-4.315045840658492E-5
,-4.0697570685075504E-5
,-3.9705934926002685E-5
,-3.8698729137346774E-5
,-3.988665247604894E-5
,-4.366034824800279E-5
,-3.871880237836323E-5
,-4.2593606329839015E-5
,-4.008262398461479E-5
,-4.157824835038766E-5
,-4.188430639693425E-5
,-4.3403488061379734E-5
,-4.4875901516033564E-5
,-3.9449502548363636E-5
,-4.2736143725397556E-5
,-3.992930214735679E-5
,-4.09102455402414E-5
,-4.1647984852759345E-5
,-4.339753702099967E-5
,-4.740864469134803E-5
,-4.739244615761674E-5
,-4.135296079593466E-5
,-4.5953811769279474E-5
,-4.228516913177113E-5
,-4.273016340794995E-5
,-4.115077042245372E-5
,-4.249494304531254E-5
