system:time_start,evaporation_from_vegetation_transpiration
,-2.8086068293002125E-5
,-2.4398214444438487E-5
,-2.804074980443917E-5
,-2.5501479868603965E-5
,-2.7599479967920295E-5
,-2.6783848026643988E-5
,-2.837052072100361E-5
,-2.8059155520790002E-5
,-2.6088414236636527E-5
,-2.7608913386889344E-5
,-2.539087876761591E-5
,-2.5575135740114205E-5
,-2.8493397637334067E-5
,-2.4041684172648544E-5
,-2.903635453176087E-5
,-2.6397960587368845E-5
,-2.5822589363958527E-5
,-2.721775024092028E-5
,-2.8574499223255912E-5
,-3.0054630940898446E-5
,-2.5623145384632415E-5
,-2.6173658034556276E-5
,-2.5281796662702072E-5
,-2.6391747199410857E-5
,-2.6530433450148907E-5
,-2.9333112609640368E-5
,-3.0362911881335695E-5
,-2.8807559572622915E-5
,-2.60905810416891E-5
,-3.0124630317222287E-5
,-2.836435109761973E-5
,-2.902822047755576E-5
,-2.582409001466953E-5
,-2.7410628601314667E-5
