system:time_start,evaporation_from_vegetation_transpiration
,-2.792387846663284E-4
,-2.7163653188229847E-4
,-3.2491930566417676E-4
,-2.639317735884106E-4
,-3.212984799271605E-4
,-2.80427904726821E-4
,-2.935064452079435E-4
,-3.315106757023993E-4
,-2.904905547135665E-4
,-2.90650362027615E-4
,-3.415773062442895E-4
,-2.9323462816440343E-4
,-3.024602168200848E-4
,-2.7825299427301314E-4
,-3.144536046117234E-4
,-2.7167177298300277E-4
,-2.987208560322567E-4
,-3.153164301086993E-4
,-3.3146152903403464E-4
,-3.010392950576109E-4
,-2.938182290866583E-4
,-3.3215413107730757E-4
,-2.7542078229695716E-4
,-2.8142115540201E-4
,-3.0600488632141304E-4
,-3.004772073230318E-4
,-3.209933923547699E-4
,-3.1655930797569454E-4
,-2.8439213141003467E-4
,-3.128521669471714E-4
,-2.769996378143939E-4
,-3.506217502338889E-4
,-3.128033877146663E-4
,-2.722890694712987E-4
