system:time_start,evaporation_from_vegetation_transpiration
,-2.8972131912645568E-5
,-2.3097427868215626E-5
,-2.339626659234924E-5
,-2.3391398836783095E-5
,-2.513732108840379E-5
,-2.5503249978497388E-5
,-2.6351858547465677E-5
,-3.0336269376745735E-5
,-2.7202362470077636E-5
,-2.6880776204052378E-5
,-2.5225930492011594E-5
,-2.6961641316909783E-5
,-2.5084408405699574E-5
,-2.754211583613561E-5
,-2.7868652964887575E-5
,-2.844631362077652E-5
,-2.5267453056185728E-5
,-2.6265850085490075E-5
,-2.807952173014987E-5
,-2.9840233751518086E-5
,-3.030404815825142E-5
,-2.675002793867385E-5
,-2.9930874779726626E-5
,-2.6528779486837738E-5
,-2.757161506691533E-5
,-2.9248049597945846E-5
,-3.0069461083770963E-5
,-2.6540762729172664E-5
,-2.5884831685512307E-5
,-2.6096371271412545E-5
,-2.791498577657826E-5
,-3.105018183368517E-5
,-2.67651477050814E-5
,-2.58726914370737E-5
