system:time_start,evaporation_from_vegetation_transpiration
,-4.990900067371383E-5
,-5.367324133874804E-5
,-4.9101686315788404E-5
,-5.0609820997730516E-5
,-5.447075913945723E-5
,-5.228676768421705E-5
,-5.686563365868226E-5
,-5.230823479082791E-5
,-5.10279104284044E-5
,-5.346929174265824E-5
,-5.0787783818252925E-5
,-5.666313596261066E-5
,-5.1184531739203345E-5
,-5.450144029358246E-5
,-5.429661091295115E-5
,-5.1832322458808666E-5
,-5.169018446135202E-5
,-5.1271744485434493E-5
,-5.123868799100386E-5
,-5.300363392009223E-5
,-5.223081756239048E-5
,-5.5738522946956525E-5
,-5.713457444688262E-5
,-5.371766599723959E-5
,-5.386969843086609E-5
,-5.652280439486883E-5
,-5.3222362718467295E-5
,-5.3155755051106784E-5
,-5.617903402058541E-5
,-5.123992360452012E-5
,-5.040583528170828E-5
,-5.306104832838865E-5
,-5.3752458240653915E-5
,-5.769241302221504E-5
