system:time_start,evaporation_from_vegetation_transpiration
,-2.2828694185358646E-4
,-2.1273459686129765E-4
,-2.284280749821447E-4
,-2.0790158106114394E-4
,-2.3420472062362597E-4
,-2.225753507002479E-4
,-2.223076959694672E-4
,-2.2952865607088116E-4
,-2.14737099515305E-4
,-2.151855415819597E-4
,-2.290486207835598E-4
,-2.133214577145806E-4
,-2.3278490901106093E-4
,-2.293668474752226E-4
,-2.3827070413368507E-4
,-2.1052930466151234E-4
,-2.2953961205721978E-4
,-2.2060437277770817E-4
,-2.3462072519012846E-4
,-2.216213716659742E-4
,-2.2501042198140708E-4
,-2.3495168528945247E-4
,-2.039433778741261E-4
,-2.2211141201108377E-4
,-2.2318509127282796E-4
,-2.3562573327522347E-4
,-2.4228311140929388E-4
,-2.3567785684616062E-4
,-2.214905497266312E-4
,-2.6025838762735613E-4
,-2.251936585959094E-4
,-2.329300967404129E-4
,-2.290143582822531E-4
,-2.288094317315345E-4
