system:time_start,evaporation_from_vegetation_transpiration
,-3.0825295484478205E-5
,-2.5180025305518128E-5
,-2.6138610430145355E-5
,-2.498088310353018E-5
,-2.8088021736039085E-5
,-2.8147760076535636E-5
,-2.8635680244540844E-5
,-3.1748830738083435E-5
,-2.9805248114253454E-5
,-2.9767649081164835E-5
,-2.6917076739765536E-5
,-3.02809528673404E-5
,-2.7895039861673634E-5
,-3.107078586489714E-5
,-3.0039326601480654E-5
,-3.0880999584378854E-5
,-2.751031843217788E-5
,-2.8075969449101082E-5
,-3.100174351149892E-5
,-3.2628262303020436E-5
,-3.216339337086538E-5
,-2.984057480009344E-5
,-3.24845731719742E-5
,-2.9164790779153314E-5
,-3.0700516760959925E-5
,-3.067699766587692E-5
,-3.2198494283066895E-5
,-2.8872207857838706E-5
,-2.8699302919011205E-5
,-2.9032062356135516E-5
,-2.9835915231362582E-5
,-3.3288765903476075E-5
,-2.9154122279982807E-5
,-2.9271413352573833E-5
