system:time_start,evaporation_from_vegetation_transpiration
,-2.2852071803451206E-5
,-2.197704210023706E-5
,-2.169955466039634E-5
,-2.1796180590172298E-5
,-2.2036950516242843E-5
,-2.2076018164322402E-5
,-2.2200725046180498E-5
,-2.1910604724932153E-5
,-2.177423630200792E-5
,-2.3627804694115184E-5
,-2.1321277017705142E-5
,-2.189140165379892E-5
,-2.1875954189454205E-5
,-2.0253003943556298E-5
,-2.358591276182172E-5
,-2.1859357730136253E-5
,-2.137676650211991E-5
,-2.357098310312722E-5
,-2.3826136991071205E-5
,-2.4468794435961172E-5
,-2.1691323127015494E-5
,-2.1565799518915203E-5
,-2.141059303539805E-5
,-2.2467051167041063E-5
,-2.3071809361378353E-5
,-2.470251092745457E-5
,-2.383261501866703E-5
,-2.319627916828419E-5
,-2.2495394053597313E-5
,-2.3521708499174565E-5
,-2.4561293685110286E-5
,-2.2913641563112225E-5
,-2.161291013180744E-5
,-2.239963214378804E-5
