system:time_start,evaporation_from_vegetation_transpiration
,-1.371857957279894E-4
,-1.407461345747031E-4
,-1.38245456707641E-4
,-1.4030240844494627E-4
,-1.4847894364684893E-4
,-1.43243933730535E-4
,-1.422163768795287E-4
,-1.499626628441654E-4
,-1.432414990310516E-4
,-1.4562843253039388E-4
,-1.336585189753404E-4
,-1.402344804256584E-4
,-1.5052654713394538E-4
,-1.3857389389800918E-4
,-1.4903104548626717E-4
,-1.4691157162351553E-4
,-1.3943048339997937E-4
,-1.5530451359974868E-4
,-1.5491232960473508E-4
,-1.5951934684006332E-4
,-1.396852891832846E-4
,-1.4196696186748642E-4
,-1.400115783968324E-4
,-1.418192461249989E-4
,-1.533393895835045E-4
,-1.525528180839804E-4
,-1.359377391981623E-4
,-1.570725661283587E-4
,-1.5164207452114938E-4
,-1.5654616250756982E-4
,-1.7920526657048066E-4
,-1.554717531261678E-4
,-1.5137172707838152E-4
,-1.4164195589746312E-4
