system:time_start,evaporation_from_vegetation_transpiration
,-4.7693912111914384E-5
,-5.09720262997172E-5
,-4.695273987725195E-5
,-4.802227090740595E-5
,-5.1573972229437225E-5
,-4.958653606117164E-5
,-5.380221613021978E-5
,-4.98245360943781E-5
,-4.859493695702815E-5
,-5.099174257552744E-5
,-4.8206536174642254E-5
,-5.382864005428821E-5
,-4.822317743103257E-5
,-5.215134835595438E-5
,-5.142156413628482E-5
,-4.935663819909963E-5
,-4.913837063427576E-5
,-4.906969871965474E-5
,-4.899880082566774E-5
,-5.0897016740682554E-5
,-4.9913101618442984E-5
,-5.320516363865988E-5
,-5.4476582448057576E-5
,-5.1107788071842115E-5
,-5.1528528345835526E-5
,-5.3691732283172595E-5
,-5.0989103828232696E-5
,-5.0831520888559494E-5
,-5.3569996988003644E-5
,-4.890166475853025E-5
,-4.8290737943128025E-5
,-5.0735296670110056E-5
,-5.146720810872092E-5
,-5.480516030693965E-5
