system:time_start,evaporation_from_vegetation_transpiration
,-6.907216387238198E-5
,-6.569547319183282E-5
,-7.374681748236374E-5
,-6.977320542015757E-5
,-7.63587328644159E-5
,-6.691470965355013E-5
,-7.37176560505759E-5
,-8.1637558954147E-5
,-6.888781535963062E-5
,-7.118737145598668E-5
,-7.584485319966916E-5
,-6.885180725172783E-5
,-6.788609607610852E-5
,-6.940260512540893E-5
,-7.110842610321318E-5
,-6.798727311737214E-5
,-7.039590491331182E-5
,-7.635248584847432E-5
,-8.059478689877626E-5
,-6.96373857257034E-5
,-7.043927750297978E-5
,-7.909768040311367E-5
,-6.844766236705861E-5
,-7.173055140204572E-5
,-7.437350662560978E-5
,-7.459741997687767E-5
,-8.100602584211931E-5
,-7.551626428418483E-5
,-6.963027105181634E-5
,-7.338279525962814E-5
,-6.934845138554617E-5
,-9.090606909012422E-5
,-7.420434909969724E-5
,-6.660900059311341E-5
