system:time_start,evaporation_from_vegetation_transpiration
,-2.691258982849831E-4
,-2.6337806366427685E-4
,-3.1142364847861853E-4
,-2.728766544350946E-4
,-3.043245777310707E-4
,-2.750981687616635E-4
,-2.957344787925346E-4
,-3.260400856864483E-4
,-3.02807419605718E-4
,-2.7882437295071816E-4
,-3.0127415160071297E-4
,-2.745699055897906E-4
,-2.6783179282574565E-4
,-2.617405064787211E-4
,-3.1659216589711525E-4
,-2.4494363060512114E-4
,-2.5949681382068473E-4
,-3.3901052847795654E-4
,-3.114177720817679E-4
,-3.2196065846316435E-4
,-2.8131199875739793E-4
,-3.3017391767013277E-4
,-2.927133424843002E-4
,-3.028754317710991E-4
,-3.1222961752064293E-4
,-3.1476759265084786E-4
,-3.6134827936014824E-4
,-2.9692332570145175E-4
,-2.681973211717074E-4
,-3.326193582324776E-4
,-2.918760516574063E-4
,-3.6293548510002443E-4
,-2.949139834527159E-4
,-2.5001036844211433E-4
