system:time_start,evaporation_from_vegetation_transpiration
,-4.437971326523145E-5
,-4.103561478447373E-5
,-4.614100552793215E-5
,-4.213227122009912E-5
,-4.555538946858307E-5
,-4.657127654778022E-5
,-4.979759395845812E-5
,-5.326647433273219E-5
,-4.55863552753014E-5
,-4.647766426478964E-5
,-4.7099431054284746E-5
,-4.5579258006929344E-5
,-4.3361367138531355E-5
,-4.597578112388777E-5
,-4.693660866424488E-5
,-4.533489182812874E-5
,-4.50817685146282E-5
,-4.52241374082477E-5
,-4.869051197544202E-5
,-4.821590064431475E-5
,-4.6571727950692914E-5
,-4.744707515898867E-5
,-4.667799067940678E-5
,-4.6520584070460354E-5
,-5.0432658691346334E-5
,-4.9563642653718855E-5
,-5.215081565587771E-5
,-4.71591841536186E-5
,-4.6404012994056635E-5
,-4.713170978638113E-5
,-4.769592621496437E-5
,-5.601410530818621E-5
,-4.864848417715168E-5
,-4.593540947695223E-5
