system:time_start,evaporation_from_vegetation_transpiration
,-9.073338772020238E-5
,-8.50800333321772E-5
,-9.238750445814305E-5
,-8.692574929182455E-5
,-9.424181802957598E-5
,-9.157959918334584E-5
,-9.431703824589587E-5
,-9.684375925924958E-5
,-8.497110875350926E-5
,-9.355827158523159E-5
,-8.926238766814922E-5
,-8.457765920979344E-5
,-9.135978501972069E-5
,-8.445190934113062E-5
,-9.66576479828716E-5
,-8.894978709939104E-5
,-8.685566886988136E-5
,-9.197931713649055E-5
,-9.87689077531408E-5
,-1.013729787931635E-4
,-8.777401967902857E-5
,-9.008267341921249E-5
,-8.50185715716184E-5
,-8.987761894284414E-5
,-9.260387179069335E-5
,-9.984411011810244E-5
,-1.0453399909464458E-4
,-9.584643942331756E-5
,-8.76223990209059E-5
,-9.987491357243916E-5
,-9.470968406778627E-5
,-9.72067002421048E-5
,-8.876670116437912E-5
,-9.354890290293287E-5
