system:time_start,evaporation_from_vegetation_transpiration
,-4.712719017028788E-6
,-4.5195296448525125E-6
,-4.45231368454794E-6
,-4.376107986510556E-6
,-4.274485916875919E-6
,-4.5335144956665315E-6
,-4.506297758284733E-6
,-4.947073093075599E-6
,-4.646737902686385E-6
,-4.8817359585169954E-6
,-4.915577654465931E-6
,-4.321517644933291E-6
,-4.378688141102834E-6
,-4.824435163400908E-6
,-4.511294075174012E-6
,-4.8133567655532685E-6
,-4.463778681817425E-6
,-4.785525940004294E-6
,-4.644714451792657E-6
,-5.029487966764049E-6
,-4.861137846432661E-6
,-4.981561331326252E-6
,-4.548257873913356E-6
,-4.568960332258439E-6
,-4.840558158807907E-6
,-5.552629770651865E-6
,-4.647601285342913E-6
,-4.942019511213347E-6
,-4.9206641994256955E-6
,-4.991932204256623E-6
,-5.6602478489676856E-6
,-5.734927994670706E-6
,-4.925359134997666E-6
,-5.328956942007153E-6
