system:time_start,evaporation_from_vegetation_transpiration
,-4.613623922885008E-5
,-4.018579303634345E-5
,-4.748844485330193E-5
,-4.4503246663883055E-5
,-4.7234508650923E-5
,-4.251430374027854E-5
,-4.99366973212361E-5
,-5.701590711703237E-5
,-4.6190029017423396E-5
,-4.6645158217286215E-5
,-4.708192189932141E-5
,-4.493407192992992E-5
,-3.964179793465555E-5
,-4.752885796912584E-5
,-4.473611431557032E-5
,-4.36062723437715E-5
,-4.423396072583506E-5
,-4.3969525090158344E-5
,-4.987385833067174E-5
,-4.9753257769908496E-5
,-4.313854808140925E-5
,-4.861971437382879E-5
,-4.767813711861021E-5
,-4.602055150278456E-5
,-5.1452744456805685E-5
,-5.2441106221755975E-5
,-5.082157435369945E-5
,-4.320869476328245E-5
,-4.268930099652538E-5
,-4.4658968140556755E-5
,-4.784377275960965E-5
,-5.940435493901889E-5
,-4.6381223621875434E-5
,-4.382792301832494E-5
