system:time_start,evaporation_from_vegetation_transpiration
,-7.759924313170292E-4
,-7.560676387866448E-4
,-9.355560289522504E-4
,-7.828339675501356E-4
,-8.966454627411761E-4
,-7.902721650321892E-4
,-8.639380086371988E-4
,-9.316404460729576E-4
,-8.774922396793099E-4
,-7.875920797563264E-4
,-8.695228226301741E-4
,-8.180269319485557E-4
,-7.776242463940049E-4
,-7.385314641768756E-4
,-9.608894044476708E-4
,-7.103259643503351E-4
,-7.71767969557445E-4
,-0.0010096273876990492
,-9.129150275873943E-4
,-9.421952211107166E-4
,-8.112010858254011E-4
,-9.675512607938083E-4
,-8.354508200461693E-4
,-8.956781912447146E-4
,-9.053893715238729E-4
,-9.128774735727625E-4
,-0.0010381707362064458
,-8.831078084595543E-4
,-7.643972882871104E-4
,-9.616162819390936E-4
,-8.322772685074376E-4
,-0.0010849897859433247
,-8.800750447852063E-4
,-7.332060684306766E-4
