system:time_start,evaporation_from_vegetation_transpiration
,-8.098725946144433E-5
,-7.997577874145162E-5
,-7.960699807764258E-5
,-7.71860934897847E-5
,-8.051577827646599E-5
,-7.434595768685424E-5
,-8.438131643674508E-5
,-8.098897022293427E-5
,-7.404938292619524E-5
,-8.269186245176758E-5
,-8.493952862076559E-5
,-7.392323056191472E-5
,-7.892735960805084E-5
,-7.900786865017533E-5
,-8.417615895513172E-5
,-7.489077771981925E-5
,-7.684435212693019E-5
,-7.887724923910026E-5
,-9.197325372404386E-5
,-7.90006386562719E-5
,-8.758201305857756E-5
,-8.417275504309872E-5
,-7.460293700694488E-5
,-7.784594383475032E-5
,-8.163293763358017E-5
,-8.047959937523771E-5
,-8.260258262609608E-5
,-7.323267710362612E-5
,-7.639625086261323E-5
,-8.951635618261639E-5
,-7.38954185777324E-5
,-8.43653398420742E-5
,-8.284102793456237E-5
,-7.618209729312234E-5
