system:time_start,evaporation_from_vegetation_transpiration
,-6.503959945670849E-6
,-5.943647843644574E-6
,-6.611004047587124E-6
,-5.758676203194581E-6
,-6.772837997646456E-6
,-6.144976417521483E-6
,-6.645702969891177E-6
,-6.862704272443721E-6
,-6.25244472826232E-6
,-6.188227169058819E-6
,-6.841199154932239E-6
,-6.198835711676995E-6
,-7.045128943435213E-6
,-6.258424771214538E-6
,-6.690486856220299E-6
,-6.250229446824637E-6
,-6.613371082272231E-6
,-6.510872148103606E-6
,-7.05289039188316E-6
,-6.462019071460619E-6
,-6.234375997708823E-6
,-7.013901968051005E-6
,-5.981983771212093E-6
,-6.003249303053543E-6
,-6.664609289555941E-6
,-6.7205406517580695E-6
,-7.088471361790662E-6
,-7.189283964684355E-6
,-6.2844279591658726E-6
,-7.040282643272787E-6
,-6.305427884394981E-6
,-6.871689345669592E-6
,-6.849891720998249E-6
,-6.615535150191358E-6
