system:time_start,evaporation_from_vegetation_transpiration
,-2.872609485861818E-5
,-2.990538940888227E-5
,-2.9795752033903997E-5
,-3.056253403437772E-5
,-2.966673670801124E-5
,-2.8938664678100713E-5
,-2.9995304523218497E-5
,-3.156675393613256E-5
,-3.110250531879537E-5
,-2.9264285965872855E-5
,-2.788772404064908E-5
,-2.8468860981257757E-5
,-3.0725022018076755E-5
,-2.9466408951146366E-5
,-2.9509888247726028E-5
,-3.189230449018343E-5
,-2.7571580037200712E-5
,-3.0824123756496656E-5
,-3.173316811929302E-5
,-3.1965146020714505E-5
,-2.8107456583872104E-5
,-2.884304878677415E-5
,-2.993641237302583E-5
,-2.821164875343789E-5
,-3.141118622271974E-5
,-3.479473984328911E-5
,-2.7778482656097314E-5
,-3.4055415751793715E-5
,-3.2711491618173056E-5
,-3.100515461090825E-5
,-3.7905291338022063E-5
,-3.277737571396774E-5
,-3.1829593382437956E-5
,-3.156929834564354E-5
