system:time_start,evaporation_from_vegetation_transpiration
,-3.365803220529213E-6
,-3.4323588301453533E-6
,-3.097798778778977E-6
,-3.3868424604103593E-6
,-3.5197798650996342E-6
,-3.356517683843979E-6
,-3.599345493259736E-6
,-3.5679078993982534E-6
,-3.311046586734139E-6
,-3.472493214455123E-6
,-3.2151161172401366E-6
,-3.5327925110727338E-6
,-3.2737864077919057E-6
,-3.800673059433595E-6
,-3.3156904666813916E-6
,-3.567347852771895E-6
,-3.4599482508686683E-6
,-3.307138791165522E-6
,-3.5258302280756953E-6
,-3.509081175757779E-6
,-3.6211303166864027E-6
,-3.689989575327167E-6
,-3.5881627506266036E-6
,-3.546367628991397E-6
,-3.459122631789392E-6
,-3.6584010053451898E-6
,-3.6449323993616017E-6
,-3.53775430994574E-6
,-3.5647054674983438E-6
,-3.2921236399690515E-6
,-3.386469365472698E-6
,-3.525473301932733E-6
,-3.6186195049797084E-6
,-3.6607525544241075E-6
