system:time_start,evaporation_from_vegetation_transpiration
,-7.044606597143381E-5
,-6.712554992797475E-5
,-7.244802145578433E-5
,-6.490673998390169E-5
,-6.7961345242414E-5
,-7.037115331816797E-5
,-7.452471678940735E-5
,-7.743319838482421E-5
,-6.973012871943259E-5
,-7.080622344801668E-5
,-7.126548067996434E-5
,-6.917612639275224E-5
,-6.967654068527433E-5
,-7.373677181021776E-5
,-7.669911671352263E-5
,-6.98287816097339E-5
,-6.657802077825181E-5
,-7.127205268867935E-5
,-7.894002252821035E-5
,-7.326998396213942E-5
,-7.257003562699538E-5
,-7.318305082056516E-5
,-7.299210665223654E-5
,-7.48123281179384E-5
,-7.541617560491432E-5
,-7.122194620023947E-5
,-8.033083759073634E-5
,-7.934492532513104E-5
,-6.96751873571581E-5
,-8.175270401504046E-5
,-7.536218254244886E-5
,-8.507442786746348E-5
,-7.120473431617332E-5
,-7.338083984601933E-5
