system:time_start,evaporation_from_vegetation_transpiration
,-2.539163203133891E-5
,-2.1914082632671732E-5
,-2.4131252454632584E-5
,-2.1149815438548103E-5
,-2.4622676695192542E-5
,-2.2408546404525016E-5
,-2.3045956671315555E-5
,-2.4059231994518388E-5
,-2.1382842533057556E-5
,-2.277380857170404E-5
,-2.6136225036073785E-5
,-2.3803283814534854E-5
,-2.4432004768944655E-5
,-2.216021918381254E-5
,-2.3735434903452795E-5
,-2.066535125777591E-5
,-2.6972457514299702E-5
,-2.501503574118639E-5
,-2.7153739210916683E-5
,-2.274996829025137E-5
,-2.3595852326252498E-5
,-2.554259602523719E-5
,-1.9280714695923962E-5
,-2.230578077918229E-5
,-2.4552464916875277E-5
,-2.5827307884658996E-5
,-2.6059538261809696E-5
,-2.6303814593120478E-5
,-2.3273451612719025E-5
,-2.6319398481670458E-5
,-2.164605029975064E-5
,-2.8435627730990138E-5
,-2.5583130385105807E-5
,-2.3956853813918617E-5
