system:time_start,evaporation_from_vegetation_transpiration
,-1.2497429069251092E-5
,-1.270035501651715E-5
,-1.3982927013880963E-5
,-1.236670431624812E-5
,-1.3820858504531267E-5
,-1.2917145380797272E-5
,-1.358386585356161E-5
,-1.4965861019414944E-5
,-1.291831420913743E-5
,-1.2906357225897647E-5
,-1.532682076606107E-5
,-1.2077026504062303E-5
,-1.3756007303942297E-5
,-1.335538342429668E-5
,-1.285094252747704E-5
,-1.301778880396772E-5
,-1.3254819079297145E-5
,-1.4004446185074475E-5
,-1.4568673880906618E-5
,-1.2786497057261344E-5
,-1.3336713747871967E-5
,-1.480794191210359E-5
,-1.2596638315013126E-5
,-1.2496604141600535E-5
,-1.3270334420667492E-5
,-1.3344091600804842E-5
,-1.4740182163414398E-5
,-1.4775834674844845E-5
,-1.3403150756187783E-5
,-1.3738975116881956E-5
,-1.2791815383376127E-5
,-1.6019391870558088E-5
,-1.4058692741264964E-5
,-1.301160830878775E-5
