system:time_start,evaporation_from_vegetation_transpiration
,-1.2639518459881427E-4
,-1.0325401576322888E-4
,-1.1647112190053038E-4
,-1.1325409587864482E-4
,-1.1021129376528592E-4
,-1.0193552796043665E-4
,-1.2141858812965665E-4
,-1.3583102477127387E-4
,-1.1634379525667196E-4
,-1.2285247808369772E-4
,-1.1411802222116213E-4
,-1.1163078827467547E-4
,-9.976632973805577E-5
,-1.0988468027066392E-4
,-1.0996195059172391E-4
,-1.0367503087164098E-4
,-1.0142787390916745E-4
,-1.0960920787175223E-4
,-1.1505985167790261E-4
,-1.2600480496698387E-4
,-1.1339668671062621E-4
,-1.2417193637601382E-4
,-1.2154601521889229E-4
,-1.2065649567427813E-4
,-1.2838725732303483E-4
,-1.3288688839686633E-4
,-1.298744041769266E-4
,-1.1713906017520517E-4
,-1.028030374138038E-4
,-1.1442141030979702E-4
,-1.1378894829073443E-4
,-1.429103966769108E-4
,-1.1137995540583911E-4
,-1.0792686034587093E-4
