system:time_start,evaporation_from_vegetation_transpiration
,-7.037373649271652E-5
,-7.234614143874344E-5
,-7.087740554864022E-5
,-7.199546837502058E-5
,-7.608998887996149E-5
,-7.438709543460507E-5
,-7.403272235181103E-5
,-7.823992544015507E-5
,-7.454291336055617E-5
,-7.451445871469212E-5
,-6.822417251095741E-5
,-7.170448795623538E-5
,-7.786427335521406E-5
,-7.071911373721587E-5
,-7.660279733960281E-5
,-7.705149692500014E-5
,-7.129325646850322E-5
,-7.918893759689341E-5
,-7.933876201264425E-5
,-8.250759120479873E-5
,-7.135485420916172E-5
,-7.386898434388696E-5
,-7.226128399613078E-5
,-7.278733146487095E-5
,-7.875419948126693E-5
,-8.056802206412591E-5
,-6.964140170248545E-5
,-8.258614723395544E-5
,-8.046615731012779E-5
,-7.995669954125109E-5
,-9.502954030104765E-5
,-8.118184151300642E-5
,-7.94033976377744E-5
,-7.483403450773968E-5
