system:time_start,evaporation_from_vegetation_transpiration
,-1.5674185762919112E-4
,-1.5096479717045634E-4
,-1.5567746544072641E-4
,-1.393117619453132E-4
,-1.6327828273633214E-4
,-1.5032320807229375E-4
,-1.5168852489909652E-4
,-1.51224074970134E-4
,-1.5532213352457944E-4
,-1.3393182988637834E-4
,-1.5935204544060224E-4
,-1.4935725196729208E-4
,-1.5938858668612202E-4
,-1.5063356861840635E-4
,-1.6161333541474116E-4
,-1.426802463128606E-4
,-1.600304904378749E-4
,-1.464088186600561E-4
,-1.6469293413942358E-4
,-1.5008140337829606E-4
,-1.566130232699618E-4
,-1.582708643342125E-4
,-1.4315851887617908E-4
,-1.5625204799495088E-4
,-1.54870276231365E-4
,-1.4706779741663868E-4
,-1.6708361146973105E-4
,-1.5217346741281767E-4
,-1.5153059921782844E-4
,-1.7962248042558524E-4
,-1.397347140060012E-4
,-1.5602143365728023E-4
,-1.55735461413497E-4
,-1.5613821423851926E-4
