system:time_start,evaporation_from_vegetation_transpiration
,-9.854842647084667E-5
,-1.0111955923899395E-4
,-1.0128153509874924E-4
,-9.788497242332197E-5
,-1.0161684658508158E-4
,-9.432634668914686E-5
,-1.0739842766750652E-4
,-9.880612478116204E-5
,-9.487806082221034E-5
,-1.0474485522544013E-4
,-9.274862428507543E-5
,-1.0892824944668837E-4
,-9.504290045120632E-5
,-9.91849961801714E-5
,-1.0343472107950935E-4
,-1.0359177409091392E-4
,-9.774689117739135E-5
,-1.0325198692972586E-4
,-9.633743821994512E-5
,-9.798780583183845E-5
,-9.936015823939852E-5
,-9.82490086309203E-5
,-1.0559506015707745E-4
,-1.0144490327050826E-4
,-9.799809468311799E-5
,-1.0890563619863928E-4
,-9.215166412552698E-5
,-9.715019645574703E-5
,-1.0404534974329716E-4
,-1.0101502307264986E-4
,-9.296674149981191E-5
,-9.796260072613674E-5
,-9.445220918327637E-5
,-1.0439786490625161E-4
