system:time_start,evaporation_from_vegetation_transpiration
,-4.230929994710273E-5
,-3.6125792130227565E-5
,-4.228789967943585E-5
,-3.695950027915887E-5
,-4.1693647397230106E-5
,-3.986866310394059E-5
,-4.1430359844668475E-5
,-4.3159680596242346E-5
,-4.041461968382446E-5
,-3.983761209882704E-5
,-3.8764754921716045E-5
,-3.9721316830300746E-5
,-4.3500076643278015E-5
,-3.869676363013009E-5
,-4.251590012156122E-5
,-4.0137487053916816E-5
,-4.150205424201547E-5
,-4.185531660743222E-5
,-4.3411861470838846E-5
,-4.455877691119288E-5
,-3.9513160670906605E-5
,-4.2554866548230435E-5
,-3.986000981468333E-5
,-4.09520664606152E-5
,-4.1588479778546775E-5
,-4.327562009184119E-5
,-4.7304963813718024E-5
,-4.723854623329781E-5
,-4.123041025213395E-5
,-4.594872306744732E-5
,-4.240480880338616E-5
,-4.273524538410699E-5
,-4.1061849711410356E-5
,-4.240847053605488E-5
