system:time_start,evaporation_from_vegetation_transpiration
,-4.920032172330682E-5
,-5.052451537217604E-5
,-4.925803502349934E-5
,-4.805346384788317E-5
,-5.0251676950204345E-5
,-4.6962103737588346E-5
,-5.575421004870113E-5
,-5.02707685307618E-5
,-4.910172984955945E-5
,-5.036438436403656E-5
,-4.718377552780784E-5
,-5.362541347225851E-5
,-4.891085456929976E-5
,-4.8842817445843394E-5
,-5.052366694374842E-5
,-5.025150183941726E-5
,-5.1298460063691166E-5
,-4.9807509638378265E-5
,-4.8724184092199936E-5
,-5.0141461412214094E-5
,-5.095552882302041E-5
,-5.262457610275432E-5
,-5.572599861445452E-5
,-5.081636352885974E-5
,-4.893984104409292E-5
,-5.795069412051565E-5
,-4.934975260561313E-5
,-4.9174652653503934E-5
,-5.103900968467112E-5
,-5.027716745483345E-5
,-4.822982313615087E-5
,-5.002096301756102E-5
,-4.8137893293424186E-5
,-5.406866031409317E-5
