system:time_start,evaporation_from_vegetation_transpiration
,-4.4391511398425664E-5
,-4.648004154467577E-5
,-4.57917893499459E-5
,-4.487893631964985E-5
,-4.733973115425867E-5
,-4.3945659418126176E-5
,-4.965839471303655E-5
,-4.4770517830239666E-5
,-4.394511045826243E-5
,-4.683193065485227E-5
,-4.360989443980423E-5
,-5.0312456369072E-5
,-4.538869468043989E-5
,-4.581029694313478E-5
,-4.769614566350111E-5
,-4.656930031075968E-5
,-4.5139662844590775E-5
,-4.64869322769124E-5
,-4.3879140549446984E-5
,-4.448963224364618E-5
,-4.413213544081244E-5
,-4.565032201990019E-5
,-4.867848324354367E-5
,-4.576964610280461E-5
,-4.497280768211544E-5
,-4.874924769753475E-5
,-4.227104845583897E-5
,-4.405075340509439E-5
,-4.803326685523443E-5
,-4.466245046904021E-5
,-4.1545726357382156E-5
,-4.416363698177978E-5
,-4.37863106496197E-5
,-4.8406272805030685E-5
