system:time_start,evaporation_from_vegetation_transpiration
,-3.278250793907015E-5
,-3.103499996844524E-5
,-3.133957155417496E-5
,-3.0250934287323616E-5
,-2.9491763901508723E-5
,-3.100429967162199E-5
,-3.1652156394557096E-5
,-3.445992236568903E-5
,-3.1811891555359274E-5
,-3.2970826699359655E-5
,-3.414215098018758E-5
,-3.0255135546516005E-5
,-3.021103657374624E-5
,-3.2945789522879444E-5
,-3.181807611933133E-5
,-3.2892361559788696E-5
,-3.1383651730720885E-5
,-3.2840231142472476E-5
,-3.242463086886952E-5
,-3.5181431182233304E-5
,-3.333540371386334E-5
,-3.4066929098723144E-5
,-3.197321711922996E-5
,-3.200846731488127E-5
,-3.360880812882291E-5
,-3.874249280973648E-5
,-3.236638137119977E-5
,-3.351861293291828E-5
,-3.3685366361169145E-5
,-3.4218567937690146E-5
,-3.8549374949070625E-5
,-4.1076939548171744E-5
,-3.451912198215723E-5
,-3.663800756233589E-5
