system:time_start,evaporation_from_vegetation_transpiration
,-2.7589177135931448E-5
,-2.5287544371234685E-5
,-2.6042216587136212E-5
,-2.570569802314204E-5
,-2.603496667924682E-5
,-2.6095491294755543E-5
,-2.655241517874665E-5
,-2.58050451610657E-5
,-2.5127745635630013E-5
,-2.7394596774100154E-5
,-2.5065113215622442E-5
,-2.515248486838292E-5
,-2.619809686025909E-5
,-2.374182384548116E-5
,-2.7595959125639278E-5
,-2.5358517778380542E-5
,-2.475224104228452E-5
,-2.686554137058627E-5
,-2.7419882343688913E-5
,-2.8517622058082187E-5
,-2.519537079978711E-5
,-2.540907819450324E-5
,-2.4354246879401787E-5
,-2.623712829697552E-5
,-2.6187484236064012E-5
,-2.900796147357287E-5
,-2.899633927657383E-5
,-2.7418444365195435E-5
,-2.595764152952872E-5
,-2.8292774498558968E-5
,-2.861811395789881E-5
,-2.769592056547817E-5
,-2.561120691322606E-5
,-2.61756310161824E-5
