system:time_start,potential_evaporation
,-0.019500253555606556
,-0.0160563557878821
,-0.016872379127590015
,-0.01852409545288979
,-0.017589532212393046
,-0.019481918926899336
,-0.019976506854811418
,-0.019021180446019793
,-0.015164592277759573
,-0.020504069725575395
,-0.01686812837711345
,-0.01651750938264851
,-0.01802889309593328
,-0.014782331470059668
,-0.019158240908423482
,-0.017513942576470348
,-0.01551363925219365
,-0.01755105319060738
,-0.019680807601782195
,-0.02152746925430344
,-0.01727989758034131
,-0.0176186732000629
,-0.014959140374037706
,-0.016951319267691084
,-0.018136119850554897
,-0.022388386454787742
,-0.022597750546110823
,-0.018669259834330824
,-0.016379532794058887
,-0.020475469609443804
,-0.019699315975727088
,-0.019230456286371038
,-0.016743111799190625
,-0.01832507671342958
