system:time_start,potential_evaporation
,-0.015543696123458059
,-0.01353430639878904
,-0.015177548686228906
,-0.013208927155396198
,-0.015253506657018422
,-0.015152355854864906
,-0.014891272381989538
,-0.016169988124545377
,-0.012407760902108593
,-0.01505939633507245
,-0.0160379782054587
,-0.01380975764837352
,-0.014951880507123904
,-0.015114089068493366
,-0.015314804865557708
,-0.012463846165368215
,-0.016408368936621162
,-0.015444731508110392
,-0.016412483514201326
,-0.014354765283230738
,-0.015078080131884044
,-0.01643216075191576
,-0.011733646682682319
,-0.0133830220244695
,-0.015253218143066818
,-0.01641757352752335
,-0.017289408801803612
,-0.015103318336640484
,-0.013937398115347001
,-0.01717621709193841
,-0.014620836439259802
,-0.016337906937456015
,-0.014862352502255547
,-0.014711780844361184
