system:time_start,potential_evaporation
,-0.004661861161079478
,-0.00477028171646229
,-0.005168562202526485
,-0.004716902591258475
,-0.005187215264621108
,-0.004913218523398156
,-0.005033816383506187
,-0.005839664486733167
,-0.004632885600649547
,-0.005018195775112856
,-0.0057377847036134385
,-0.004441269212085835
,-0.004888878348426436
,-0.0052028705336341395
,-0.004643083899281918
,-0.0046424289027702775
,-0.00483301636344741
,-0.005285659391997716
,-0.005710624956950676
,-0.004774619981553609
,-0.005100742316005236
,-0.005432823023032765
,-0.004627099398165132
,-0.004664407284540255
,-0.004998694361634797
,-0.0050447470890950365
,-0.005586604842519909
,-0.005391852119365674
,-0.004991539306693563
,-0.005352871521864201
,-0.004965205828882876
,-0.006020662861262456
,-0.004955221782693753
,-0.004845350782648382
