system:time_start,potential_evaporation
,-0.005687172894212358
,-0.005638916314264628
,-0.005912023772767637
,-0.0060233584941343935
,-0.006226391210638655
,-0.005614734399363768
,-0.006344793650220172
,-0.007043724003522537
,-0.005769294551170718
,-0.005910697345918892
,-0.006241031114768703
,-0.005465136087971191
,-0.00547296227159677
,-0.00604425653727958
,-0.005635200964230208
,-0.0053984503834866564
,-0.005782880839736511
,-0.006376905452224235
,-0.006633354241785128
,-0.005690329677749199
,-0.006192207148743388
,-0.006377062754883157
,-0.005887199558343033
,-0.0057226282817562325
,-0.006467574215583647
,-0.006028270785090849
,-0.006571586999761609
,-0.006050058064619617
,-0.005852080653242481
,-0.006360952528969695
,-0.005776669523187687
,-0.007229657475433598
,-0.006015730392857969
,-0.005448905986178522
