system:time_start,potential_evaporation
,-0.006868498310386375
,-0.007508030167369769
,-0.007003990036829226
,-0.008160503381930787
,-0.006908107410259775
,-0.007045076842553466
,-0.0070139957756453685
,-0.007955803142258333
,-0.007848685318251992
,-0.007407636246945777
,-0.006992962963219422
,-0.006867693083031666
,-0.007614900607380004
,-0.0074029588665134845
,-0.0074431587457599365
,-0.008339592360569463
,-0.0066217587104521365
,-0.007540607981399609
,-0.007956642641888553
,-0.007839181670814143
,-0.006799996300725507
,-0.007123593115398695
,-0.007148667815699024
,-0.006683773507384216
,-0.007959389443980691
,-0.008799975978844386
,-0.006401779872428535
,-0.00872415860031191
,-0.008408333658510934
,-0.007753677657204622
,-0.009621790564262572
,-0.007998240451230725
,-0.008031930770318278
,-0.00801089338266239
