system:time_start,potential_evaporation
,-0.014826117643324768
,-0.013668945870926423
,-0.014533412680601045
,-0.012068312830437317
,-0.014614302054468772
,-0.0130655874901718
,-0.014458065257856385
,-0.015938475204765542
,-0.01311917079893623
,-0.013670054142937161
,-0.01727749967801756
,-0.012706818657077864
,-0.01511367786934465
,-0.013290235519569196
,-0.014444568665287885
,-0.012422951840453743
,-0.014358344636526141
,-0.014491686652622043
,-0.016653470749520328
,-0.012611676388911117
,-0.015218490557566333
,-0.01481709968062573
,-0.011342099951802532
,-0.012474051321231437
,-0.015679585560480457
,-0.014992006436504392
,-0.0165793615022076
,-0.015753296832913752
,-0.014108403088688009
,-0.016424177083263544
,-0.012857669595620694
,-0.0159890155636811
,-0.015857432816637165
,-0.014809920102853175
