system:time_start,potential_evaporation
,-0.005989025498084154
,-0.006708075967426773
,-0.00587516514115989
,-0.007105221782261479
,-0.006339122338128314
,-0.006442142019988664
,-0.0066553700670781485
,-0.007140518473967123
,-0.0066785145107652565
,-0.006938611792931971
,-0.005985169304646358
,-0.006304255612901345
,-0.006671348658831752
,-0.006324086833999553
,-0.006671904881105071
,-0.007101158336116073
,-0.005950728261138595
,-0.006788201535787916
,-0.0070998914043663
,-0.0072944158792303095
,-0.006403728477813448
,-0.006759540153975001
,-0.006350819910862594
,-0.006083995675691681
,-0.007210628476882232
,-0.007369778484298011
,-0.005851263805934218
,-0.007769787129637692
,-0.007710142716123735
,-0.006953616794427425
,-0.008669345883910344
,-0.007279024327848068
,-0.007359318421852852
,-0.007102760507266448
