system:time_start,potential_evaporation
,-0.011044219276906611
,-0.009440192972154668
,-0.009086219341649363
,-0.010341398597423298
,-0.010563223710050806
,-0.010570724402593138
,-0.010322903966880403
,-0.010999473893510489
,-0.011425915339107936
,-0.011060078589556118
,-0.010560444570728578
,-0.010250534784669677
,-0.01033837245874262
,-0.01062833986361511
,-0.010118194166958952
,-0.010911720232494796
,-0.010673752428071262
,-0.009242026198383732
,-0.010550628261019787
,-0.010700400719845979
,-0.010238446954948207
,-0.01109382362725834
,-0.010183674889655473
,-0.010690007416997105
,-0.01007544580109728
,-0.01090280371136032
,-0.011841813674739873
,-0.011464931745043335
,-0.01109941746108234
,-0.01044545208181565
,-0.010409910765398914
,-0.011251076992872791
,-0.011576806874169657
,-0.011948080830431232
