system:time_start,potential_evaporation
,-0.016150706739238185
,-0.015634872966782294
,-0.016756006919119198
,-0.016649217730176774
,-0.01496915209389516
,-0.017138028040386014
,-0.01866333388412992
,-0.020046828882186674
,-0.014339822762714768
,-0.01669306284209058
,-0.015893330616462562
,-0.014892846642868352
,-0.01638857702319338
,-0.01658088636813099
,-0.016886106077301385
,-0.014758607029324158
,-0.015908234127521237
,-0.016345041293081723
,-0.01969587363095747
,-0.01656904321485113
,-0.01828983436010916
,-0.01686287711426202
,-0.014328307638707984
,-0.015385777897555037
,-0.018954865624740098
,-0.016709251420925955
,-0.02278559245018254
,-0.019957319059930912
,-0.0148557279036915
,-0.01919566271115198
,-0.017047089934176595
,-0.018872965414495277
,-0.014860505718388596
,-0.01708710883233127
