system:time_start,potential_evaporation
,-0.01595284777011444
,-0.01398355760030151
,-0.01622773239463628
,-0.014682943840549946
,-0.015250513262922209
,-0.015620428858672862
,-0.015893532968040507
,-0.017010292868256213
,-0.013930072375456038
,-0.016005354527033274
,-0.01569827946144778
,-0.013980093741342313
,-0.015803550790489625
,-0.01573172826061232
,-0.015173517767335378
,-0.014801567735147667
,-0.016161095330595395
,-0.016068361227071896
,-0.017376713068447684
,-0.015817223792357473
,-0.01633058464112626
,-0.01628904389993598
,-0.013959577489812443
,-0.014355407086237025
,-0.015641781245688
,-0.016963051265110166
,-0.01886533969703327
,-0.01782227836924398
,-0.014537445006259026
,-0.017027428566134775
,-0.016908570720871485
,-0.01638708562973921
,-0.014520780699888613
,-0.01655385696540575
