system:time_start,potential_evaporation
,-0.017175819600216493
,-0.01593251739513187
,-0.016538061110516308
,-0.01488024282102461
,-0.01654901380403851
,-0.01588419470292115
,-0.015411737981315047
,-0.016223593754957643
,-0.014827270672215676
,-0.015308071172462199
,-0.017783720205505463
,-0.015561586485869241
,-0.01726852377495955
,-0.016677192421578564
,-0.016975817061372328
,-0.014561997672064375
,-0.017585747543360737
,-0.016496896528455006
,-0.01887209972519766
,-0.014983159153133477
,-0.017190767516584382
,-0.01740599283711404
,-0.01326400209730489
,-0.015168546911217322
,-0.015953746370212213
,-0.015901435713346103
,-0.018055707399745137
,-0.016673877860789922
,-0.014553658194761322
,-0.01944576232606981
,-0.014700593507575969
,-0.017413881422215366
,-0.015900124541073476
,-0.016301812411285223
