system:time_start,potential_evaporation
,-0.018610658234441267
,-0.015310296187001794
,-0.01804479950751005
,-0.01597752607410781
,-0.018034462663225975
,-0.017384877592562454
,-0.01758941049289812
,-0.01828505971240123
,-0.014839489235975743
,-0.017487601657635285
,-0.01817952201721103
,-0.015814311295054555
,-0.018436728514533377
,-0.017952977270231877
,-0.01718257267676756
,-0.015545049593514923
,-0.017864379885312785
,-0.018442426294231234
,-0.01942766853178248
,-0.01653330538630888
,-0.017814524379928393
,-0.01872398842048521
,-0.014020370561466374
,-0.015672195384853916
,-0.017085987845017702
,-0.019274344820918155
,-0.02078306348972326
,-0.020167584178235498
,-0.01635742789353985
,-0.01945705915965267
,-0.018275089434058773
,-0.018296588427223138
,-0.015744892788599387
,-0.017093213996717663
