system:time_start,potential_evaporation
,-0.007754823716823012
,-0.007741620434292902
,-0.008246218805046132
,-0.008402537083990561
,-0.00872210698920147
,-0.007625171012477949
,-0.00841917744158612
,-0.009631264401832595
,-0.007689395075431094
,-0.008177067444194108
,-0.008523714510374703
,-0.00751291591344246
,-0.007480134896468371
,-0.008314562340577444
,-0.00784910530395185
,-0.007530982111347839
,-0.00778939151011097
,-0.00863988252725297
,-0.009276461646853326
,-0.007718309459354107
,-0.00851691591863831
,-0.008409704566777995
,-0.007904619415057823
,-0.007878345631373426
,-0.00893837977006721
,-0.008264517532855583
,-0.009336242491068939
,-0.008463295162073337
,-0.008012278034584597
,-0.00854386001204451
,-0.008005679468624294
,-0.010236949053554175
,-0.008149269444402307
,-0.007573559851152822
