system:time_start,potential_evaporation
,-0.010437273980862687
,-0.012154872110730857
,-0.009937201635087455
,-0.010718829788278199
,-0.012302043251111172
,-0.011830824146079865
,-0.014000492330854868
,-0.01154172010578667
,-0.011458022732051288
,-0.011126427840557
,-0.012007319180680277
,-0.013687490820633356
,-0.011138616856690283
,-0.01185466785605196
,-0.01189964094605371
,-0.011346471928404893
,-0.010506969926967886
,-0.011492872282608669
,-0.011094251511663475
,-0.011060968472796076
,-0.010890035945163674
,-0.01244643203718817
,-0.012931353397685929
,-0.011554450299599648
,-0.011551117551183175
,-0.0132470228219807
,-0.011239765503419083
,-0.011117408950777837
,-0.012537892601606225
,-0.01093659021871369
,-0.010503545967477488
,-0.011633156319007732
,-0.010604715033078912
,-0.012508368893715231
