system:time_start,potential_evaporation
,-0.0077015180310506075
,-0.007919144545060892
,-0.008550667788464732
,-0.007560525361138085
,-0.008785927971378745
,-0.007798540558724199
,-0.008148759356117809
,-0.009821065320769169
,-0.007738697177652891
,-0.008373678181669675
,-0.009775893161228547
,-0.0076501592848217115
,-0.008461738250237735
,-0.00802799710072577
,-0.008376503770705312
,-0.00746351464476902
,-0.007999053535362085
,-0.008577516942750664
,-0.009159960146159088
,-0.007839666470924083
,-0.008672007175240045
,-0.008930480279862726
,-0.007540474231063854
,-0.007476872046633313
,-0.00840326788117333
,-0.008271383735215446
,-0.009037836925320638
,-0.008401457089348696
,-0.007991921777526537
,-0.008517656902161738
,-0.007861900526525762
,-0.009718950891207594
,-0.008186776790050013
,-0.007721771976018014
