system:time_start,potential_evaporation
,-0.01781893493670482
,-0.015546997531499594
,-0.016170580404050647
,-0.01615097933705931
,-0.015779195330596796
,-0.01617119027788208
,-0.01738335421909602
,-0.017229182492007823
,-0.01570797554909684
,-0.019218468256412494
,-0.015175485111441815
,-0.01642372805293704
,-0.01563427185870682
,-0.014329053834274795
,-0.017419326877828097
,-0.01637281493228615
,-0.015566317182439999
,-0.01817735783483505
,-0.018241560060532427
,-0.019953196647996486
,-0.016224952540490143
,-0.015437290753828867
,-0.015400415972728497
,-0.01627019519757826
,-0.017957763041279606
,-0.020347665030656405
,-0.018282184107901635
,-0.017273514302448986
,-0.016488307181760375
,-0.017405903547720005
,-0.01872899455830533
,-0.016582407507813132
,-0.015984694313047536
,-0.01678328113743989
