system:time_start,potential_evaporation
,-0.016962880909104888
,-0.014372864251638756
,-0.016948385504452237
,-0.01520216233914477
,-0.015782383478628554
,-0.016350735154941374
,-0.0164897584623408
,-0.01739014720397679
,-0.013929795428626483
,-0.016223425399067834
,-0.016958223896947684
,-0.01461830232820878
,-0.01725162225665643
,-0.016607917328783833
,-0.01574940247544937
,-0.01457530490963683
,-0.01678800397923241
,-0.016799191668325334
,-0.01804672890297329
,-0.015996365171495677
,-0.016713603914882826
,-0.01704275616449243
,-0.013598725389001948
,-0.014648335978180466
,-0.016002142245333903
,-0.01780443909254309
,-0.01924587795592583
,-0.018351916468849306
,-0.01483184560237804
,-0.0178765520821591
,-0.017141394271196698
,-0.017176129092516486
,-0.014724056954340387
,-0.016435966376504216
