system:time_start,potential_evaporation
,-0.01237295679068969
,-0.012529964791610837
,-0.013105807500930192
,-0.011011993119609542
,-0.01296902320367129
,-0.011329958031031614
,-0.012175768633217862
,-0.01377106902267163
,-0.011461628610656286
,-0.012178999779280275
,-0.014551209125784226
,-0.010776006757320525
,-0.01244932105570721
,-0.011977970731095411
,-0.013580506104820719
,-0.011449683598281505
,-0.012156793546940511
,-0.012595564529571371
,-0.01484245176349456
,-0.010959048008468622
,-0.013658928267735368
,-0.013077875182110196
,-0.010620602809164362
,-0.011016164877219126
,-0.013163180294213817
,-0.012721169967941629
,-0.013752462429692969
,-0.013311336573679
,-0.01245178318155619
,-0.013724723510676995
,-0.01154450787968623
,-0.014157585547460863
,-0.012816893101747459
,-0.012633124696246037
