system:time_start,potential_evaporation
,-0.016787953505020898
,-0.014350170541244248
,-0.016981959585488465
,-0.015092037933451744
,-0.015921754311420955
,-0.016339746066175092
,-0.01658635842128812
,-0.01692730931972619
,-0.01378692057429968
,-0.016133138221145298
,-0.0170170929680656
,-0.014493239446892403
,-0.017464061621770572
,-0.0168104988115374
,-0.015752551985012058
,-0.014506917771844504
,-0.016937573251198046
,-0.01699959542020224
,-0.01809143109130673
,-0.015724397075246088
,-0.016731609061631996
,-0.017049946991998393
,-0.01350685634436862
,-0.014599287669019153
,-0.015517250081757084
,-0.01778601564001292
,-0.018867681190992396
,-0.01838325413215595
,-0.014717676443979144
,-0.017866086534922943
,-0.01698049535722627
,-0.016836927286931314
,-0.01460036659166993
,-0.015964559046551585
