system:time_start,potential_evaporation
,-0.004837601099606344
,-0.003491622122192473
,-0.004131727812926583
,-0.004336629909728369
,-0.004231958419138688
,-0.003840419449916617
,-0.00459571503706097
,-0.005370841721820417
,-0.004523424171663943
,-0.005062316657287776
,-0.004483977228852792
,-0.004265774595580139
,-0.003639689132728318
,-0.004012044322510236
,-0.003952067503896907
,-0.003857557646751369
,-0.00402595520886622
,-0.003949896897915271
,-0.004200271513670281
,-0.004354150469773367
,-0.004415664899747215
,-0.004691873310079127
,-0.0045836766460339
,-0.004427364808913309
,-0.004878815847933442
,-0.005079090116235039
,-0.0048624722955821036
,-0.004548490292949946
,-0.0036884303420764253
,-0.004003344980974948
,-0.0038382296156424835
,-0.005220309501143469
,-0.003945796462244532
,-0.0039058899983012785
