system:time_start,potential_evaporation
,-0.017878068480058573
,-0.017786053106343996
,-0.018767600602586754
,-0.018257257960309897
,-0.017471473290546175
,-0.01870142608822789
,-0.020988972518049803
,-0.021836809576295007
,-0.015703428517250966
,-0.02124039393675048
,-0.017825905694432247
,-0.01641522721426251
,-0.017649192062284175
,-0.017716976353161346
,-0.019295159640023485
,-0.01757392340611356
,-0.016622598137473688
,-0.018461116206405375
,-0.022634139808360487
,-0.02197216407027251
,-0.018423764350397203
,-0.018400358788009424
,-0.01633958894429573
,-0.016868323339925457
,-0.0201160179276485
,-0.02183319951291196
,-0.025254713371396065
,-0.0205658659930729
,-0.017649221709386136
,-0.021513709420105442
,-0.020534931876075763
,-0.020988575236212153
,-0.018159083081021283
,-0.017959614599628065
