system:time_start,potential_evaporation
,-0.004309410401937037
,-0.004247859620872025
,-0.004805116102204003
,-0.004497170317040214
,-0.004652411481024834
,-0.004476391410902786
,-0.005024468779956214
,-0.005709654149777782
,-0.004448033813779939
,-0.004681387066813204
,-0.005034376590215029
,-0.004353279514487632
,-0.004043670079663274
,-0.004723584076046104
,-0.0048959017171059755
,-0.004425300666054415
,-0.004532514786682796
,-0.004521963540599511
,-0.005057232013898353
,-0.004631715429706851
,-0.0048746392226681435
,-0.004705808534191323
,-0.004630782082878012
,-0.004632447411332704
,-0.005094644328441123
,-0.004790129063059898
,-0.005268454599848237
,-0.004771024911823906
,-0.004480949617691368
,-0.004754245990122539
,-0.004816382728898954
,-0.0058643167072526614
,-0.00457179912449262
,-0.004465795693160943
