system:time_start,potential_evaporation
,-0.01204566866120634
,-0.011420132548664697
,-0.012143473858789852
,-0.012645088635811893
,-0.012259345317337042
,-0.01235606197345381
,-0.013912161943153478
,-0.01491948870049479
,-0.013173201276610294
,-0.013111788202271176
,-0.012275420153552355
,-0.011846985546677994
,-0.010571781031709785
,-0.013105629157507792
,-0.011807773204054683
,-0.010670441261027008
,-0.011155161366332322
,-0.013930748420534655
,-0.013243636591748023
,-0.012440116149567379
,-0.012708851141117824
,-0.011932085389465405
,-0.01302646401260669
,-0.012138771019332731
,-0.013889032377240559
,-0.013207254766408974
,-0.015498834700944522
,-0.012354470886445293
,-0.013148747423353294
,-0.013915144935405502
,-0.013139163580490276
,-0.01579080934849723
,-0.01208402230986394
,-0.010627994498160357
