system:time_start,potential_evaporation
,-0.017752114555445377
,-0.016557884200925656
,-0.016997825568945243
,-0.015362061690684633
,-0.017063245631128522
,-0.016369107847437843
,-0.0158699722944055
,-0.01659230873716653
,-0.015051722991602682
,-0.01576815870985032
,-0.018229422555798958
,-0.015926005331393968
,-0.017753008244599276
,-0.016983954429209743
,-0.017560460232480625
,-0.01504152024417065
,-0.017971559845813268
,-0.017091953647274092
,-0.019392263478078327
,-0.015284020864883304
,-0.017677239035649318
,-0.01801229149763018
,-0.013531367537598144
,-0.015563118967220211
,-0.016591367623291792
,-0.016404514446691346
,-0.018636756244888735
,-0.01718998902948639
,-0.015009008650139157
,-0.02003936981068232
,-0.014996174648563931
,-0.018053895219530703
,-0.016392010180899606
,-0.01691966747002718
