system:time_start,potential_evaporation
,-0.004112273968638219
,-0.0035210053863392525
,-0.00393428134874964
,-0.00383289675426235
,-0.0038565963492850817
,-0.003627335093594695
,-0.0043668518354474705
,-0.005102789852288126
,-0.0043401109076668986
,-0.004654531609772402
,-0.00419658944128871
,-0.0038728748984266856
,-0.0033348128089264427
,-0.003588717363390481
,-0.0033606875659124955
,-0.003347919039413839
,-0.0035426132343017863
,-0.0036485843840871955
,-0.003733176400591444
,-0.003687272047549198
,-0.003689598313040508
,-0.003744382380729451
,-0.00385247482461304
,-0.0034997079950777354
,-0.004062730658368173
,-0.004244348848113723
,-0.003942448561491636
,-0.004069766688150584
,-0.003349886904533211
,-0.003768689209884483
,-0.0035458643842014104
,-0.004770536041373866
,-0.0031435164296404984
,-0.003549790417857503
