system:time_start,potential_evaporation
,-0.012508735371155358
,-0.013499220229821852
,-0.012521554705096813
,-0.011867882595337692
,-0.013708782449810377
,-0.012415146485111215
,-0.013659019127854064
,-0.01291168355432392
,-0.012062714177826993
,-0.012384788967287124
,-0.014743919316811611
,-0.012706693613646418
,-0.013149582916080831
,-0.012944094374926576
,-0.01392791120229743
,-0.012147073519978829
,-0.012984399573772827
,-0.012867648188292948
,-0.01498780882401182
,-0.012968027777122111
,-0.01462207744657816
,-0.013488540223847153
,-0.012019957528117575
,-0.01290567742196975
,-0.01255414681849135
,-0.012623329324023274
,-0.013463743187650689
,-0.012042835479516265
,-0.012218002561948368
,-0.01411251707387489
,-0.012019849668007246
,-0.013059968034484941
,-0.012407543682301058
,-0.011816964107942751
