system:time_start,potential_evaporation
,-0.01216877015888284
,-0.01235474310326925
,-0.01289201418033884
,-0.011297417954968598
,-0.013386660543519295
,-0.012074533433970544
,-0.012440482642981303
,-0.015335315622519113
,-0.012029755439146972
,-0.012612914848097881
,-0.015171003572598646
,-0.01118447939964311
,-0.013642293186881713
,-0.012314768504145975
,-0.012846981108338498
,-0.01159482791003886
,-0.012259429628708554
,-0.013342251694238015
,-0.01446827264606682
,-0.011808691354469804
,-0.013919472557240988
,-0.013667658358513265
,-0.010981211473147689
,-0.011354797656230372
,-0.01379352959321849
,-0.013107563377506548
,-0.014991037480515728
,-0.013471325112010978
,-0.012187668501370019
,-0.013718397393367715
,-0.012381502252454124
,-0.014380432565157279
,-0.01288042356723106
,-0.012206244571371962
