system:time_start,potential_evaporation
,-0.017860473390707437
,-0.014050741941900924
,-0.01632011041995914
,-0.014828969651716761
,-0.016270183919308085
,-0.017376911748821538
,-0.016673233762655098
,-0.017092583075282164
,-0.014034730978892185
,-0.01715781141926224
,-0.014452817621834887
,-0.014513995944677541
,-0.016940705022231366
,-0.015634626310202293
,-0.014734407988726161
,-0.014895764266839251
,-0.01644494394713547
,-0.016240596562662784
,-0.0164127524427992
,-0.01588568924247132
,-0.01719265044569814
,-0.016515086264310714
,-0.013208303387121608
,-0.014839847979601473
,-0.016882797712848212
,-0.01648369075458807
,-0.020536921181095142
,-0.017822511576620553
,-0.016131117920546483
,-0.019243703107349575
,-0.019633476292559255
,-0.01791915992604724
,-0.015638622266124003
,-0.01608197676250711
