system:time_start,potential_evaporation
,-0.012151837647805395
,-0.012350368915140707
,-0.012879543371962544
,-0.011291335098842318
,-0.013377797732855417
,-0.012067072595315113
,-0.012423730140175109
,-0.015329487862188658
,-0.012022743659948031
,-0.012604921974630806
,-0.015154431632509568
,-0.011177695569056715
,-0.013632747001511288
,-0.012306605885120185
,-0.012840309712357754
,-0.011589290111382527
,-0.01224428388522087
,-0.013330751421132223
,-0.014454060364458425
,-0.011803377290785297
,-0.013910805895360874
,-0.013661140959503262
,-0.010979156939260735
,-0.011348617966395766
,-0.01378240418402214
,-0.013095338170451373
,-0.014978291134520882
,-0.01345896098672716
,-0.01217739081452056
,-0.013699685026992288
,-0.012379141542432512
,-0.0143739814011071
,-0.012858031114375447
,-0.012191174142306046
