system:time_start,potential_evaporation
,-0.014201149535824008
,-0.013078583291754705
,-0.014808760268682487
,-0.014842252659119285
,-0.013861359636807305
,-0.014973688636514866
,-0.0155418260893026
,-0.017685790974197018
,-0.014246635122231743
,-0.01528842783877873
,-0.01588878528634792
,-0.013905838601975562
,-0.012467361857433747
,-0.015324606776905995
,-0.015153692196525464
,-0.014414442656826312
,-0.014187951094671998
,-0.013846063946954071
,-0.017207445797050077
,-0.016184731998443815
,-0.015328520360388651
,-0.014745843932111959
,-0.014853907436190639
,-0.014876175294788978
,-0.017465612896061924
,-0.018152308723956317
,-0.016055212035126082
,-0.014519104862384584
,-0.01451717425273576
,-0.015414909813306153
,-0.016808106692086298
,-0.02019352281918559
,-0.014786729850818643
,-0.016261737870853256
