system:time_start,potential_evaporation
,-0.013278926652549948
,-0.013797976688624713
,-0.013526929149299666
,-0.012785678113032932
,-0.013914040862333424
,-0.013084432442249503
,-0.013976818469659001
,-0.013640833136340543
,-0.012533974957256977
,-0.013215679062098992
,-0.015604184070059311
,-0.013565480331726049
,-0.014134375422687492
,-0.013773195073174795
,-0.014156751055626731
,-0.012733186245123573
,-0.01418903037233573
,-0.013848272500678757
,-0.016204450536366242
,-0.01391075236446701
,-0.015213076217234731
,-0.014280260802340813
,-0.012665337691347379
,-0.013372207497829976
,-0.012613908669604676
,-0.013268665194964157
,-0.014530863552261167
,-0.013222071176157226
,-0.012536473184632944
,-0.014823869648685383
,-0.012947683471149463
,-0.013414435016279437
,-0.012944353029949743
,-0.012631843421430842
