system:time_start,potential_evaporation
,-0.012734377167314698
,-0.011350029872618525
,-0.010587884145339925
,-0.01044531719526276
,-0.011696914897613788
,-0.01149678613837988
,-0.01307836953730146
,-0.012923218786573416
,-0.014005092694252893
,-0.013720871985462355
,-0.012625401446712203
,-0.012430911315236014
,-0.012436812499966442
,-0.014248231474292659
,-0.012326440183362876
,-0.013783208565905179
,-0.012062365116910657
,-0.013049467720526568
,-0.013365832291443808
,-0.01447785216356244
,-0.013573138990775783
,-0.014950670332825145
,-0.014313962700886322
,-0.013674545921293982
,-0.013452156197684481
,-0.013659301933051038
,-0.014276578477994703
,-0.013605706158224982
,-0.01357111574498346
,-0.013572589666628299
,-0.012902964515709683
,-0.016055692170268792
,-0.013478865298203625
,-0.013410978704604193
