system:time_start,potential_evaporation
,-0.018095149465970208
,-0.015785664076682075
,-0.016342454551963797
,-0.01643258839363677
,-0.016029623245917994
,-0.01643981848878206
,-0.01762646512202422
,-0.0173624132907542
,-0.01589936061314781
,-0.0195455031669934
,-0.015385073799320666
,-0.016679194827750616
,-0.01585987327677524
,-0.014490170394960677
,-0.017707788451886777
,-0.016558909131871982
,-0.01570829847106393
,-0.018390080939203704
,-0.01852949906196203
,-0.02023528948776845
,-0.016379724206785032
,-0.015687439251697737
,-0.01558360039606194
,-0.016527129767017496
,-0.018179220527322
,-0.020669166429732638
,-0.01864798759150558
,-0.017567273219112688
,-0.016669746812295324
,-0.017770730598816842
,-0.019078064626987887
,-0.01683258445487837
,-0.01616535735957537
,-0.017039281972553177
