system:time_start,potential_evaporation
,-0.015375324049576497
,-0.014513799110621525
,-0.01477631920715794
,-0.01373023501461527
,-0.014809292741119862
,-0.013600229950194867
,-0.013991193477219591
,-0.014673804864287376
,-0.013350867617797727
,-0.014176679183340942
,-0.016239440112258308
,-0.014221922329549367
,-0.01564866060410471
,-0.014460021814253802
,-0.016030722967116162
,-0.013471389402790615
,-0.015478763098750884
,-0.014543441905213209
,-0.017283743053364258
,-0.012994459980594305
,-0.015954194401274435
,-0.015570532700318532
,-0.012028808104029546
,-0.01400867999958185
,-0.014519545298147326
,-0.014258547676339125
,-0.016345869216214243
,-0.015024948190936508
,-0.013058369930755967
,-0.01761974033433944
,-0.013170736371345507
,-0.016336639591221076
,-0.014583552930465279
,-0.015122013258708952
