system:time_start,potential_evaporation
,-0.014652022074044094
,-0.01428331421272576
,-0.014326838588060224
,-0.013426288499511174
,-0.01444309418347027
,-0.01322256953183872
,-0.013463151225056334
,-0.014198754754033871
,-0.012903127049835266
,-0.013743678433871665
,-0.015706118059154648
,-0.013653230448222819
,-0.015007423562980094
,-0.013794772947572679
,-0.01560961695264396
,-0.012936532506851985
,-0.01508571397310956
,-0.014172471960416275
,-0.016873099915724117
,-0.01255389867021637
,-0.015545567232357713
,-0.01524905971197305
,-0.011877835683806457
,-0.013323492380247142
,-0.01439104239627915
,-0.013922364875804961
,-0.015902307598336943
,-0.014597441689897605
,-0.013065684886481776
,-0.016649992771961386
,-0.012723094081401973
,-0.016186360902154997
,-0.014092561954799876
,-0.014849853206869101
