system:time_start,potential_evaporation
,-0.006960331599152092
,-0.007505430609348373
,-0.007548618176871159
,-0.00793589350137659
,-0.007170852226206786
,-0.0074802477754726876
,-0.0070128453349348596
,-0.007557328341742202
,-0.007952744104032818
,-0.007868424380325855
,-0.0074597647981136115
,-0.006902803877286108
,-0.007529713538840749
,-0.0074903316932856505
,-0.007684798366931823
,-0.00845283197304525
,-0.0071249592795841945
,-0.008020227389756149
,-0.008189339026204027
,-0.008221104425400779
,-0.007852341702043002
,-0.007974481410403515
,-0.0071916670365478955
,-0.00717634992300494
,-0.008036895718962316
,-0.008265527510755216
,-0.006800031957229496
,-0.00802313793812775
,-0.008500661635480355
,-0.007861795088602876
,-0.009334634585684396
,-0.008500741996208995
,-0.008136782447561724
,-0.007701093694979337
