system:time_start,potential_evaporation
,-0.011031609372113645
,-0.012306382434047422
,-0.010744154797499366
,-0.011475066685413463
,-0.012711193894559158
,-0.011753183011289853
,-0.014275787382139415
,-0.012504913854064376
,-0.012250122757732506
,-0.011483171709531696
,-0.012796603546858102
,-0.013583660189143643
,-0.011917465611212754
,-0.012223489858491726
,-0.012477658304403593
,-0.012189301195041797
,-0.011662448922032165
,-0.011568594959306818
,-0.012132550906572859
,-0.012042263426805403
,-0.012042345653748648
,-0.013564608112739547
,-0.013686195838903521
,-0.012225842812467308
,-0.011788147571646533
,-0.014353904008932437
,-0.011854314986913273
,-0.012140829850117515
,-0.012614786128311494
,-0.011512444212864154
,-0.011342849271621026
,-0.011916479625985668
,-0.011505046412344564
,-0.013406738275275632
