system:time_start,potential_evaporation
,-0.011410166770997836
,-0.011307073656998956
,-0.01024451342740121
,-0.010730300734887612
,-0.010538198748346885
,-0.010492778959528467
,-0.01039177003091859
,-0.010549379388288599
,-0.01308575895760972
,-0.01146252553163453
,-0.011197620632141794
,-0.010307708219996697
,-0.011812321471258309
,-0.01262441407180114
,-0.013121943608865413
,-0.013127950769159898
,-0.011301915555202772
,-0.011762027439810366
,-0.01273934842894996
,-0.012764910593765763
,-0.01193173950393051
,-0.013272953893757461
,-0.013224386958226602
,-0.012084906042994047
,-0.012712666236063402
,-0.012648596284722032
,-0.012246528759362814
,-0.012826966946835707
,-0.013041278825679743
,-0.012221860102847742
,-0.014157765602844902
,-0.014092038839261602
,-0.012848224988638518
,-0.013410452707863884
