system:time_start,potential_evaporation
,-0.011294089884379403
,-0.0096436614446227
,-0.00982851751133822
,-0.010115390074645838
,-0.011119268388784569
,-0.01088405935997437
,-0.012401361958060811
,-0.012128854121231523
,-0.010826171138129819
,-0.01123912464708672
,-0.011433909206135625
,-0.011768554273761757
,-0.00952284651371029
,-0.01226998740910321
,-0.01035578291656008
,-0.01158800588298725
,-0.01004850615713394
,-0.010924671082624713
,-0.011819209908253863
,-0.011847691917252108
,-0.012209289068869271
,-0.01145876088804551
,-0.01301343600613621
,-0.011204821483016138
,-0.012411053103906713
,-0.012739017757458252
,-0.01336036138395362
,-0.011938406674084592
,-0.011858859492173508
,-0.011181595792906644
,-0.011516070880113647
,-0.012819057896229419
,-0.01226573315002599
,-0.012444649072970581
