system:time_start,potential_evaporation
,-0.016020498783017496
,-0.013905086106391169
,-0.015598103434461897
,-0.013576943251162212
,-0.015744579232771706
,-0.015617367348625387
,-0.015372753081727296
,-0.01671748470761656
,-0.012768705335085213
,-0.01553966043496189
,-0.016541853080419472
,-0.014198870740650573
,-0.015399093270470529
,-0.015546905579463423
,-0.01576535766614379
,-0.012773869909913227
,-0.016863088606706347
,-0.015918940141721707
,-0.01688950734722737
,-0.014789827058911416
,-0.015553578743572265
,-0.016947825649880115
,-0.012048892657399151
,-0.013774218774010798
,-0.015797196355380592
,-0.016959477236644774
,-0.01788633621167226
,-0.015542402708115757
,-0.01442781591605209
,-0.017750519786956336
,-0.015089163836271225
,-0.0168289897811793
,-0.015345013702389467
,-0.015178776182964919
