system:time_start,potential_evaporation
,-0.019038117723824806
,-0.01517329469945752
,-0.018505378944431796
,-0.01648765868323572
,-0.01739768457157291
,-0.017641936756548352
,-0.01784364230914827
,-0.01895312079446454
,-0.015263674425345836
,-0.017712454997344335
,-0.017943715618457645
,-0.016140855730376574
,-0.018418023305261443
,-0.017484112863266822
,-0.016772760904631485
,-0.015926171535301913
,-0.017925960824690192
,-0.01842847093055253
,-0.019265634731923723
,-0.017667267267825085
,-0.01839860777459655
,-0.018792192863674798
,-0.014683857164830744
,-0.015903965218789312
,-0.017518836177152802
,-0.019859623037393925
,-0.02123908050199651
,-0.01998599741950873
,-0.016217487637642955
,-0.019243119163815315
,-0.01883757761214499
,-0.018708175754713296
,-0.016085576488466376
,-0.01804646094073998
