system:time_start,potential_evaporation
,-0.014415776657794291
,-0.014687450743319156
,-0.012407105711948438
,-0.013896067694683248
,-0.015603697688978476
,-0.014833880467146324
,-0.016943052542046644
,-0.015767755520452436
,-0.015077651158208027
,-0.014541076219757088
,-0.015972777391046595
,-0.016467094028485008
,-0.013867326124454848
,-0.016829531319672242
,-0.01535910030361265
,-0.015799188307331253
,-0.014064646568537379
,-0.014293231123398678
,-0.015193674281666366
,-0.015283619116720123
,-0.016022530568686005
,-0.017201664348249324
,-0.016612195763930988
,-0.015195945345719034
,-0.01516264321980998
,-0.01663786386779975
,-0.015469042758923024
,-0.015113578764915777
,-0.015740994616256405
,-0.014192056745135536
,-0.014252252027896853
,-0.015097580534832863
,-0.015417998147313483
,-0.016458252425460767
