system:time_start,potential_evaporation
,-0.004398664787812675
,-0.0037610059555542347
,-0.003994489402975887
,-0.0037383243664711094
,-0.0038855603514497896
,-0.003550610085949302
,-0.00472657019401797
,-0.0050994760832206035
,-0.004176906736554682
,-0.00450457437740018
,-0.004132804065658194
,-0.003975050539722563
,-0.0034026965967819305
,-0.003978217246023835
,-0.0035388448466417482
,-0.003600333847700515
,-0.0034976324810284294
,-0.0037225312543644876
,-0.00425496184357649
,-0.0042660900976948645
,-0.003838000826524674
,-0.004182468448804381
,-0.004105125920290852
,-0.004010384316400935
,-0.0045299428346980775
,-0.004420061403976028
,-0.004325839646884965
,-0.004173709294668192
,-0.0036485125886328105
,-0.004058948774925537
,-0.003935578555036853
,-0.005046607381276166
,-0.00344599197140067
,-0.003770780470868986
