system:time_start,potential_evaporation
,-0.00419396262845516
,-0.0034829688525254217
,-0.004026204564811282
,-0.0038124342980423802
,-0.0038961610690522413
,-0.0036394578272140486
,-0.0042534814329378105
,-0.00505533560957432
,-0.0043866934752225415
,-0.0047841236983744975
,-0.004232041216918905
,-0.003917559430098023
,-0.0033116886926883903
,-0.0035442235104036863
,-0.003417016011749015
,-0.0033683915546539036
,-0.0036142747335058327
,-0.0036109269661850434
,-0.0037197888544782207
,-0.003683246038390617
,-0.0037954983545609544
,-0.0038269970479800747
,-0.003928088497465339
,-0.003575539819279651
,-0.00415010193429663
,-0.004453007387228017
,-0.004058708700446274
,-0.004110744298722475
,-0.0033513447394836002
,-0.003709128361380728
,-0.0035214835391444567
,-0.004701129751359717
,-0.003117798205359442
,-0.00354772390505618
