system:time_start,potential_evaporation
,-0.01330877172675869
,-0.0142473032771214
,-0.012805324109904027
,-0.015184166221225483
,-0.014376375405441247
,-0.014626889676250875
,-0.014731131649505224
,-0.016357291784351153
,-0.014344184870274506
,-0.015210459897318118
,-0.012650341182909315
,-0.01396310642231572
,-0.01501629689091303
,-0.013250920031621665
,-0.014855259054456837
,-0.01569116591423685
,-0.013476516417222415
,-0.01580657668136503
,-0.016334648448887663
,-0.017364900500560082
,-0.01383531702454336
,-0.014584074518415762
,-0.013874020878275389
,-0.013745170960815073
,-0.016818031594765647
,-0.016840862322547435
,-0.012900449440492616
,-0.01753170185539404
,-0.016672516284786443
,-0.01700681576374995
,-0.02192090469850381
,-0.01668440107810225
,-0.016925030731914162
,-0.015050422671752115
