system:time_start,potential_evaporation
,-0.01454954796021671
,-0.014337454312125273
,-0.014088797934597268
,-0.015297333458124378
,-0.01568456718444987
,-0.014790101598283933
,-0.015012168980089002
,-0.015725853028088176
,-0.014474399496398362
,-0.015911279683807934
,-0.012876990915549594
,-0.01409379083911301
,-0.015476788508489596
,-0.013546125937113723
,-0.015588758476951627
,-0.014827501940580698
,-0.01479201400463122
,-0.017454245734413797
,-0.018400685555077092
,-0.01807895351024825
,-0.014407656585616579
,-0.014564555004148536
,-0.015115790762051587
,-0.014780728362633713
,-0.018590850666412966
,-0.01835786180833118
,-0.016023247047477138
,-0.017508120906039416
,-0.01628701222920975
,-0.018936553402454592
,-0.020787823598578736
,-0.017034474848529386
,-0.015621170051980743
,-0.015518871965699843
