system:time_start,potential_evaporation
,-0.012793465520695055
,-0.012487711148890248
,-0.012089695571337203
,-0.012382663138229178
,-0.013513994516613774
,-0.013636418775907563
,-0.014783861584905196
,-0.01450794366352274
,-0.01278152826884423
,-0.013318992036349502
,-0.0138444097084043
,-0.01403206575737269
,-0.011202900552436607
,-0.015211678768195206
,-0.01288047179615306
,-0.01351419093208457
,-0.01195864055265173
,-0.01346499286766132
,-0.013760727117125154
,-0.014012887890281009
,-0.014681747322441895
,-0.01393703542059958
,-0.015564339932113482
,-0.013116111777649207
,-0.014506952636367757
,-0.01508695842830303
,-0.015748377593257066
,-0.013974986466331383
,-0.014721975556965798
,-0.012988409583788151
,-0.013570052041506997
,-0.014226462914218875
,-0.01423697633050386
,-0.014952737259871073
