system:time_start,potential_evaporation
,-0.014991333185439455
,-0.015719269177198465
,-0.014749924449122273
,-0.016520084716795086
,-0.016180809386366724
,-0.01586411647953997
,-0.016139912674963636
,-0.0176211880835563
,-0.016000033004720714
,-0.016693520184215983
,-0.013673948198237328
,-0.015564795038503066
,-0.01684908217986744
,-0.014878394028546252
,-0.016939299023885957
,-0.01694552846653524
,-0.015518701950592611
,-0.018046610649702522
,-0.018705804103827925
,-0.019541547169187563
,-0.015480440843270578
,-0.01598279661094934
,-0.0151592756324224
,-0.015537579624922764
,-0.01896149198828247
,-0.01786253668850644
,-0.014545223544415672
,-0.018975345228396938
,-0.017675904923474744
,-0.019321409566556192
,-0.023901604284308667
,-0.017953644543441068
,-0.01800163329879105
,-0.015959896804369968
