system:time_start,potential_evaporation
,-0.017892260102092702
,-0.016741835859542604
,-0.014210989185281485
,-0.017001902638588515
,-0.01863295856773303
,-0.017572418917031426
,-0.019648868465278496
,-0.018227832164479416
,-0.017011093179502567
,-0.01711490208143721
,-0.018113155008834713
,-0.018373521081771323
,-0.01638406496628902
,-0.018236276541187774
,-0.017110268943008232
,-0.01818647467139685
,-0.016898617092436615
,-0.015624805241576254
,-0.018038873091577708
,-0.0174200583508539
,-0.01795051453137846
,-0.019534793014772178
,-0.01759738533556546
,-0.01808945817591304
,-0.016426071713754868
,-0.018213214419633677
,-0.017524149538817643
,-0.018454909345531803
,-0.01790316289952397
,-0.01579266612489513
,-0.016017261808252248
,-0.017318433903460134
,-0.01865012991024353
,-0.019167383830319608
