system:time_start,potential_evaporation
,-0.020365283281231918
,-0.01623888588801492
,-0.01912628665666442
,-0.01693035557661623
,-0.019664231388537116
,-0.018603676768133227
,-0.018651991394924548
,-0.019667380505826514
,-0.01574154800992125
,-0.018773048832931984
,-0.019119834775502127
,-0.017148590397062853
,-0.019383285666639823
,-0.01890256833911945
,-0.018383597633473046
,-0.016497690602241512
,-0.0187422203770182
,-0.01971240576882011
,-0.02036690422168109
,-0.01727767007161254
,-0.01879826668673792
,-0.020096869774697084
,-0.01458213984658822
,-0.01649733413404857
,-0.018667108949440982
,-0.020478780442201056
,-0.022824139833504047
,-0.021692293798342015
,-0.017724853691806156
,-0.020872390252173856
,-0.01990493791116676
,-0.01980956720721084
,-0.017039115879854835
,-0.018409593756913614
