system:time_start,potential_evaporation
,-0.004902053245832681
,-0.0034327824005754076
,-0.004123357401656632
,-0.004368505975727966
,-0.004208778637332906
,-0.003925287956614435
,-0.004694211596389563
,-0.005456807042405827
,-0.004529212601942842
,-0.005093911985307062
,-0.004418615841801176
,-0.004341834061678723
,-0.0036708453222547236
,-0.004099151545358773
,-0.0040500044124619095
,-0.003971698659642107
,-0.0041972388272192435
,-0.003996856181506648
,-0.004296774026024859
,-0.004535349181141696
,-0.00450096675345337
,-0.004721705838792017
,-0.004724173730293799
,-0.004520358341554013
,-0.004844300352048996
,-0.005115348024540661
,-0.005033250662866825
,-0.004626172203246113
,-0.0038343168788920047
,-0.004051951637900375
,-0.003951632818167001
,-0.005370802074672798
,-0.004011772647259179
,-0.003956387982087881
