system:time_start,potential_evaporation
,-0.011912139001946457
,-0.010710961417609981
,-0.010643675411886513
,-0.010931279616250098
,-0.011869583290284045
,-0.011909056008236205
,-0.01336725823534374
,-0.01311959489307651
,-0.011463383379376031
,-0.011978710655223332
,-0.012603057240508798
,-0.012349725906624809
,-0.010031363984419188
,-0.013462879226764264
,-0.011192264949354474
,-0.012490413283238242
,-0.010476672659401052
,-0.012167339830349101
,-0.012452993351280299
,-0.012779094710358431
,-0.013373615641042275
,-0.012477465696805662
,-0.014202084249577142
,-0.011849178209513664
,-0.013470307687270878
,-0.013686493449747088
,-0.014413315999571623
,-0.012612108537247858
,-0.01306442912882597
,-0.011818361586100433
,-0.012234653706206128
,-0.013339693551125437
,-0.013270372392014345
,-0.013499578292940188
