system:time_start,potential_evaporation
,-0.007433362078727818
,-0.006572719735901511
,-0.006495663728469283
,-0.006842564152956244
,-0.006949702221823385
,-0.006619228512189709
,-0.006592735976759459
,-0.006890276285703699
,-0.00684124517155025
,-0.007260125559242824
,-0.006848241073429018
,-0.006640556380548862
,-0.006874345772752616
,-0.006312992463110932
,-0.006394459967092245
,-0.006985065812603137
,-0.006772247476959265
,-0.006873757806279162
,-0.0069081854423188455
,-0.007402579832841711
,-0.006932787536585055
,-0.006564997468908531
,-0.0064702286219960456
,-0.007073323875097983
,-0.006826424297761254
,-0.007350977925614212
,-0.007573427280494006
,-0.007369917285408964
,-0.007205685539204676
,-0.007454171988421575
,-0.007279906318982326
,-0.007285183399271538
,-0.00716895735378772
,-0.006882529824613136
