system:time_start,potential_evaporation
,-0.014854238636135485
,-0.013701698502353837
,-0.014541303585030533
,-0.01207095476647304
,-0.014622391901087084
,-0.013070676369828844
,-0.014461057509400972
,-0.015935508340113477
,-0.01313036925204783
,-0.013675319656959756
,-0.017284952868327052
,-0.012736669416491557
,-0.015128444891594147
,-0.013291385079962007
,-0.014478004521065272
,-0.012430485519871583
,-0.014372209508586647
,-0.014484174658112655
,-0.01667523702893786
,-0.012619243458868284
,-0.015230402708593396
,-0.014833064676817491
,-0.0113470734704606
,-0.012490381697023711
,-0.01570374930036321
,-0.015010923006099932
,-0.01658379919310738
,-0.015787700042502757
,-0.014137968940693621
,-0.01644587884480383
,-0.012865881323488707
,-0.016023935494775376
,-0.015872808843986216
,-0.014844634983438439
