system:time_start,potential_evaporation
,-0.004488261152907986
,-0.004019085318820241
,-0.0038984978318159632
,-0.0038120384604839025
,-0.004058712737705541
,-0.004470634260374651
,-0.004632501180486881
,-0.0046644963116919185
,-0.00440575267820546
,-0.004687338759871565
,-0.00432670011696424
,-0.004773088981849415
,-0.003905251623740803
,-0.004622989383243097
,-0.00426847406185926
,-0.004355565974529942
,-0.004457081475708287
,-0.0036814346699518895
,-0.004242422280595729
,-0.004518939141074524
,-0.004468699467685713
,-0.00441047038897808
,-0.004574274198111038
,-0.004306488026928741
,-0.004285710730690364
,-0.004440475688384408
,-0.0047661528587067395
,-0.0044310642351560745
,-0.004366907296364433
,-0.004183920194262493
,-0.004016334866002367
,-0.004956281170655297
,-0.004586961823823752
,-0.004997938494175198
