system:time_start,potential_evaporation
,-0.010856625939292522
,-0.011135121351496005
,-0.011701736749576716
,-0.010399774114678925
,-0.012083997266017832
,-0.010997518227668479
,-0.011097423412138596
,-0.013652859333281716
,-0.010347096826687144
,-0.011249634490620034
,-0.013569484329006324
,-0.010338145303345906
,-0.011913338904075014
,-0.011489316714384282
,-0.010761708642045656
,-0.010140874820838993
,-0.011145132991562908
,-0.011524180566387562
,-0.013232489805280542
,-0.010965023985287795
,-0.011970007180934772
,-0.012566211725546358
,-0.010320706438506022
,-0.010246150622454783
,-0.011655473751792064
,-0.011537446849009333
,-0.01300179198733531
,-0.01236423518275842
,-0.01124829767892758
,-0.012110084237065166
,-0.01110089929231132
,-0.013852082314163757
,-0.011352148202907605
,-0.01086431636455624
