system:time_start,potential_evaporation
,-0.017392042431564798
,-0.014152664860305305
,-0.015503283807736652
,-0.016030555015735328
,-0.014683816869336614
,-0.016355227201903154
,-0.016989889757672974
,-0.015857914792754606
,-0.01430309914790686
,-0.01802222148359387
,-0.014201100512108558
,-0.014760718217851456
,-0.01652016094818083
,-0.013431398593053555
,-0.016464252401095485
,-0.014968276254834097
,-0.014175375678105904
,-0.016116362352336145
,-0.016219497046737058
,-0.018210607681519535
,-0.015049302590933771
,-0.014603651140553899
,-0.01355106141611116
,-0.015513112795604175
,-0.015316218246260022
,-0.019264454304289372
,-0.01970180901556633
,-0.01662004808235377
,-0.014759263367339782
,-0.01827170733642645
,-0.019216272850304774
,-0.017050387331486734
,-0.014519597764626458
,-0.015917791949046772
