system:time_start,potential_evaporation
,-0.005551916887967462
,-0.0050158568471728076
,-0.005957673157901799
,-0.005672121792771061
,-0.005623304135680422
,-0.005380936044144365
,-0.006175320679701248
,-0.00766567000851385
,-0.005666545449769987
,-0.005737544046378977
,-0.005846715832041664
,-0.005541115879838179
,-0.004829120656387968
,-0.005949198005912681
,-0.005596861209148722
,-0.005536203915893275
,-0.005397941084825944
,-0.005344318134107266
,-0.006404237534786547
,-0.005992541566030099
,-0.005736621784869308
,-0.005883173090020607
,-0.006024201157322126
,-0.0057359654971847855
,-0.0067415449112961864
,-0.006857164369766318
,-0.0067931638676696346
,-0.005469189503358154
,-0.005387934624878874
,-0.00554657105526734
,-0.0059897140976254695
,-0.007522284772029305
,-0.006057575564766047
,-0.005724762036075319
