system:time_start,potential_evaporation
,-0.008696913724027885
,-0.00799190999835749
,-0.007151022857215138
,-0.006828943771931033
,-0.007830514009886732
,-0.008089445029327182
,-0.007788392387737987
,-0.008281939453202844
,-0.008742943009565352
,-0.008299435724135645
,-0.008407445161841071
,-0.007636183987415278
,-0.007966522372953477
,-0.00896527235454414
,-0.008488653426563056
,-0.00909342215284899
,-0.00806613574847385
,-0.008458658572635613
,-0.008832338843300628
,-0.009767076114561254
,-0.009446684594877297
,-0.010731139000199617
,-0.009647901782955158
,-0.00862605256406823
,-0.00922744907802553
,-0.009678440013279518
,-0.00929220449809994
,-0.00955658539593666
,-0.008717820618282227
,-0.009648508946459817
,-0.009715331255695977
,-0.011239963054322288
,-0.009333158007696815
,-0.009116003216452858
