system:time_start,potential_evaporation
,-0.011479440204682423
,-0.01167594839792936
,-0.011233396432778335
,-0.010881666682898012
,-0.011859714065034275
,-0.011437510300354675
,-0.011897214902926325
,-0.011569221387775334
,-0.011112101879707171
,-0.011321739555852629
,-0.013042188613526426
,-0.011649079602349724
,-0.011924202754684976
,-0.011626340768297752
,-0.012372698688197157
,-0.010676954835589938
,-0.011466114340782756
,-0.011678284128903468
,-0.012949062111340334
,-0.011292914289273715
,-0.012978123295242814
,-0.012206033859007506
,-0.011021123749913913
,-0.01162594766025298
,-0.010966664141848447
,-0.011169187750869999
,-0.01188925111817459
,-0.01075086162209947
,-0.01084756101684103
,-0.012478658959556355
,-0.011232192153390169
,-0.012226859952890318
,-0.011217016933735623
,-0.01096260211046467
