system:time_start,potential_evaporation
,-0.00470091095899768
,-0.004118837281059699
,-0.003920771631810842
,-0.004389144060868684
,-0.004538647384051178
,-0.004787062813799518
,-0.004482461382532633
,-0.004592967031445975
,-0.004792800293371053
,-0.004758876094340601
,-0.004464279130281118
,-0.004520906898842165
,-0.004516664544335623
,-0.00467022213825575
,-0.004340226070383903
,-0.004796562874583866
,-0.004797573989807543
,-0.003781871097585694
,-0.004751373293975397
,-0.0047762169835164755
,-0.004570339680261289
,-0.0049378458815309305
,-0.004833068472957662
,-0.004633561115902425
,-0.004517686999734548
,-0.004652892070589587
,-0.004965933741980486
,-0.004687684875821243
,-0.004695324235151269
,-0.0043939774025189265
,-0.004664974211923299
,-0.00507521347008702
,-0.0049209483748365365
,-0.005060153484263344
