system:time_start,potential_evaporation
,-0.0149657566160367
,-0.01383280068428597
,-0.01484711652380757
,-0.013807330531387232
,-0.01575756555689952
,-0.013453123389818257
,-0.014232437214829769
,-0.014598407749443779
,-0.014068507191182675
,-0.014228412190619204
,-0.016561861767702375
,-0.01496118762589311
,-0.015565223839500297
,-0.015157740972281083
,-0.015606041241624392
,-0.013561375699234523
,-0.015347415398470819
,-0.014699204487006883
,-0.017123706280129724
,-0.014169522398079004
,-0.015933989747470522
,-0.015688360860471685
,-0.012305401469032305
,-0.014136816484711106
,-0.013056119461808745
,-0.013707669351316424
,-0.015467460751182941
,-0.014678535756501214
,-0.01296358881737189
,-0.017358145054473438
,-0.013261199226193577
,-0.015630158778953965
,-0.01458370645429179
,-0.014455811443801573
