system:time_start,potential_evaporation
,-0.010220642937847479
,-0.011521033362647275
,-0.01027289942624242
,-0.01044505010993163
,-0.011650635667562874
,-0.011025526198149269
,-0.012559440718118467
,-0.011131289556056469
,-0.01076339931627307
,-0.01063800501953648
,-0.010832005344773458
,-0.013027659761118582
,-0.010869180264813143
,-0.010885340175970619
,-0.011805952829290678
,-0.011083795346579934
,-0.010274768537306222
,-0.011261806193990717
,-0.010527803549463763
,-0.010401767588954502
,-0.010299060925462108
,-0.011284030283125473
,-0.011851012682905664
,-0.010981394387722417
,-0.010722062233035524
,-0.012180404422566717
,-0.009539053275683487
,-0.010012537681330503
,-0.011701493894532991
,-0.010714913305392884
,-0.009651514889754896
,-0.010649449666200484
,-0.009838298601887145
,-0.012274237924891948
