system:time_start,potential_evaporation
,-0.009130240662851879
,-0.007996876568520024
,-0.008858845199159698
,-0.008341338301346785
,-0.009170145185959615
,-0.008619584173889012
,-0.008666332929128221
,-0.008810330408889002
,-0.007715362227409191
,-0.008809264868098061
,-0.008880438554135665
,-0.008127134929471409
,-0.008723501868964553
,-0.008972999428754022
,-0.008986902386066685
,-0.007962100465257289
,-0.009123885790380428
,-0.008645298995154566
,-0.00907614091071455
,-0.008420366216996187
,-0.008604411884314258
,-0.009068976131300026
,-0.007469693904884976
,-0.008115167548281831
,-0.00812396853434306
,-0.009116421659402544
,-0.00936517831279546
,-0.009154108191308507
,-0.00814770763029526
,-0.009593854043480688
,-0.008973893910623964
,-0.008818869882940315
,-0.008407315635238588
,-0.008575956523701227
