system:time_start,potential_evaporation
,-0.011536809911324863
,-0.011197281510751824
,-0.010274216799847254
,-0.011187225047118462
,-0.012603978709837354
,-0.012443314092654955
,-0.0138631126564422
,-0.01245036472119694
,-0.012026307879491877
,-0.011952521427221242
,-0.012254849378430337
,-0.013739048017447292
,-0.011402911745102669
,-0.012839675574550194
,-0.011712103893642498
,-0.012031089257765032
,-0.010745736542943397
,-0.011854063331578268
,-0.01112361134685826
,-0.011656265021647266
,-0.011764242142610199
,-0.012531725502486825
,-0.013437225914591493
,-0.012022440718785991
,-0.012669073157504627
,-0.013219419212319047
,-0.0122983767428602
,-0.011834412072222052
,-0.012847032661339632
,-0.011090680027884107
,-0.01116526932907537
,-0.01210849105304285
,-0.011682450893544215
,-0.012773634016426751
