system:time_start,potential_evaporation
,-0.01325263130517366
,-0.014198189596451508
,-0.012740440487201946
,-0.01513959190439588
,-0.014316168579777392
,-0.01458560831088107
,-0.014684126198214168
,-0.016315120563376695
,-0.014288935766671784
,-0.015160976040836735
,-0.012616187465027906
,-0.01390966440764411
,-0.01495514409422564
,-0.013196617660772366
,-0.014785722882758515
,-0.015649312796692055
,-0.013408376762527041
,-0.015731835606857203
,-0.016255532362265512
,-0.01729227440955583
,-0.01378042574894304
,-0.014537404693934755
,-0.013831137010129169
,-0.013685365372415012
,-0.01674651279851484
,-0.01680677308953212
,-0.01284556983349224
,-0.017483533185441047
,-0.0166390371741727
,-0.016929586922439437
,-0.021854816586710513
,-0.016642051443341188
,-0.016889108762067433
,-0.015020077116787434
