system:time_start,potential_evaporation
,-0.012645881567104703
,-0.009765896366112501
,-0.011145177412568135
,-0.011311447924098878
,-0.01171760975900243
,-0.011800187702379738
,-0.010780483207496468
,-0.011676830967475075
,-0.010546829655604417
,-0.012383320646739436
,-0.010251509040815518
,-0.009784427457762992
,-0.01166271562653813
,-0.010661575941519591
,-0.01056654187028899
,-0.011203479285148775
,-0.010451555084300172
,-0.010938161136936306
,-0.011256363696256634
,-0.011774261241240026
,-0.011786701327176108
,-0.010736653604944163
,-0.009540864724697838
,-0.011053449323049327
,-0.011062908138710019
,-0.01287886320485496
,-0.012812554201695558
,-0.012141822319416165
,-0.011153130386339721
,-0.012176491592910286
,-0.013276067956444332
,-0.011867083038155483
,-0.010132261826405666
,-0.011303733732418943
