system:time_start,potential_evaporation
,-0.015133479697396979
,-0.012610558071173728
,-0.014358487255544878
,-0.013937775265624034
,-0.014116652082199888
,-0.014544900978958763
,-0.014324109193836978
,-0.015572978639016475
,-0.01312578748911619
,-0.015344239611580383
,-0.01293699596591942
,-0.01348957137573355
,-0.015185122400426361
,-0.013763112881147831
,-0.014318507111074368
,-0.01391563405266817
,-0.014737488542153844
,-0.01569394968928285
,-0.01577101465270115
,-0.015388874734829487
,-0.015421678371757142
,-0.014554203942466036
,-0.013156059193230854
,-0.013904164965246237
,-0.014503020633413802
,-0.01602625044424534
,-0.017971960170874737
,-0.01728972632925291
,-0.014091027800139842
,-0.01594787109392129
,-0.0164691658308798
,-0.014833757959137323
,-0.01368764553540934
,-0.014890971777597718
