system:time_start,potential_evaporation
,-0.006423513962848422
,-0.006253485257426898
,-0.006135364955601593
,-0.006391301853000186
,-0.006091771395100902
,-0.006034416510374285
,-0.005707166720336924
,-0.006307422639414047
,-0.006209001813355523
,-0.006707593507599086
,-0.006391483451200959
,-0.0058984011702705175
,-0.006414059190622841
,-0.006652553876241048
,-0.006228828938522686
,-0.006933145389969771
,-0.005927490618584367
,-0.006975159005378373
,-0.0068028499323797105
,-0.0069556466381375985
,-0.006590696953935549
,-0.006486590641240279
,-0.0067760733848748105
,-0.006092725845519453
,-0.0066018495708703995
,-0.00744325546353745
,-0.006058016937458888
,-0.007414407455750431
,-0.006840534110475953
,-0.00693414788111113
,-0.00835036586310404
,-0.0075617888699828955
,-0.0071617165037120385
,-0.007320229827503984
