system:time_start,potential_evaporation
,-0.013685522392430963
,-0.011793351756447615
,-0.011370634664975418
,-0.011191860549539948
,-0.011783993589536598
,-0.011988127929119704
,-0.011873296219467496
,-0.012044482990556086
,-0.013443227968915986
,-0.013311148504726589
,-0.012465721689901935
,-0.011929065066700181
,-0.012555158444835493
,-0.01301441595326954
,-0.013483836252513962
,-0.01462631740529711
,-0.01212146419372099
,-0.014145413015891487
,-0.013995506136173693
,-0.01473481985158287
,-0.014291649000369944
,-0.016136985213961452
,-0.01504574179610548
,-0.01378116124154379
,-0.014197754887087891
,-0.014943916505823532
,-0.013564621078937003
,-0.013809156715675877
,-0.01405699411407113
,-0.014724630590838691
,-0.016159533615185257
,-0.01649985493956289
,-0.01477630002288303
,-0.015032126573108448
