system:time_start,potential_evaporation
,-0.013264262008912432
,-0.012836068191973025
,-0.013776464754528208
,-0.011698163071741874
,-0.013772335087802881
,-0.012311362239870505
,-0.01338718774809422
,-0.015194211117432133
,-0.012347416606113862
,-0.013144505155272176
,-0.015819091196893474
,-0.011441249584701533
,-0.013689634480139526
,-0.01286376201286051
,-0.013562789694939664
,-0.011968890570263587
,-0.012991746570378382
,-0.013796583889719233
,-0.01534783476965155
,-0.011929433226214313
,-0.014479176682471007
,-0.013875339647938745
,-0.011176710549307245
,-0.011612841061833024
,-0.013875593449029111
,-0.01360391044424129
,-0.015133266817883854
,-0.013755134556580137
,-0.012841537766083396
,-0.014803272133273518
,-0.012272322158196404
,-0.014757180178548879
,-0.013964823678785857
,-0.013203593032282392
