system:time_start,potential_evaporation
,-0.017013740294541026
,-0.014902932782298511
,-0.016485648131248785
,-0.014726379436657
,-0.01738667463299768
,-0.016392371297672043
,-0.0163555017041907
,-0.017336677836800454
,-0.013909805896998207
,-0.01641724383175074
,-0.017092532729261103
,-0.014965274527839979
,-0.01702139203804172
,-0.016671334079727138
,-0.016917170454841732
,-0.014217729524932946
,-0.017176900569206354
,-0.017375716865077547
,-0.0182043775601673
,-0.0155470531432099
,-0.016321747531423028
,-0.017563915544338365
,-0.013002820671810942
,-0.014829307994326099
,-0.01580087502979069
,-0.01770975803119107
,-0.018816224104872267
,-0.017650255066058777
,-0.015765205391037367
,-0.01883230448694396
,-0.01635319739615131
,-0.017659124071524486
,-0.015152942805518658
,-0.016336058488948087
