system:time_start,potential_evaporation
,-0.009205702243990446
,-0.008838786222002926
,-0.009136941296067866
,-0.009688033638263328
,-0.009241183484981002
,-0.008984544323741121
,-0.010841597922451372
,-0.01119715746015707
,-0.010010363893579104
,-0.009952152270906716
,-0.009205964379092352
,-0.008874904359766298
,-0.008628357181334177
,-0.009415494042413129
,-0.00916025214866278
,-0.008873275332276805
,-0.008968946430454877
,-0.01064918275665992
,-0.010446852959931776
,-0.009681693684763527
,-0.009699443311142709
,-0.009686939388134138
,-0.010197749877854085
,-0.009854369672043334
,-0.009630295318924323
,-0.011163387612786783
,-0.01128350354755875
,-0.00978495687700666
,-0.009608473477311674
,-0.010641801532916292
,-0.009856582333196895
,-0.011059946206471606
,-0.008905315046932729
,-0.00828025766424145
