system:time_start,potential_evaporation
,-0.011212352650003147
,-0.011880291901577852
,-0.011335437419403573
,-0.010972096977639012
,-0.01194027483385677
,-0.010977266515143575
,-0.011114216425707318
,-0.011519798001309188
,-0.010631687110729041
,-0.010932864774714975
,-0.01263875785189795
,-0.011356879217170277
,-0.010897853770426048
,-0.010866244862227814
,-0.01222077994290821
,-0.010435015034122523
,-0.011023403472408017
,-0.011663945455087772
,-0.013171336696311636
,-0.01003091612508063
,-0.01252799365708294
,-0.01137634665167098
,-0.01068528284285046
,-0.01101716897213472
,-0.010686490584671367
,-0.01039513998017483
,-0.011145999746523765
,-0.01066403133077792
,-0.010503741283492561
,-0.011444207650033364
,-0.010871775587969625
,-0.01268954368501191
,-0.011012042164414499
,-0.01129692892151836
