system:time_start,potential_evaporation
,-0.005433619186014607
,-0.0040739145200891546
,-0.0047887401055879564
,-0.005046864754771569
,-0.0051636029511747325
,-0.00443234449081948
,-0.00521134099184756
,-0.006170024873490707
,-0.005154911391416629
,-0.005517908058480539
,-0.005059775368672011
,-0.005082655460379707
,-0.004167579068483688
,-0.005070225280002904
,-0.004974597081104947
,-0.004729990829282701
,-0.004833718433234792
,-0.004725537993516283
,-0.005154363831439824
,-0.0054165805088000766
,-0.005426806058701977
,-0.0058790155422971824
,-0.005590748549908759
,-0.005639853689660268
,-0.005924789477017169
,-0.00598973582453797
,-0.005925203499429156
,-0.0051306755082342744
,-0.004734309777727742
,-0.004828805520031764
,-0.004965169078531561
,-0.0066938073583163735
,-0.004993775071884637
,-0.004922033092027465
