system:time_start,potential_evaporation
,-0.014573823751804108
,-0.013375098178706444
,-0.014462617634368749
,-0.012044610099595352
,-0.014541722153080628
,-0.01301993144734297
,-0.01443121959164273
,-0.015965093106691107
,-0.013018701326412462
,-0.013622813384669523
,-0.01721063168370165
,-0.012439005770526517
,-0.014981192166063317
,-0.013279921976694217
,-0.014144591270208671
,-0.01235536171977098
,-0.014233952779128837
,-0.014559082222209934
,-0.01645818961648426
,-0.012543786697400115
,-0.015111617981650248
,-0.01467386608128436
,-0.01129747889644932
,-0.012327539635589347
,-0.0154627950648622
,-0.014822292124154049
,-0.016539547747621938
,-0.015444640602800066
,-0.013843146313835559
,-0.01622947478705707
,-0.012783996208842534
,-0.015675723448900197
,-0.015719483285405053
,-0.014498467645413864
