system:time_start,potential_evaporation
,-0.005087170805415587
,-0.004881825002720925
,-0.004886580380520577
,-0.004850292046925191
,-0.005014851799286488
,-0.005161038975024389
,-0.00547625097829883
,-0.005449748949979916
,-0.00508705661599783
,-0.005569893449083558
,-0.005339100265431357
,-0.005579021273728426
,-0.004728101362060342
,-0.005706065074062078
,-0.005035130284442049
,-0.00535739056714293
,-0.005083715846585283
,-0.005174606479596588
,-0.005596629453335751
,-0.00531070222765535
,-0.005444512896011239
,-0.0054974141611536555
,-0.005731709259432844
,-0.005374549496789566
,-0.005663744875669687
,-0.005861475923598779
,-0.005788391961552272
,-0.005491173343250046
,-0.0055629305565229594
,-0.005293615827449012
,-0.005358737064482369
,-0.005700924157820367
,-0.005595467291035069
,-0.005870740710330817
