system:time_start,potential_evaporation
,-0.011915681568401245
,-0.012553832668345422
,-0.01254805345282269
,-0.011461242072982714
,-0.012625000774278305
,-0.012104937239200808
,-0.012740947296454882
,-0.01447464109029776
,-0.011016474910623705
,-0.012868935581839954
,-0.01341580844988736
,-0.01128818015664971
,-0.012759406313610574
,-0.012548724577451745
,-0.012470275430435626
,-0.011399000301025808
,-0.01305357449746225
,-0.012413775708409958
,-0.014711189214722253
,-0.012087303383547502
,-0.013034387025982141
,-0.013175131234068735
,-0.010654257212687904
,-0.01168013236989888
,-0.013212363313262662
,-0.013178029543875406
,-0.013894410454668105
,-0.012934377135631317
,-0.012119573298453664
,-0.013483430006696532
,-0.012710343590394283
,-0.01409674939350225
,-0.012428125182244306
,-0.012839193955490677
