system:time_start,potential_evaporation
,-0.004553299136213363
,-0.003762929200961439
,-0.004495535234250507
,-0.004394016366662785
,-0.004599172985107797
,-0.004085357704195655
,-0.00486526109694046
,-0.0058264543020757975
,-0.0046116400533408215
,-0.004481148307588211
,-0.004589748472213401
,-0.00425646463259614
,-0.0036727221146999932
,-0.004678875617452201
,-0.004345668240807958
,-0.004278900097454646
,-0.0041527481464383835
,-0.004144479210178058
,-0.0048714102331605565
,-0.004900669003364857
,-0.0042655739924337644
,-0.004637724601822016
,-0.004645801276736263
,-0.004442581400088547
,-0.005052164669708675
,-0.005182521716247917
,-0.004800138764056118
,-0.004206581677043776
,-0.00414043840472922
,-0.004259816122604198
,-0.004673594635515893
,-0.005777947760663239
,-0.004564030421976428
,-0.004236962569946726
