system:time_start,potential_evaporation
,-0.019769797015187305
,-0.01628918275949245
,-0.017062798335466527
,-0.017740499139053456
,-0.016380533008376722
,-0.017275434471781467
,-0.01853424441827828
,-0.016970648504590798
,-0.01599892351926731
,-0.02008357491495465
,-0.015761136591512088
,-0.016849168176783925
,-0.016891975950508797
,-0.014737681543699708
,-0.018225200200531894
,-0.016893257085250683
,-0.015420152797808194
,-0.01796709515176851
,-0.01875015638363424
,-0.0204139522400951
,-0.01628797195470807
,-0.016455259074339694
,-0.01515906854293655
,-0.017196746924927345
,-0.017731792477592753
,-0.021949156344018058
,-0.021090804269823075
,-0.018551905471350903
,-0.01667318948338189
,-0.01980302349913858
,-0.02094696958837713
,-0.018680015427945004
,-0.01672055682689516
,-0.017583611726767038
