system:time_start,potential_evaporation
,-0.011846500647758754
,-0.010493217837624708
,-0.010696485154125291
,-0.011288641634404056
,-0.011721718571874698
,-0.011691535740586309
,-0.012874003882661425
,-0.013328143810641074
,-0.010826814055440526
,-0.01162584695945649
,-0.01205632446491269
,-0.01187533258652205
,-0.009641169641433996
,-0.012961043596470857
,-0.01064458926032553
,-0.012027374508690236
,-0.010460535136813883
,-0.01197379434198214
,-0.011847790296123291
,-0.01247626877368163
,-0.012962909169979029
,-0.011400843751342857
,-0.013409042578560354
,-0.011403465755375139
,-0.012430851879032036
,-0.013336228275518664
,-0.013812722422538653
,-0.012295465365990394
,-0.012403005793435024
,-0.011508730159702656
,-0.011992372340447378
,-0.012962033183202054
,-0.012594772842039317
,-0.012313720221202088
