system:time_start,potential_evaporation
,-0.004825695034208152
,-0.0034425354072269284
,-0.00420884836614974
,-0.0044155222967932495
,-0.004145991577104671
,-0.003942246012887521
,-0.004701628223914448
,-0.005407440505636169
,-0.0044605731286053996
,-0.00499316917599017
,-0.004351041771814967
,-0.00427904464017537
,-0.0036544828661857825
,-0.0041453262127635355
,-0.003934818503371743
,-0.003983597395816117
,-0.004250568824866456
,-0.004005883254997551
,-0.004267810836763794
,-0.004375451158237617
,-0.0043296556676662
,-0.004437804660625286
,-0.004603075875065963
,-0.004312086008664167
,-0.004611748971865703
,-0.005013658528270675
,-0.0049532983781925095
,-0.004647967957764375
,-0.004006428698966187
,-0.003974620583723133
,-0.0038370747325185634
,-0.005251304327088395
,-0.0039023078204230037
,-0.003975401494089772
