system:time_start,potential_evaporation
,-0.018363049583664786
,-0.01475144092789075
,-0.018061019499630977
,-0.016036881376445915
,-0.016710651267203502
,-0.017068365540277835
,-0.017273849075233254
,-0.018353578100989882
,-0.014899543685411723
,-0.017353313572433155
,-0.017480052396422252
,-0.015561188532349965
,-0.01780655509598243
,-0.016933514814202983
,-0.01629036169712587
,-0.015583956769357124
,-0.017484391113005888
,-0.0179097604608008
,-0.018872403787099756
,-0.01735230970371049
,-0.01793635565263685
,-0.01819029905406448
,-0.01455478046167021
,-0.015504866916065415
,-0.016845116013428196
,-0.019387384459453944
,-0.020528913902429242
,-0.01940558695544799
,-0.01573536097809362
,-0.018710142001509666
,-0.018191642860377517
,-0.01808141347525331
,-0.015522899799786197
,-0.017750344903712783
