system:time_start,potential_evaporation
,-0.01663237383636799
,-0.016884887094843506
,-0.014654043102604004
,-0.016962541534918104
,-0.017616478149661254
,-0.016943393802129697
,-0.01979943222550467
,-0.018105228261842937
,-0.016982800884348833
,-0.016664939731259033
,-0.018047120258367074
,-0.017999983167535406
,-0.016219023777398582
,-0.017813050435883916
,-0.016752648970589454
,-0.01778422524264903
,-0.01625379020438231
,-0.01628736658494596
,-0.017759254816440626
,-0.017176425399309938
,-0.01757379739290069
,-0.019939996190459126
,-0.017929502718276674
,-0.0175105940778516
,-0.016442499767455564
,-0.019162066840416766
,-0.01681703496617249
,-0.01816115115705846
,-0.01755306445559601
,-0.016222582140198345
,-0.0163626850187784
,-0.016726605420538013
,-0.017657502429534556
,-0.018862905492584355
