system:time_start,potential_evaporation
,-0.014201484913848195
,-0.01361932178014495
,-0.014449345317702048
,-0.013341676729256643
,-0.015001409595685961
,-0.012963998378463421
,-0.01363842738889313
,-0.014076253206346732
,-0.013434182045808159
,-0.013520900279101437
,-0.01588859022572601
,-0.014399220168109957
,-0.014901745169295166
,-0.014197744603361335
,-0.015281574292786012
,-0.012876276510397496
,-0.014845613886464912
,-0.014087855582310554
,-0.016600512924084723
,-0.013488413075370213
,-0.015440857124467116
,-0.015099181676841671
,-0.011829774303269237
,-0.013780198352506908
,-0.012851345384917341
,-0.013048188682147063
,-0.014980052761996212
,-0.014457200152742771
,-0.012574438035535887
,-0.016809139866381884
,-0.012777569313094806
,-0.01569663886225615
,-0.014191654572734991
,-0.014113371223524714
