system:time_start,potential_evaporation
,-0.020460305861585464
,-0.016981488399324007
,-0.015467340446775779
,-0.019236928254637558
,-0.019646449688783225
,-0.019929141005074296
,-0.020281452142323058
,-0.02089412085964189
,-0.019087111005016293
,-0.020037905565307785
,-0.020044350220511358
,-0.020112928745220415
,-0.01855783820792567
,-0.0211277325967482
,-0.018631410450325347
,-0.019744014095825452
,-0.020152400533940334
,-0.015609551749851866
,-0.020082799504355837
,-0.01946768941221914
,-0.022025029926832456
,-0.021355946228140965
,-0.02005124252658182
,-0.02105408926339199
,-0.019130056267992284
,-0.01989627982159921
,-0.021835178806213662
,-0.02213633034261875
,-0.02031468557349096
,-0.018210348023179296
,-0.01829188092960976
,-0.021345077247436468
,-0.022223714307377424
,-0.021941831820489217
