system:time_start,potential_evaporation
,-0.010499780135934635
,-0.011255489635035107
,-0.01086387082080553
,-0.010746643056458869
,-0.01131470034646974
,-0.011093803626687779
,-0.012422327026372816
,-0.011263411809823126
,-0.010554497436236569
,-0.01077842292663233
,-0.010595054928250794
,-0.012505271843786067
,-0.010729691600313411
,-0.010708068839113133
,-0.012047778342854877
,-0.011196726279712162
,-0.010829876352807789
,-0.011475834469979431
,-0.010634310342128205
,-0.010525183898053308
,-0.010896619293600765
,-0.011088236390105491
,-0.011708051241291519
,-0.011376308038057547
,-0.010699189246331484
,-0.012407803570359307
,-0.009713821741165753
,-0.010227985402485347
,-0.011724118708492121
,-0.01148890564721979
,-0.010105352025092608
,-0.010947236693259537
,-0.009982068529390733
,-0.011925893495754859
