system:time_start,potential_evaporation
,-0.017002674198593012
,-0.015754000147377763
,-0.018208666323140887
,-0.01696363597797851
,-0.01776193157187663
,-0.018449123620715303
,-0.019184105600773667
,-0.02037255123645688
,-0.01600879912536281
,-0.017925800330316023
,-0.016422318929495913
,-0.01678132789830367
,-0.01784412717912346
,-0.015971561850747093
,-0.02000295246505023
,-0.018102277482200103
,-0.01724325013094737
,-0.01969820012842926
,-0.020494025486016955
,-0.01981836714335562
,-0.018300369828745413
,-0.01693322420818731
,-0.016624649960625293
,-0.016702350674895568
,-0.022390121965436268
,-0.021035679115060095
,-0.01985829043861789
,-0.018909811406435134
,-0.016534046604841323
,-0.02182365987061833
,-0.023480187689031786
,-0.022296853485944058
,-0.01830821166106034
,-0.017361499454127623
