system:time_start,potential_evaporation
,-0.016172300077960246
,-0.015636948991494943
,-0.013569761396643624
,-0.01595379065216144
,-0.01692995951634657
,-0.016062529409201592
,-0.018163055822757693
,-0.016678351819387496
,-0.015568225794413595
,-0.015557177715466726
,-0.016760286052562558
,-0.0167437845756164
,-0.015415240175389044
,-0.01657138249338459
,-0.01571630347275964
,-0.016749239759762228
,-0.015193024119637105
,-0.014842789435634688
,-0.016560920450016666
,-0.01606436709923097
,-0.016458053914256098
,-0.018365543324479303
,-0.016169880301155598
,-0.0164077725164437
,-0.01495332649800629
,-0.017229604261996833
,-0.015715440178690997
,-0.016987481080145195
,-0.016432603447982627
,-0.0147715724796904
,-0.015005532120833071
,-0.015545442289880564
,-0.016737800811178104
,-0.017525267231920022
