system:time_start,potential_evaporation
,-0.00559664162412648
,-0.004888310635848298
,-0.005313351803596123
,-0.005685048569257897
,-0.005171447112068698
,-0.005365608686891695
,-0.005477204498068507
,-0.006830262317331896
,-0.0057792354137173214
,-0.005979718417317296
,-0.006357648373119041
,-0.005203280417104166
,-0.004677282109359685
,-0.00584653350435676
,-0.005216625195720958
,-0.00567626642158656
,-0.005379443726000049
,-0.005207443520231648
,-0.005761794443835108
,-0.006301922706538958
,-0.005568813867958616
,-0.0060728997662038275
,-0.00588090540771157
,-0.005663469434862405
,-0.006205021882326239
,-0.0069878922941926346
,-0.006007048576268264
,-0.005501996021781384
,-0.005678270106727723
,-0.005910699344423375
,-0.006735660940817238
,-0.007635231425040359
,-0.006134709760334334
,-0.006388170712415121
