system:time_start,potential_evaporation
,-0.0050198630025924855
,-0.004918641245335732
,-0.005230567383063189
,-0.005155723059208851
,-0.00550303993958024
,-0.004938263978896941
,-0.0054590005308630665
,-0.006206751484250274
,-0.00500796201690958
,-0.00536094974494629
,-0.0056189756672992775
,-0.0047601360833811526
,-0.005016010669478738
,-0.005384581408099875
,-0.0050560833810697915
,-0.004850262894985478
,-0.004979844209421508
,-0.005710113629200415
,-0.005962116471205822
,-0.005073979669025886
,-0.005467361049612232
,-0.005566050271961119
,-0.005093630120666747
,-0.00508266136615962
,-0.0056060686352123554
,-0.005407920231319669
,-0.0058088845546814824
,-0.005452102663408017
,-0.005192818127780859
,-0.0056643563081722765
,-0.005108017332978514
,-0.006306108721203105
,-0.0053222102813602415
,-0.00498505170904345
