system:time_start,potential_evaporation
,-0.012872332603344158
,-0.01057998314362699
,-0.01067238822281655
,-0.011145747234260706
,-0.012547052426908656
,-0.012287413802442148
,-0.013934817461192543
,-0.014013431565708953
,-0.012278991747358494
,-0.01271178557262515
,-0.012678591624984848
,-0.013258962946691037
,-0.010962825359331027
,-0.013766236791765883
,-0.01151784416706296
,-0.012672372764992078
,-0.011417277894436445
,-0.01193204963106084
,-0.013142846973817637
,-0.013382135048253065
,-0.013726119591818383
,-0.012829006029173848
,-0.014107584996294798
,-0.012439879838674296
,-0.013408136475114045
,-0.013645983819954164
,-0.014544571296247684
,-0.013234466416346466
,-0.01271593540468007
,-0.01251927966214502
,-0.012661456069728393
,-0.014176335215037314
,-0.013515483439115851
,-0.013258024234754225
