system:time_start,potential_evaporation
,-0.009559045863045635
,-0.010289294323906779
,-0.008958284871814791
,-0.009536203274311606
,-0.010836677556439743
,-0.0105757014104051
,-0.011869661691176304
,-0.010479706849425794
,-0.010195783744041132
,-0.010193546962588751
,-0.010576848403491336
,-0.011730609597197697
,-0.00976697364496752
,-0.010772735680802725
,-0.010440096834631108
,-0.010176831411252566
,-0.009545144033515552
,-0.009761532375705428
,-0.010125566980408906
,-0.010037825654281357
,-0.010027664865072653
,-0.011095764104895496
,-0.011455053403658573
,-0.010307984227456117
,-0.010315831779735163
,-0.011597475098895695
,-0.010379910614003663
,-0.010216137893354136
,-0.011054119359994051
,-0.00953150209320216
,-0.00952570701609183
,-0.010429588445535331
,-0.0099693190437107
,-0.011161718153744005
