system:time_start,potential_evaporation
,-0.015771962106233755
,-0.014578683770554508
,-0.014207422758295021
,-0.014974529393113716
,-0.014731453221016138
,-0.014531238002213415
,-0.01526153454118446
,-0.015488117852870308
,-0.013523875793466825
,-0.01661244219605872
,-0.013584700921042398
,-0.01434152842748609
,-0.014891987698972271
,-0.013625368062580813
,-0.015990045552072583
,-0.015126881499938205
,-0.014536147001593357
,-0.016873563161958243
,-0.01774567104799607
,-0.01873956299139977
,-0.015070182490609397
,-0.014802813160584797
,-0.015037574646571142
,-0.01542400555465267
,-0.017835347238525916
,-0.018690949401434866
,-0.017119150335672358
,-0.01675744053970604
,-0.01520934815881915
,-0.017212664849016665
,-0.018336704270408555
,-0.015663345907479663
,-0.015260393288271086
,-0.015173386501658687
