system:time_start,potential_evaporation
,-0.01876640102030554
,-0.01472582868397391
,-0.016185513222202037
,-0.017189444852798868
,-0.01695635519960585
,-0.017610700762209792
,-0.016928117484591592
,-0.017403044073338
,-0.015421616364619695
,-0.019238208114984445
,-0.01544167434622068
,-0.01587948044470977
,-0.017784317198675126
,-0.015168831014307216
,-0.016964931705539737
,-0.01671410850152218
,-0.015794923461119954
,-0.017856253432303976
,-0.0177859266550513
,-0.01924662165401969
,-0.017513408815527026
,-0.015979122933155548
,-0.01499006134205653
,-0.016807629852943744
,-0.017251331378550578
,-0.020214625042475138
,-0.021791277899562072
,-0.01957589396624826
,-0.016692703900237877
,-0.018259198501861345
,-0.020305097500871245
,-0.017805774123795953
,-0.015799495988176204
,-0.0168989945523208
