system:time_start,potential_evaporation
,-0.010941916018126385
,-0.011108674440537486
,-0.010883047293093254
,-0.010515793968949638
,-0.011303172553358734
,-0.010903418165410175
,-0.010936440983855659
,-0.011053406533855925
,-0.010373666662952231
,-0.010659608089589906
,-0.012067364411931895
,-0.01115049000780381
,-0.01085583058268051
,-0.010780879995995658
,-0.011722452646662369
,-0.010126645785360367
,-0.01059403825296185
,-0.011372485919541668
,-0.012242601617746164
,-0.009952794515651047
,-0.0121848832735422
,-0.011052113440682125
,-0.010381635131374887
,-0.0109011190070305
,-0.010619132018844395
,-0.010487728417929781
,-0.01090810648433855
,-0.010486578685659503
,-0.010279834695336153
,-0.011337891474706303
,-0.010856673220319756
,-0.01220940685629566
,-0.010812186553284489
,-0.01075458488105819
