system:time_start,potential_evaporation
,-0.00856979295288814
,-0.006921371690825456
,-0.006733699677271135
,-0.007262021847256821
,-0.0074723670600683875
,-0.007210368491036611
,-0.007213012751486126
,-0.00764896506896346
,-0.008042210903214355
,-0.008142862215309934
,-0.007317359277698819
,-0.0073242422272920115
,-0.007485357913537883
,-0.006662460792843679
,-0.006614869493003224
,-0.007306793103756112
,-0.006933872734912761
,-0.00758693441073572
,-0.0075177929045619546
,-0.007851389218356214
,-0.007232966361294126
,-0.007063026594955267
,-0.007143930134487973
,-0.007809344604740746
,-0.00724368164406365
,-0.008331144560846345
,-0.008140125489767848
,-0.007659586671353383
,-0.0077946502476859475
,-0.007812620907417214
,-0.008037239765245532
,-0.007998635251877
,-0.007491567375634784
,-0.0075966661085355245
