system:time_start,potential_evaporation
,-0.008323144269137023
,-0.008165247897462298
,-0.0077561807486927125
,-0.008115220606559888
,-0.008895084612692394
,-0.008937283422565088
,-0.009501423824306887
,-0.0089652518479852
,-0.008660530886845662
,-0.008788672035055546
,-0.00880779905768577
,-0.009571372188511305
,-0.008008000770156893
,-0.009298178808724819
,-0.008532230791946252
,-0.008772245580330492
,-0.008076858544372954
,-0.008341514505251932
,-0.008615178680435443
,-0.008489647029394594
,-0.008536513316212222
,-0.009066911263701816
,-0.009565043918361577
,-0.00861770324059762
,-0.008779874930235868
,-0.009539313266286627
,-0.009173393088082472
,-0.008740135530436722
,-0.009228404051003359
,-0.00801784886745736
,-0.008413427632185631
,-0.00884447771551398
,-0.008843272256005244
,-0.009314327134634367
