system:time_start,potential_evaporation
,-0.010058016789839818
,-0.01140441279740162
,-0.010050955185358203
,-0.010196311503197884
,-0.011557493941733585
,-0.01076606652227907
,-0.012365484065276239
,-0.010988954866406843
,-0.010665460428428666
,-0.010569546017580363
,-0.01062528094009232
,-0.012548916961119318
,-0.010531169057460895
,-0.010813604570344713
,-0.011634003467943889
,-0.010894221947700124
,-0.009993638169745684
,-0.011107026003216433
,-0.010444135528255537
,-0.010204947624533296
,-0.0101259088782518
,-0.011176959854372918
,-0.011701077422363716
,-0.010938810634616708
,-0.010537226332231284
,-0.011977519953070727
,-0.009517741128754609
,-0.009988695667360076
,-0.011570906948457126
,-0.010445660744930266
,-0.009606714978621046
,-0.010519066326006266
,-0.00977750896928474
,-0.011886834881522361
