system:time_start,potential_evaporation
,-0.013082038179319824
,-0.013058794920763114
,-0.013706756263443347
,-0.011627111170467958
,-0.013582575164624784
,-0.012095920105977456
,-0.013024628968177967
,-0.0148378808061343
,-0.012216095624913726
,-0.013063684135711885
,-0.015293765201049886
,-0.011241456627201364
,-0.013198920638351043
,-0.012846516536853297
,-0.013793350599830822
,-0.011999590611502747
,-0.012613064952981376
,-0.013461930274691744
,-0.015183231837440735
,-0.011747515385393101
,-0.014490980239563876
,-0.013729938935615462
,-0.011260747352898394
,-0.011478939934720692
,-0.013318449195893011
,-0.01328089990287977
,-0.014535233017111276
,-0.013309134664443192
,-0.012759431024232524
,-0.01451880627075408
,-0.01217190429540069
,-0.01475177689707095
,-0.01336062040339892
,-0.013054969238124393
