system:time_start,potential_evaporation
,-0.0072825574584232024
,-0.007333185410439666
,-0.00705326431102123
,-0.007804987892324948
,-0.007324781384814377
,-0.007028286689425877
,-0.00704581776544694
,-0.007964471595377961
,-0.007221541622756502
,-0.00751728983307109
,-0.007001006524987634
,-0.006830568916198348
,-0.007421809064356473
,-0.007000887927914054
,-0.007375060804508721
,-0.008017578647643754
,-0.007056530002403869
,-0.008361725074287908
,-0.008263580210531769
,-0.00848232399745738
,-0.007418037137077261
,-0.007050755508950378
,-0.007741671214372876
,-0.0069688909076902434
,-0.008118598181157014
,-0.00955739659771728
,-0.006826030149421924
,-0.008525038879144107
,-0.007968185005263924
,-0.007939497627948381
,-0.009877342487520133
,-0.008695452286245315
,-0.00813992053654249
,-0.008325420746072685
