system:time_start,potential_evaporation
,-0.009791806622575805
,-0.010966736102872935
,-0.010947824716200365
,-0.012618898536617816
,-0.009936727389382819
,-0.010258627844578176
,-0.010131118252358741
,-0.011968901559987241
,-0.012563146560926709
,-0.01041671959057822
,-0.010470869136042891
,-0.009959631820445219
,-0.011268062422331832
,-0.011094390043326073
,-0.012163743366902947
,-0.013233597054638441
,-0.010265888024086803
,-0.011789247117377
,-0.01210890641219489
,-0.012306240756675323
,-0.010602521083216599
,-0.010467343436239548
,-0.009950233004673735
,-0.009243339138042197
,-0.01179670392313008
,-0.013311390026565437
,-0.008868046238172896
,-0.013564640913452755
,-0.013238417709720106
,-0.012005877977731358
,-0.015387789384316928
,-0.012867772049758697
,-0.012891413620213584
,-0.013140340681721888
