system:time_start,potential_evaporation
,-0.007792947605993915
,-0.0066025770903115595
,-0.00649472541969537
,-0.0069175497415800155
,-0.007062440464688227
,-0.006771975303665249
,-0.006741160442148551
,-0.00707153947162948
,-0.007268251501032609
,-0.007510832229668972
,-0.0069237609941008174
,-0.006822945567065572
,-0.007011601533773299
,-0.006355881443773001
,-0.0063576338576938445
,-0.006964081065501863
,-0.006707277172684701
,-0.007056066059937564
,-0.007043814991989195
,-0.007472645331866681
,-0.006922254762452522
,-0.006649685870266483
,-0.006633018288381753
,-0.007227872528758498
,-0.0068219765225881746
,-0.007626768896540262
,-0.007640664982927489
,-0.007313213002621818
,-0.007298308381740959
,-0.007471568767751397
,-0.007488369274502818
,-0.0074860468275073835
,-0.007165536319727465
,-0.007042988663725802
