system:time_start,skin_temperature
,282.82699330647785
,282.03578249613446
,282.49731222788495
,281.88939634958905
,281.2883211771647
,283.30412960052485
,283.7526048024495
,283.02818584442133
,282.5627285639445
,283.04298973083496
,283.14121500651044
,284.18444569905597
,281.90879917144775
,283.1417064666748
,283.3230549494425
,282.4390001296997
,282.8914655049642
,283.27691618601483
,282.6131947835286
,282.3025534947713
,282.53754901885986
,282.86052735646564
,283.6658404668172
,283.49379444122314
,282.83372179667157
,283.2040287653605
,282.75416628519696
,282.2146100997925
,282.60966904958093
,282.6661373774211
,281.9915771484375
,282.92693678538006
,282.8106362024943
,283.77541128794354
