system:time_start,skin_temperature
,282.5213753410825
,281.71337842385793
,282.37438144050583
,281.77380513378944
,281.2643304960572
,282.91126223656437
,283.3145978699499
,282.561122285046
,282.32604101793873
,282.5802676647596
,282.81798634908154
,283.8027071979596
,282.17899900953563
,282.62355382121524
,283.2523743079596
,282.2913675766696
,282.9542886947105
,282.8998865485966
,282.113735212597
,282.0552832723953
,282.03489802407233
,282.45898241384197
,283.0569040173986
,283.15988381632866
,282.58003974037575
,282.59872368588304
,282.1113243546345
,281.69871199854236
,282.0927756260403
,282.33833904417355
,281.5015383164463
,282.22980655029096
,282.28154996261503
,283.41154606945565
