system:time_start,skin_temperature
,296.5979804992676
,296.6530532836914
,295.48009490966797
,295.75599416097003
,296.48314666748047
,296.73036702473956
,295.92407099405926
,296.09411875406903
,297.34567006429035
,297.86782455444336
,296.9667498270671
,296.47114690144855
,296.3980369567871
,296.778626759847
,295.9533437093099
,295.7357063293457
,296.51830800374347
,297.0342432657878
,296.6532694498698
,296.5548922220866
,296.45472462972003
,296.66137568155926
,296.44455337524414
,296.53817494710285
,296.0651969909668
,297.0698750813802
,297.2346789042155
,296.37894948323566
,296.9186375935872
,295.4354298909505
,297.4470024108887
,296.9922612508138
,296.87384541829425
,296.6194203694661
