system:time_start,skin_temperature
,292.665834517706
,293.27208121163505
,292.39776371547157
,294.011830211821
,292.657225835891
,293.11860184442423
,292.24044490995857
,293.6452867780413
,293.8915627615792
,293.34358923775807
,293.45947799682614
,292.80704567318867
,293.0399521963937
,293.8674223036993
,293.76895839146204
,294.14323290870306
,292.16705649239674
,293.9723080589657
,294.22061404273626
,294.1762447902134
,293.0035176595052
,292.50588803972516
,292.7044448489234
,292.42874806722
,294.07024336315334
,295.1651056925455
,291.9967143830798
,294.48492627825055
,294.436352902367
,293.21088082449774
,295.81630732218423
,294.91141807919456
,293.9317036220005
,293.9507878621419
