system:time_start,skin_temperature
,281.1805127461751
,279.5311915079753
,280.7688954671224
,280.53372955322266
,279.4998728434245
,280.76019795735675
,282.88915888468426
,281.0639877319336
,280.29323323567706
,281.55471420288086
,280.97580846150714
,281.14780553181964
,279.49529393513996
,280.3317044576009
,281.0033365885417
,279.2784716288249
,280.4002685546875
,282.7162094116211
,281.91957600911456
,281.10592524210614
,281.44401295979816
,281.8393974304199
,280.96618525187176
,281.522211710612
,281.82544835408527
,282.3653971354167
,281.25741958618164
,279.85246022542316
,280.28665415445965
,281.1111297607422
,281.2604611714681
,283.9978307088216
,280.1500727335612
,278.79634857177734
