system:time_start,skin_temperature
,284.6961301167806
,284.9012730916341
,285.4784851074219
,285.13904825846356
,285.6649805704753
,285.6543833414714
,285.542044321696
,285.2403513590495
,284.63745880126953
,286.61492284138996
,286.84841537475586
,285.0411008199056
,285.4214795430501
,285.38140233357746
,285.3967564900716
,284.3738492329915
,285.17852783203125
,286.8427429199219
,286.0861562093099
,285.04921849568683
,285.7245559692383
,286.3115933736165
,284.4750277201335
,285.4181493123372
,285.66833114624023
,286.50867970784503
,286.2873929341634
,285.67098744710285
,285.1851628621419
,286.20396931966144
,286.2528826395671
,287.0560989379883
,285.37445576985675
,284.58202107747394
