system:time_start,skin_temperature
,285.3804803905354
,285.71643475872315
,286.3680071234459
,286.1334953136061
,286.5210895858959
,286.27505643937667
,285.96594824327616
,285.7188880798415
,285.6583334972449
,287.21459122142033
,287.39758853357114
,285.72241754441933
,286.3293624712142
,286.36108153977807
,286.32211069730323
,285.3351163140767
,285.9268910094039
,287.3739775016006
,286.73575158175896
,285.60554433856265
,286.45861901802914
,287.05068359281154
,285.3353046309317
,286.10037962791125
,286.1328527349681
,287.092046780682
,286.5876813640649
,286.87998536357435
,285.953291805028
,286.82211684085837
,287.1729878327454
,287.68612452558244
,286.16063661094375
,285.51633992337844
