system:time_start,skin_temperature
,292.9016059346956
,293.16461059803686
,291.6578932576387
,292.5692800400871
,292.77187352216947
,293.1806023992829
,292.4324366062866
,292.4014607445377
,292.53920628131107
,293.8784033294417
,293.19096851048573
,292.6154440529326
,292.5755692472128
,292.8223860805441
,293.0586190543301
,292.6623903361195
,292.56859954820254
,293.9825727194213
,293.73851225282823
,293.89509310531446
,292.7505089798008
,292.8097975761355
,292.5533451092335
,293.0694800036693
,293.3996713975502
,294.0138135250227
,293.50040792206954
,292.93634885718467
,293.1585176427569
,292.49399023703825
,293.74986747745135
,293.8133718170564
,292.8109448665013
,292.2330385517871
