system:time_start,skin_temperature
,288.0187924702962
,288.1255798339844
,287.93741607666016
,288.2749252319336
,288.55591583251953
,289.3783925374349
,288.49382400512695
,288.1078389485677
,288.0080210367839
,289.81906509399414
,289.1504096984863
,288.14130783081055
,288.6558977762858
,288.475638071696
,288.3267135620117
,287.88022232055664
,288.22193145751953
,289.7960917154948
,288.90892283121747
,288.2772585550944
,289.01725006103516
,289.143009185791
,287.85734939575195
,288.5418395996094
,288.66553115844727
,289.0914255777995
,289.9954668680827
,289.0045928955078
,288.5166015625
,288.72982025146484
,289.5834134419759
,289.85166931152344
,288.09278361002606
,288.18104298909503
