system:time_start,skin_temperature
,283.19328729712157
,282.30148242781
,283.05490259558167
,282.52182826523864
,282.1020211630217
,283.60972970393846
,283.96035596224124
,283.274372642252
,283.0094388073376
,283.16755354048126
,283.46872648214855
,284.48762313247005
,282.72187814865197
,283.27563214916023
,283.9471999382769
,283.2352918369845
,283.5894783942331
,283.43746510622225
,282.7488620974898
,282.9464037625218
,282.94919273019093
,283.2609734299872
,283.8857839957371
,283.8695252170798
,283.25869018068255
,283.37067034054246
,282.8344028913114
,282.5472336810167
,282.8427935271092
,283.05776237151036
,282.3132599390675
,282.88497886831357
,282.9756906647764
,284.33224052871856
