system:time_start,skin_temperature
,287.4319101969401
,287.7573420206706
,287.7197202046712
,287.95301818847656
,288.36814753214514
,288.8354721069336
,288.1217791239421
,287.6734555562337
,287.5635528564453
,289.42920684814453
,288.98176066080725
,287.8071403503418
,288.21601613362634
,288.1515286763509
,287.8671506245931
,287.2902132670084
,287.6914049784342
,289.2095489501953
,288.5072275797526
,287.5528793334961
,288.4111925760905
,288.6266326904297
,287.4085350036621
,288.0267995198568
,288.3657531738281
,288.6465644836426
,289.45414606730145
,288.4791259765625
,287.94184621175134
,288.4452540079753
,289.256846110026
,289.4115893046061
,287.78439712524414
,287.61695607503253
