system:time_start,skin_temperature
,280.249853293101
,280.32811411221826
,281.1387925942738
,280.5392088492711
,280.767782330513
,280.7935320138931
,281.16916668415075
,280.7290965716044
,280.00948623816174
,281.85332095623016
,282.34277951717377
,280.0948295195898
,280.48017263412476
,280.4551023244858
,280.86047077178955
,280.1311269203822
,280.2469519774119
,282.5185715357463
,281.57504522800446
,280.45183098316187
,281.4969897667567
,281.6235071023305
,280.11539459228516
,280.70569145679474
,281.1482928196589
,281.8538328409195
,281.3330536683401
,280.8544391791026
,280.5235786835352
,281.5794220368067
,281.5512259403864
,282.6213675340017
,280.93685106436413
,279.97404023011524
