system:time_start,skin_temperature
,290.29380408770976
,288.96180377644333
,288.8711661239591
,289.1420853730219
,288.9593769000594
,289.61717514880394
,288.62984977608784
,288.7819283357851
,288.82041063733925
,290.36100109772565
,290.02102724306144
,289.1503523079453
,288.7811556206641
,290.4066203496006
,289.0372337049739
,289.6902714059105
,288.3544621315731
,291.1195819393085
,290.28501091084405
,290.2013967153626
,290.0328195251983
,289.2931657778989
,290.1746892260898
,289.5397428119765
,290.2189917675756
,291.4946924359429
,289.1708831949092
,290.30538540331924
,289.8398043071642
,290.0320583027639
,292.20936965942377
,292.0478100462831
,289.99736341245614
,290.21718387644256
