system:time_start,skin_temperature
,275.0571918706785
,272.58261603139823
,273.6006464099518
,272.84820382713815
,272.36713557773163
,274.2373070698588
,274.63686734049713
,274.9768811953022
,273.6365256327779
,273.80384215723967
,273.9709542373131
,274.6298634832389
,272.68266832052063
,274.4634072680126
,273.79848787154276
,273.66079697298363
,273.3531878533491
,274.4168775638858
,274.54091788251736
,274.1137493323549
,274.58349447140745
,273.35595098035094
,274.7616122234827
,274.150100262229
,274.17446703563706
,274.8158229813265
,274.89414983142836
,273.33593059408247
,273.21991495154367
,274.1274133294935
,273.497500065186
,275.44724186718236
,273.9137558991882
,274.0611828990366
