system:time_start,skin_temperature
,285.31528345743817
,286.0920715332031
,285.91790771484375
,286.11732991536456
,285.86587778727215
,286.8264567057292
,286.88396581013996
,286.0667317708333
,285.4119517008464
,287.2445691426595
,287.2202212015788
,285.89199193318683
,285.96796798706055
,286.2204882303874
,286.1189727783203
,285.3895556131999
,285.5249557495117
,287.5053405761719
,287.10441335042316
,286.0864677429199
,286.67432912190753
,286.6756197611491
,285.75546137491864
,286.4582875569661
,287.0243721008301
,286.68550364176434
,287.7656898498535
,286.3817825317383
,285.83787536621094
,286.5068537394206
,286.9219627380371
,287.90944417317706
,285.70118713378906
,285.3966420491536
