system:time_start,skin_temperature
,294.5838288069748
,295.03722707427943
,293.94748829934224
,294.424989590054
,295.04600525990907
,295.34452838111565
,294.51949030743106
,294.29171005717353
,295.35136172962035
,296.29843388168234
,295.51611132296176
,294.83663541071786
,294.77751628945884
,295.21164104473854
,294.6882485069368
,294.3849823845464
,295.12246993392444
,295.6936829574284
,295.0386630518393
,294.91618208219074
,294.9518311676691
,294.93900679825794
,294.66242156695677
,295.0439961016808
,294.572320754887
,295.6054785261888
,295.53458648454045
,295.0585312517517
,295.1953371427015
,294.0887001700415
,295.76801087114046
,295.3184988488934
,295.3520524751937
,294.7658727702132
