system:time_start,skin_temperature
,281.7479362487793
,279.62976328531903
,280.25599416097003
,280.4847895304362
,280.27898661295575
,281.99798583984375
,281.98549524943036
,281.85401916503906
,280.7289784749349
,280.8112195332845
,281.54714075724286
,282.46288172403973
,280.3038673400879
,281.3125877380371
,281.49113210042316
,281.6481107076009
,281.12208557128906
,280.3151117960612
,280.6142069498698
,281.1944999694824
,281.3345998128255
,281.55127843221027
,281.8779182434082
,281.7383524576823
,281.26019922892254
,281.38282267252606
,281.51425552368164
,281.37185923258465
,281.2854766845703
,280.80696868896484
,280.4035504659017
,281.623784383138
,281.49400838216144
,283.3155924479167
