system:time_start,skin_temperature
,289.27649052937824
,289.1396840413411
,288.5213572184245
,289.076421101888
,289.1819152832031
,289.7971369425456
,289.6585299173991
,289.16066487630206
,288.6586329142253
,290.3363431294759
,289.74084854125977
,289.2203305562337
,288.83080927530926
,289.4719657897949
,289.4380696614583
,288.79634221394855
,288.8922373453776
,290.9412358601888
,290.4382731119792
,289.83981196085614
,289.51670328776044
,288.9861920674642
,289.40111414591473
,289.5158437093099
,290.398868560791
,290.5679677327474
,289.7782783508301
,289.2075958251953
,289.0697199503581
,289.7295964558919
,290.7950630187988
,291.50753529866535
,289.0420913696289
,288.4419250488281
