system:time_start,skin_temperature
,290.7953312035763
,290.7200180978486
,289.9683965047201
,290.59374815044987
,290.8052948460435
,291.49818744081443
,291.3804368683786
,290.79425002589375
,290.1891363895301
,292.0088171525435
,291.43703842163086
,290.77912290168535
,290.5503594369599
,291.0098355611166
,291.3719369136926
,290.60469760316795
,290.4040684555516
,292.51978255763197
,292.06989288330084
,291.32584993767017
,290.97583539558184
,290.83233977809095
,290.767686439283
,291.07538766571975
,292.1514493768866
,291.8245734012488
,291.8225905678489
,290.8804501620206
,290.63441767837065
,291.7092770663175
,292.5435202627471
,292.70181644324106
,290.65534973144537
,289.9303771510269
