system:time_start,skin_temperature
,290.3483187357585
,289.0110677083333
,288.9633255004883
,289.2058461507161
,289.00049591064453
,289.6529947916667
,288.637015024821
,288.7708740234375
,288.8814010620117
,290.4315071105957
,290.16125615437824
,289.1292432149251
,288.8345756530762
,290.4899431864421
,288.98633575439453
,289.69133377075195
,288.3674036661784
,291.242919921875
,290.4002685546875
,290.20873896280926
,290.09627024332684
,289.33410517374676
,290.23381423950195
,289.6134668986003
,290.30438868204754
,291.54231516520184
,289.12755966186523
,290.35438283284503
,289.8034261067708
,290.1120859781901
,292.2605628967285
,292.11730702718097
,290.0920181274414
,290.2705535888672
