system:time_start,skin_temperature
,292.73351923624676
,293.2602030436198
,292.1169916788737
,292.79537709554035
,293.1728057861328
,293.84392801920575
,292.76464716593426
,292.4596710205078
,293.0604756673177
,294.5850079854329
,293.601011912028
,292.79483159383136
,293.0865313212077
,293.06994756062824
,293.05078379313153
,292.5908393859863
,293.13429260253906
,294.0823796590169
,293.46685791015625
,293.05802790323895
,293.20018768310547
,293.2458610534668
,292.66470464070636
,293.06593322753906
,293.03862380981445
,293.8496805826823
,294.22900517781574
,293.35364786783856
,293.0446243286133
,292.4208475748698
,293.94475682576496
,293.75322977701825
,293.0346323649089
,292.6036071777344
