system:time_start,skin_temperature
,275.13543347959165
,273.4035263061523
,273.2260516131366
,272.3659814905238
,272.9858497337059
,274.0176137288411
,273.6838360539189
,273.56460684317125
,274.017248083044
,273.76533550686304
,273.81389292964224
,273.7368117438422
,273.0129692642777
,274.34503216213653
,274.3850626062464
,274.3678061873824
,273.5152469211154
,273.9800149423105
,274.46771635832613
,274.9918889646177
,275.1773873788339
,274.94044960869684
,275.3580349109791
,273.91390680383756
,274.5278036329482
,274.55580732557513
,275.02686634770146
,273.91829766167535
,273.6335276850948
,274.7524998982748
,273.9867504261158
,276.14176743118844
,273.9779352258753
,274.4539334332502
