system:time_start,skin_temperature
,284.68138154347736
,280.69448947906494
,281.5505560239156
,283.0054971377055
,281.6943335533142
,284.38111639022827
,283.6579262415568
,283.9289223353068
,282.7911225954692
,283.3960857391358
,283.4889675776164
,284.42410898208624
,282.21963198979694
,283.86303186416626
,283.15528186162317
,283.45505412419635
,283.2824681599935
,281.11648082733154
,282.99375438690186
,283.72295840581256
,283.71717723210656
,283.81925900777173
,283.9144277572632
,282.8716462453206
,283.1120541890462
,283.16124518712365
,283.9050157864888
,282.8066539764404
,282.9254919687907
,282.0971207618714
,281.96914180119836
,284.5938084920247
,283.6282245318095
,285.1786093711853
