system:time_start,skin_temperature
,282.2199314965142
,283.01367966334027
,282.917174021403
,283.0764948527018
,283.50271235571967
,283.4897196027968
,283.2502929369609
,282.78774144914416
,282.5928474532233
,284.4769509103563
,284.4857372177972
,283.00246016184485
,283.3270407252841
,283.2655699517992
,283.09195682737567
,282.38647413253784
,282.6627232233683
,284.41842137442694
,283.8528842396206
,282.92679044935437
,283.30796252356635
,283.80535295274524
,282.5261711014642
,283.45131625069513
,283.2761361863878
,283.9291457600064
,283.97655026117957
,283.4464384184943
,282.93918392393323
,283.46789005067615
,284.0988750987583
,284.5972836282518
,282.8375475141737
,282.51282840304907
