system:time_start,skin_temperature
,282.0026618472873
,281.2772223377461
,281.8733969100346
,281.1775475371914
,280.7847093862839
,282.3752599084886
,282.82064293851477
,282.1141061480469
,281.84065172290116
,282.11876721441325
,282.18844719905957
,283.2521619164857
,281.7780567139426
,282.21963977385485
,282.707543094094
,281.59734469251265
,282.3476292967094
,282.58166081506454
,281.5135438075829
,281.5383579635502
,281.47001329981333
,281.9519526533125
,282.4938106449407
,282.8408870188815
,282.19171686563044
,282.1677727579096
,281.5357274182473
,281.12273321302257
,281.64921741524165
,281.9272980716059
,280.87356475102825
,281.6665828512477
,281.9380615226287
,282.99826436633697
