system:time_start,skin_temperature
,281.352102915446
,282.58528391520184
,282.17362721761066
,282.46324157714844
,282.62683868408203
,282.8647944132487
,282.7652397155762
,282.26649475097656
,282.00926462809247
,283.71749750773114
,283.7867800394694
,282.2031720479329
,282.56359736124676
,282.64345677693683
,282.4257049560547
,281.8183937072754
,281.9022216796875
,283.67669677734375
,283.2582473754883
,282.3434638977051
,282.6954396565755
,283.11272557576496
,282.133981068929
,282.82835896809894
,282.886900583903
,283.0689061482747
,283.5158500671387
,282.52356974283856
,282.3518371582031
,282.63676198323566
,283.3545977274577
,283.83665720621747
,282.2782745361328
,281.89759063720703
