system:time_start,skin_temperature
,279.4655054914273
,278.24619628161923
,278.8821922860495
,278.36716845752755
,277.94074168631704
,279.87673187255865
,280.3321444813798
,279.72005102886425
,279.10973966024756
,279.48085936879727
,279.6581012446706
,280.6847631252879
,278.667658456942
,279.7914138731918
,279.5237864672653
,278.9635901412344
,279.1889417074561
,279.95438484253924
,278.8345206656107
,278.7832014192411
,279.10979926876905
,279.27078473471045
,280.073373592966
,280.1628368346672
,279.673233125268
,279.66335662593684
,279.34504491914583
,278.75093605847866
,279.09923088259814
,279.28124646442694
,278.46481152666297
,279.4510429196242
,279.4768302731398
,280.38297265525756
