system:time_start,skin_temperature
,282.3928800271758
,283.22026868238515
,283.1572300795968
,283.39549423109554
,283.4891947211948
,283.91651705478097
,283.5251961295486
,282.93034627927955
,282.85209147135413
,284.65463292006905
,284.77258417115985
,283.16845262135166
,283.63348667334157
,283.62509352771946
,283.3057987402517
,282.67088618177047
,282.9488671485414
,284.6158987275252
,284.07715103474067
,283.1915674141958
,283.5321997243461
,283.9722802723553
,282.8954531351725
,283.6426969487616
,283.5941482165181
,283.99742873171544
,284.43106855568305
,283.6788189935346
,283.19636135236584
,283.5513698496717
,284.3326907056443
,284.7038868572695
,282.97332698740854
,282.9076985027773
