system:time_start,skin_temperature
,283.2137056986491
,281.6216506958008
,282.3411407470703
,282.29443105061847
,282.3552831013997
,283.65623728434247
,283.60305913289386
,283.3060124715169
,282.3657531738281
,282.4811668395996
,283.1912320454915
,284.0021680196126
,282.4560737609863
,282.42036565144855
,283.4227828979492
,283.25496037801105
,282.9629364013672
,282.18082936604816
,282.210688273112
,282.77807744344074
,282.6369145711263
,283.0869433085124
,283.3034960428874
,283.2446797688802
,282.91980870564777
,282.93201700846356
,282.52488072713214
,282.4834467569987
,282.71573638916016
,282.3594563802083
,281.9630470275879
,282.6550013224284
,282.7884292602539
,284.473149617513
