system:time_start,skin_temperature
,287.9013837178548
,286.8286539713542
,286.2363967895508
,286.8982442220052
,286.26108805338544
,287.91812388102215
,287.18222681681317
,287.3506546020508
,286.7126057942708
,288.2735735575358
,288.7599678039551
,287.30861536661786
,285.8714078267415
,287.8785107930501
,286.9343439737956
,286.88928604125977
,286.6979624430339
,288.5913365681966
,287.7741012573242
,287.57511774698895
,288.2273178100586
,287.8515154520671
,287.04819615681964
,287.399169921875
,288.0616111755371
,289.47425079345703
,287.57842381795246
,286.7589060465495
,287.14587148030597
,287.61097462972003
,289.02899805704754
,290.37253824869794
,286.81225331624347
,287.47711690266925
