system:time_start,skin_temperature
,291.1147179877621
,291.4844601510585
,290.47694624977555
,291.26789891034707
,291.58635737978176
,292.52601702459924
,291.2632726472
,290.97140432774336
,291.15080594468395
,293.01909326136797
,291.8740091871941
,290.92927371496444
,291.5705338839827
,291.1571254072518
,291.5157180435356
,290.7344644919209
,291.0755570510338
,292.3068909919125
,291.82409352269667
,291.6833479870325
,291.2959152747845
,291.58377421587363
,290.9045565813438
,291.4931918615582
,291.25575857052854
,292.2997741699219
,292.65513799382353
,291.58298360890353
,291.13028427650187
,291.2333923866009
,292.5630666360088
,292.62260708863704
,291.04310274672235
,291.00952911376953
