system:time_start,skin_temperature
,280.094084730052
,280.32086867515494
,280.97946244056783
,280.4951800722065
,280.7070591473821
,280.8011679601188
,281.129625763556
,280.6497179281832
,279.96438043767756
,281.7910555829906
,282.3072708977594
,280.14530509409286
,280.5564556314488
,280.42536860764636
,280.7265504779238
,280.0768953959148
,280.13524727869515
,282.46894350918865
,281.47559996325566
,280.43313594779585
,281.4066432606091
,281.55330446031365
,280.07109597716675
,280.71629418267145
,281.123175919658
,281.75366858280074
,281.3569358671555
,280.76628737016165
,280.4267161976208
,281.39619892775414
,281.539692464501
,282.51199649078677
,280.81005003958046
,279.8369262387054
