system:time_start,skin_temperature
,292.8389100175564
,293.00840033554454
,291.661019301996
,292.7706814277463
,292.956186558173
,293.226636995145
,292.5096034538455
,292.568355839427
,292.4964074235622
,293.8248622553136
,293.0451425381792
,292.69290251072835
,292.72023887944414
,292.9530550638835
,293.1815694793453
,292.6797004947818
,292.5397378564851
,294.07240202368763
,293.99819809828347
,293.7448670612119
,292.65383824294184
,292.70838075343187
,292.58405617194455
,293.1033483985963
,293.8252571850288
,293.7521398280694
,293.2685760560075
,293.1956629559277
,293.31172298028224
,293.1484087812222
,294.25856666254805
,294.21996319778566
,292.7065960643738
,292.21508758048697
