system:time_start,skin_temperature
,280.58925127179435
,280.5984989123398
,281.3632669627443
,280.74797323848424
,281.0746369665482
,280.9871323260476
,281.38820546753846
,280.9682972082931
,280.42769577083516
,282.17666338802724
,282.77358215846374
,280.5004645786928
,280.9134733364377
,280.7753221461836
,281.0914667250958
,280.39318977670274
,280.5302538639597
,282.7166562312551
,281.92713093846925
,280.58899981609443
,281.61362062947137
,281.89211166038945
,280.33276182881906
,280.9664781834749
,281.48436298441806
,282.25550379378075
,281.69318151295414
,281.40328425146674
,280.96293437257685
,282.05338238776847
,281.77406486768405
,282.92860329731576
,281.4089798373676
,280.3829285125161
