system:time_start,skin_temperature
,284.10725529988605
,284.74102274576825
,284.96835072835285
,284.57894134521484
,284.34632619222003
,285.4642054239909
,285.7623430887858
,284.8251012166341
,283.88878631591797
,285.7259229024251
,286.38122940063477
,284.60054143269855
,284.6410484313965
,284.99944432576496
,284.39698791503906
,284.1510124206543
,284.278076171875
,286.43382771809894
,285.7071482340495
,284.5895067850749
,285.2919108072917
,285.72304407755536
,284.25192133585614
,284.8872528076172
,285.3744951883952
,285.55870564778644
,286.07941309611004
,284.9129638671875
,284.6422170003255
,285.39466857910156
,285.5173225402832
,286.8084208170573
,284.57531483968097
,283.71756744384766
