system:time_start,skin_temperature
,274.8707655043829
,273.6971021379743
,274.4983535039992
,273.8136901855469
,273.5590464274089
,275.2114795503162
,275.8955127171108
,275.124012538365
,274.4888022286552
,274.85626275198797
,274.87123671032134
,275.9181632995605
,274.4338892982119
,275.463558560326
,274.7395037696475
,273.96173840477354
,274.61580040341335
,275.8450473603748
,274.2721005394346
,274.13391313098725
,274.6214225405738
,274.6917087009975
,275.45744850522
,275.9039931524367
,275.34933344523114
,275.27458336239766
,274.54228192283995
,274.1865332467216
,274.7439582461402
,274.9951982044039
,273.76672708420523
,274.9191320510138
,274.9940363566081
,275.55428423200334
