system:time_start,skin_temperature
,280.46407998126483
,280.3573650415393
,281.1038142770961
,280.81516730267066
,280.8075961790223
,280.56811578722966
,280.93768680959505
,280.69196175837857
,280.2462708846382
,281.9915291053661
,282.3805971560271
,280.286922454834
,280.78590553394264
,280.6922851230787
,281.03560837455416
,280.2445701377979
,280.498091324516
,282.41782622406447
,281.76502393639606
,280.2833093283833
,281.4535293579102
,281.7557130343672
,280.1353571242181
,280.8062180228855
,281.49536912337595
,282.10773423789203
,281.50963896599376
,281.2880341903023
,280.67568438986075
,281.80156497678894
,281.66036075094473
,282.76761571911794
,280.9527569093566
,280.2478883162789
