system:time_start,skin_temperature
,281.4576132032606
,282.4870393541124
,282.2505950927734
,282.3224631415473
,282.7192586263021
,282.8057615492079
,282.6988792419433
,282.2990968492296
,281.90105777316626
,283.7632145351834
,283.8883713616265
,282.24332131279834
,282.5219196743435
,282.42935223049585
,282.35900370279944
,281.74237018161347
,281.992059495714
,283.7510333591037
,283.21588134765625
,282.2401178148058
,282.7380065917969
,283.18548287285694
,281.7547908359104
,282.6495242648654
,282.77426783243817
,283.19664594862195
,283.24767345852325
,282.5731150309245
,282.2682105170356
,282.6669752332899
,283.303539276123
,283.970708211263
,282.31121995713977
,281.81369357638886
