system:time_start,skin_temperature
,276.9621683819773
,274.3322530211896
,275.81511117609386
,275.73440822519075
,274.16068579071197
,276.69565754347974
,277.48200266950363
,277.3000074674439
,275.20393934613634
,275.96700840407544
,276.28996302792876
,276.93830834257466
,274.6848006556877
,276.7991356984103
,275.79078841328027
,274.35539019760205
,275.85531064566493
,277.3971179563608
,276.76175248128663
,276.0798860300042
,276.6353835426951
,275.10730272106474
,277.1208516274321
,276.74682381852944
,276.18190077723165
,277.3119092343459
,277.27211716558605
,275.56401794585423
,275.14346949892064
,275.7075083212276
,275.4499879460628
,276.8091289083756
,276.2577489217123
,275.7680666972551
