system:time_start,skin_temperature
,284.016309956413
,282.8439028156337
,284.27056269859196
,283.8465795184842
,282.6236965122508
,284.40352456012175
,285.42775766173406
,284.78493943854943
,283.14667526169205
,284.75411780438026
,284.85149059010973
,284.207972341509
,283.15612722747954
,284.06396190206806
,283.7862593997177
,282.9411386708122
,283.4046894282251
,285.52210239391417
,285.09998655556444
,284.39793819218727
,284.528105854395
,284.7213328537063
,284.00937441925504
,284.3131245095932
,285.4091814904664
,285.7494288202542
,285.129307020956
,283.0743854579641
,283.6195603555708
,284.2402845544009
,284.68901318222737
,286.922848108396
,283.8774035629349
,282.71553347004
