system:time_start,skin_temperature
,282.64997140984786
,283.30748561390664
,283.2541200738204
,283.2711291396827
,283.8388244227359
,283.7646812974361
,283.6254132588704
,283.2466007701138
,282.8127571239806
,284.755286099618
,284.8974701061583
,283.2302539892364
,283.51883844743696
,283.40208843298126
,283.30895085920366
,282.55245094968564
,283.0232845774868
,284.7562320106908
,284.14811191224214
,283.2486408969812
,283.70800640708524
,284.2223783794202
,282.5924405549702
,283.66016213935717
,283.6915920993738
,284.35871960824
,284.3156684072394
,283.76890463578076
,283.2731817814342
,283.9115205731308
,284.30903638873184
,285.06495914124605
,283.29823992545147
,282.83022040651554
