system:time_start,skin_temperature
,281.98950068155926
,281.8862838745117
,282.598149617513
,282.1182352701823
,282.4642054239909
,282.3766123453776
,282.4497464497884
,282.27116139729816
,281.8568064371745
,283.4939994812012
,284.0213330586751
,282.07575098673504
,282.4585812886556
,282.0349184672038
,282.42049916585285
,281.5972150166829
,282.1573028564453
,283.9376754760742
,283.32659403483075
,281.9028180440267
,282.9539082845052
,283.30166753133136
,281.49838892618817
,282.38972727457684
,282.91437911987305
,283.7467091878255
,283.1742134094238
,282.8059794108073
,282.30809020996094
,283.51351165771484
,283.11460240681964
,284.2748616536458
,282.59437306722003
,281.7828369140625
