system:time_start,skin_temperature
,280.8450736999512
,281.309809366862
,281.7460759480794
,281.3240458170573
,281.6818033854167
,281.83306376139325
,281.8649508158366
,281.7142817179362
,280.9238764444987
,282.67314529418945
,283.2899971008301
,281.1290753682454
,281.6257514953613
,281.3237902323405
,281.55648040771484
,280.9399223327637
,281.1053644816081
,283.1500829060872
,282.3695119222005
,281.35854466756183
,282.3496449788411
,282.48425420125324
,280.88391240437824
,281.6308186848958
,282.07378005981445
,282.6098098754883
,282.45453516642254
,281.7013753255208
,281.27483622233075
,281.93446858723956
,282.5062090555827
,283.36998748779297
,281.6550572713216
,280.74109649658203
