system:time_start,skin_temperature
,288.5255044483003
,288.87531106131416
,288.7154731387183
,288.90760091145825
,289.3752245221819
,290.10409102666944
,289.15743048531664
,288.64027768089653
,288.72983957926425
,290.603778330485
,289.7574610755557
,288.76400171915685
,289.2766992841448
,289.19623089744925
,288.86631615048356
,288.45088446480884
,288.86742909749347
,290.1531261625744
,289.4319137573242
,288.48545884631926
,289.51715930757064
,289.61530997866674
,288.5505752200172
,289.01947915213447
,289.4118606930687
,289.4871779668899
,290.6136395045689
,289.4881877354213
,289.1652662004743
,289.63420468284966
,290.44900567190984
,290.45584847586497
,288.911165582566
,288.7554509480794
