system:time_start,skin_temperature
,279.50670113196736
,276.30529470199195
,278.47861218574724
,277.62702308067907
,275.9813169821715
,277.9895545763847
,280.33682698958955
,279.31943513919146
,277.58386727357515
,279.59972559611
,278.9561520894368
,278.31504035362826
,276.3825936341897
,276.9992524562738
,277.14066658998144
,275.0267929664024
,277.6079323793069
,279.0322558476375
,278.7373419345953
,277.5973048674755
,278.7003647241837
,278.0803822444035
,277.75077043190976
,277.7667061047676
,278.88777383657595
,280.3666926848582
,278.63150347196137
,277.0949250636957
,276.34037724030316
,277.7930965521396
,277.4781151209122
,280.1602369650816
,276.24634105975815
,276.2674659924629
