system:time_start,skin_temperature
,278.4790916442871
,277.45077260335285
,279.2913335164388
,278.20569101969403
,277.96773529052734
,278.2813084920247
,279.96696853637695
,278.6089859008789
,277.56554158528644
,278.69616826375324
,278.753355662028
,278.26316197713214
,277.7393735249837
,277.7426872253418
,278.82739512125653
,276.93593470255536
,278.12938690185547
,281.44608815511066
,279.5735143025716
,279.40398025512695
,279.3853047688802
,279.64648056030273
,277.9677594502767
,278.86787668863934
,279.5449384053548
,280.4381103515625
,279.83481216430664
,278.4080759684245
,278.19303639729816
,280.3822428385417
,278.95395278930664
,281.46902720133465
,278.16100311279297
,276.484369913737
