system:time_start,skin_temperature
,286.0919677957947
,285.5409531086792
,285.72286828009635
,285.91321767730153
,285.4102479843866
,286.91872999868986
,286.9499752198383
,286.17140123695674
,285.5588356129852
,287.1002919822385
,287.2270110832465
,286.2595132681039
,285.3523307632613
,286.63020643297125
,286.20624143998697
,285.41252671405937
,285.7597032763582
,287.34549766233107
,287.3499319474775
,286.4482953976362
,286.8110902946947
,286.5071738106863
,285.95857290470553
,286.46388778407055
,287.2741145878048
,287.50770137074227
,287.2848460997416
,285.88823375771767
,286.0212303413139
,286.84126804337825
,287.0301919035859
,288.8000112959753
,285.63068662370955
,285.4432764158144
