system:time_start,skin_temperature
,288.89218054877387
,288.63769616021045
,288.39951451619464
,288.6739292144775
,288.5675920910305
,289.6857716242472
,289.48173480563696
,288.937598016527
,288.2293026182387
,289.9674095577664
,289.5879421234131
,288.976275867886
,288.5225653118558
,289.11929416656494
,289.26048141055634
,288.4929135640462
,288.66963418324787
,290.4789382086859
,290.0460590786404
,289.2439408832126
,289.23005284203424
,288.7938737869262
,288.6368047926161
,289.22460280524365
,290.37393506368005
,290.1474147372776
,290.14324940575494
,288.76844130622015
,288.42630195617676
,289.54443910386834
,290.1682582431369
,291.16690116458466
,288.54658794403076
,287.9886031680637
