system:time_start,skin_temperature
,290.8478037373403
,290.3289172283272
,289.6044150934684
,290.61249916562423
,290.4305374202657
,290.8413749151909
,290.3698790618097
,290.5947893978505
,289.67261430833224
,291.5207007333134
,290.8685351739662
,290.4036125868894
,289.92061825012894
,290.5560595765989
,290.30959037180696
,290.39084135191274
,289.9380748334449
,292.33832570050987
,291.80863052539615
,291.3854638003231
,290.849007767238
,290.0105085480079
,290.91200837838966
,290.535197768765
,291.5490387334359
,292.6944423204058
,290.39641623907767
,290.8413807443912
,290.62266737691476
,290.93242599544453
,292.5689303080241
,292.6400043044644
,290.6191816865728
,290.29411344492485
