system:time_start,skin_temperature
,292.2809715270996
,292.5679651896159
,291.28882090250653
,292.1273193359375
,292.50832112630206
,293.4857762654622
,292.00947697957355
,291.89702860514325
,292.3008728027344
,294.22705459594727
,292.8658078511556
,291.9477195739746
,292.4824384053548
,292.1874198913574
,292.46585337320965
,291.6125958760579
,292.05883534749347
,293.2561340332031
,292.67932383219403
,292.89472071329754
,292.1249237060547
,292.4607073465983
,291.82677332560223
,292.40163167317706
,292.1874936421712
,293.3805745442708
,294.0821723937988
,292.43948618570965
,292.2131754557292
,291.9967498779297
,293.7475420633952
,293.51422119140625
,291.98738861083984
,292.02203369140625
