system:time_start,skin_temperature
,283.8374209140631
,280.65319134648394
,281.7310992855001
,281.86526560148224
,280.8938641092699
,282.2344633279643
,283.25377502590123
,282.5893000205513
,282.34291415248623
,282.83968802905065
,282.9348881122275
,282.5924435814454
,279.8694551181607
,282.8310053343894
,282.18478551694835
,280.7130082510291
,281.91518262797473
,283.1120779645993
,283.78595009122756
,282.90974626547336
,282.88365280171195
,283.26795650380546
,283.4765144977731
,283.97447988845994
,283.59537039119135
,284.2657244597417
,284.2822956310765
,282.37381254596477
,281.4247042139759
,282.66369778618866
,282.2324276627311
,286.2183884589063
,282.3453364629417
,282.2032908761246
