system:time_start,skin_temperature
,284.3674659729004
,280.39172617594403
,281.12347412109375
,279.9596939086914
,279.9066441853841
,283.79522705078125
,283.0902264912923
,283.04687754313153
,281.86816660563153
,282.61144638061523
,282.4632097880046
,284.4563840230306
,281.096378326416
,282.6677385965983
,282.9026819864909
,282.22673924763996
,282.3079477945964
,280.69068654378253
,282.2989985148112
,283.39304478963214
,282.9824574788411
,282.30332056681317
,284.2285092671712
,282.6188329060872
,281.8622754414876
,282.3347905476888
,283.38193639119464
,281.7647755940755
,281.15152740478516
,281.8598937988281
,281.18947728474933
,284.8634338378906
,282.496098836263
,285.1857401529948
