system:time_start,skin_temperature
,285.75246412297435
,284.29979773119163
,284.849786054517
,285.1564420843439
,284.9094698409942
,285.8748390842749
,285.7923301682015
,285.77109456515535
,284.8812309873476
,285.0914055475162
,285.53324111106036
,286.22463820228
,284.99301934276247
,285.00265654729947
,285.78508927777534
,286.0129880549813
,285.69230423655404
,284.51299017641105
,284.79973764080376
,285.2253869861327
,285.3618874703204
,285.5180211734773
,285.64836124318396
,285.7392244971431
,285.2712009948145
,285.3658856736591
,285.08111352077873
,285.28485357917873
,285.2974133900145
,284.7194590598349
,284.4435353890815
,285.22751712654707
,285.4674775945646
,286.79978182513355
