system:time_start,skin_temperature
,289.1151043725392
,288.90241677420477
,288.4382876441592
,288.8149638100276
,288.68145945715526
,289.57611483619326
,289.356268080454
,288.9554984683082
,288.3550781976609
,289.97677291385713
,289.7360758100237
,288.95197253757055
,288.4012545025538
,289.19822057088214
,289.03617653014163
,288.3440427628774
,288.50198231046164
,290.70499262734063
,290.1516465686616
,289.48344209459094
,289.4794722057524
,288.8823774428595
,289.0345184689476
,289.26203700474326
,290.1563676501077
,290.56578935895647
,289.5698693290589
,288.8097737630208
,288.84868973020525
,289.4820256308904
,290.3695504930284
,291.515514918736
,288.6090397910466
,288.24908943781776
