system:time_start,skin_temperature
,283.317798345305
,283.928244823934
,283.924837458208
,284.03054305686265
,284.54926043890276
,284.42992254927105
,284.1976336448471
,283.7831738676701
,283.5122136465826
,285.43874171948545
,285.49098475879975
,283.98441469605234
,284.3071538102815
,284.2257476532408
,284.0791116018507
,283.30061348946396
,283.665371539179
,285.41348957884463
,284.83082037620267
,283.8741204721711
,284.31282712619054
,284.8124247218219
,283.4233359929999
,284.3861393375539
,284.24557137021765
,284.9811995012136
,285.00976919413586
,284.52670361078907
,283.912662920534
,284.5436338358371
,285.07328924159543
,285.63008432538777
,283.814521700887
,283.493663078666
