system:time_start,skin_temperature
,288.28246943155926
,288.4964421590169
,288.36048380533856
,288.5951283772786
,288.9800109863281
,289.85543568929035
,288.8906542460124
,288.4524230957031
,288.38419850667316
,290.2761395772298
,289.56561915079754
,288.4953676859538
,289.001656850179
,288.87454350789386
,288.6200917561849
,288.1662788391113
,288.5877965291341
,289.95941162109375
,289.2015151977539
,288.4535255432129
,289.2798360188802
,289.449400583903
,288.243834177653
,288.9295120239258
,289.2034517923991
,289.3540344238281
,290.35262934366864
,289.33810170491535
,288.94886779785156
,289.2198079427083
,289.98232142130536
,290.2659606933594
,288.52465057373047
,288.5558344523112
