system:time_start,skin_temperature
,293.01169322087213
,293.7514353042994
,292.30365524944074
,294.27309173192737
,292.92930342193347
,293.4342310000688
,292.70067273653467
,293.96158896552186
,293.8500385121402
,293.9575370071281
,293.79468363574426
,293.09481348543085
,293.1988322918232
,294.02881681002106
,293.58953149909644
,294.2250405988122
,292.2013209416316
,293.9189195877466
,294.5764359694261
,294.18938120002423
,293.0012147691515
,292.77852434989734
,293.25549593542377
,292.9871867579273
,294.4919248401609
,295.46447072477423
,292.35482758742114
,294.6900768769093
,294.54861968602887
,293.1792318230001
,295.85134832268085
,294.819206107376
,293.8493884486011
,293.6739068968683
