system:time_start,skin_temperature
,281.7582090794348
,280.8840264548944
,281.6952223360799
,280.91824523463174
,280.48434229086774
,281.95255605329913
,282.38352978643763
,281.7268730163299
,281.48859547886974
,281.75335391478154
,281.75721927771247
,282.7713002437241
,281.5418175475317
,281.88761651348915
,282.4125353482731
,281.21411860959785
,282.1941210565655
,282.2606648187519
,281.1381170884543
,281.28772298271423
,281.2311719587768
,281.5842962775821
,282.0988731900802
,282.599792982054
,281.9538698720164
,281.8210678489795
,281.25835351741034
,280.8148822614793
,281.35178552943387
,281.7341196945373
,280.6675853696362
,281.3370408835801
,281.70429060102225
,282.6258616707903
