system:time_start,skin_temperature
,280.5856801949295
,280.47152380849803
,281.22643676458614
,280.9124348958333
,280.93333868886907
,280.6869768628887
,281.0577445684695
,280.81333332435753
,280.38080140656115
,282.1081308851055
,282.5126351749196
,280.4149956796683
,280.9177845973595
,280.81018814386107
,281.13714951159903
,280.35058541391413
,280.62274843103745
,282.5371376486386
,281.8807928795908
,280.40006024229757
,281.5593933404661
,281.88307287178793
,280.2413658441282
,280.9303738463159
,281.61805784936047
,282.23675761503335
,281.6373361325731
,281.4113472583247
,280.8056293562347
,281.9325346105239
,281.7694826313094
,282.8892179002949
,281.09530123542334
,280.3607770134421
