system:time_start,skin_temperature
,282.2994562784831
,281.58800489252263
,282.12998841025615
,281.51758743054944
,280.9691277706262
,282.8616140538996
,283.25875282287603
,282.4645594972553
,282.0977480917266
,282.3938646605521
,282.5789188038219
,283.69972916805386
,281.84716398065746
,282.5211725523978
,282.999839146932
,281.98920088103324
,282.5538882631244
,282.89200389746463
,281.891660863703
,281.875385168827
,281.89792581038046
,282.262166225549
,282.95687426942766
,283.05333715496647
,282.50854388150304
,282.6194192134973
,282.02848405549025
,281.5590004198479
,282.03119347312236
,282.3329417488792
,281.35770942225605
,282.26848099448466
,282.211938164451
,283.3198428876472
