system:time_start,skin_temperature
,284.34671147664386
,285.08826446533203
,284.35037994384766
,284.9380467732747
,285.15269470214844
,285.7933069864909
,285.02200444539386
,284.5708923339844
,284.8442687988281
,286.40898513793945
,285.74829483032227
,284.8685773213704
,285.13892491658527
,285.1566912333171
,285.1083272298177
,284.4948132832845
,284.8273417154948
,286.44395446777344
,285.64297739664715
,284.9225908915202
,285.32823435465497
,285.60480880737305
,284.8519655863444
,285.34566497802734
,285.268502553304
,285.6333262125651
,286.219544728597
,285.46844482421875
,285.0878041585286
,285.0469792683919
,286.0353635152181
,286.24540456136066
,284.8959452311198
,284.8414306640625
