system:time_start,skin_temperature
,283.6887824075264
,284.29150156389204
,284.32833380448193
,284.5661331310607
,284.75246757373475
,285.0970924778989
,284.67208514297215
,284.10752005326117
,283.9904279876174
,285.8320377416778
,285.8771767867239
,284.3645610474703
,284.7696328414114
,284.7297127037718
,284.4577710335715
,283.78418209678244
,284.1007355137876
,285.80747938992687
,285.2131559806957
,284.3064818131296
,284.76633694297385
,285.1656399777061
,283.98887185883103
,284.7417453966642
,284.75874690005656
,285.2653894257127
,285.65898359867566
,284.9206066466215
,284.32423434341166
,284.74407711363676
,285.539705243027
,285.86694891410957
,284.15397918433473
,284.06346237450316
