system:time_start,skin_temperature
,288.2547543843587
,286.19097900390625
,286.2853037516276
,287.2614390055339
,286.4682337443034
,287.227788289388
,286.46338780721027
,287.3228505452474
,288.86570231119794
,286.58225377400714
,286.9509112040202
,286.7016792297363
,287.132620493571
,287.8129132588704
,288.1682662963867
,288.838815053304
,287.7673110961914
,286.3134943644206
,288.0276184082031
,288.41467666625977
,287.80441029866535
,288.88501358032227
,288.68541590372723
,287.7058359781901
,288.27260971069336
,288.42771402994794
,288.7221819559733
,287.9625549316406
,288.4947992960612
,287.57264455159503
,287.72192001342773
,289.1532033284505
,287.7476450602214
,289.28939056396484
