system:time_start,skin_temperature
,282.86353994298867
,283.73890654453777
,283.4340319830867
,283.80070046817553
,283.96418725639126
,284.4601684437338
,283.9740930943707
,283.31795420262284
,283.3916211429504
,285.15977542021176
,284.97775224506984
,283.56271863451184
,283.88903709694193
,284.02177047729487
,283.77372154950575
,283.1851215487212
,283.4538181944869
,285.074992094684
,284.47632785040827
,283.6339151802146
,284.0528930464601
,284.4193967183431
,283.45052692521364
,284.1149818736224
,284.0482455733555
,284.38299698507603
,284.97186931701526
,284.0980746865532
,283.71026363663685
,283.90040209402446
,284.80183368259003
,285.065956381671
,283.4810187811425
,283.5229370848545
