system:time_start,skin_temperature
,278.6649492611675
,277.6400043319606
,278.819094531941
,278.41523795457755
,277.41925941323336
,278.5667415594904
,280.2454863974133
,278.64536227820054
,277.3840162169259
,279.08022589053746
,278.63348424659586
,278.3008394781149
,277.6346802861436
,278.40372282304105
,278.18534927848
,277.0476912732394
,278.40470919818995
,280.9212313957934
,279.6655497041138
,278.9002769278281
,279.91380761104557
,278.95352276016337
,278.20355625272543
,278.6144000839137
,279.50271762392055
,280.2562558635976
,279.61003100797063
,278.0092812304227
,278.3579962388524
,280.00743256574907
,278.9990479811183
,281.0547258389071
,277.5603431365775
,276.70928153751777
