system:time_start,skin_temperature
,287.4219169616699
,287.9259516398112
,287.2483596801758
,287.82921091715497
,287.8197199503581
,288.81956736246747
,288.19756444295246
,287.55230712890625
,287.4761199951172
,289.2909456888835
,288.54594294230145
,287.47683842976886
,288.0071169535319
,287.8770357767741
,288.0290044148763
,287.2971585591634
,287.58287048339844
,289.27591196695965
,288.5698725382487
,287.9642626444499
,288.1123326619466
,288.3048896789551
,287.6609255472819
,288.1661732991536
,288.1889177958171
,288.6634038289388
,289.14245732625324
,288.16971588134766
,287.7872568766276
,287.98998006184894
,288.8514010111491
,289.2430725097656
,287.5436757405599
,287.5078659057617
