system:time_start,skin_temperature
,296.4663059770971
,296.66091350704676
,295.4168439595165
,295.7445758255768
,296.4827267429658
,296.6674248298867
,295.8053443830741
,295.9104210656376
,297.0292838169808
,297.7340864289808
,296.9351805435937
,296.31791361125937
,296.3026009987805
,296.73478411598427
,295.91287121163225
,295.78215415765914
,296.6249936594443
,296.93455364086014
,296.5664410291614
,296.5879783949259
,296.5666830048915
,296.54468260538863
,296.2358654872142
,296.4710907213615
,296.0455152887397
,296.88985154477336
,297.2586510371597
,296.52184843388665
,296.9211333427752
,295.57342774309126
,297.3794364198414
,296.95620346157915
,296.8468205332271
,296.53176993796677
