system:time_start,skin_temperature
,284.965747864329
,285.275968198106
,285.7144244161331
,285.4689317968351
,286.06126618205343
,285.9905700603711
,285.78918636816337
,285.442872145935
,284.99292475412346
,286.9173822962499
,287.07516885338686
,285.36859921007243
,285.7790909365259
,285.7172524491695
,285.7343841730698
,284.7397594382436
,285.37229079588644
,287.07929287866807
,286.33272657549605
,285.321962962315
,285.93950064140694
,286.5520663625625
,284.82839823219064
,285.72948477302305
,285.86410683990937
,286.64686180326305
,286.58217623902175
,286.0518921811305
,285.5133730176549
,286.36744362403965
,286.56193458559125
,287.2419119940007
,285.51771121109505
,284.97524158308045
