system:time_start,skin_temperature
,281.5403779013115
,281.6843620434142
,283.18411830433627
,281.7531034235369
,282.4085871378581
,282.23389488354064
,282.85456908376597
,282.2543468809965
,281.7175899304842
,283.07554097761187
,283.8276149682831
,282.0069765459027
,282.1587098104912
,281.7026868452105
,282.6022765845583
,281.4368388527318
,282.0698452330472
,284.3125987805818
,283.2070846557617
,282.5285273100201
,282.77420110869826
,283.4775285553514
,281.40844398632385
,282.3065683465255
,282.8602151034171
,283.1947214226974
,282.8750220181649
,282.50797137879493
,281.9362308435273
,282.99970887836656
,282.72046119288393
,284.5246713203297
,282.4825925325093
,281.01524767959324
