system:time_start,skin_temperature
,278.75522486368817
,276.6939341227214
,277.8773905436198
,276.7866516113281
,276.0464604695638
,278.7723388671875
,279.1702588399251
,278.4854227701823
,277.8172353108724
,278.10476048787433
,278.2467791239421
,279.4770978291829
,276.8664207458496
,278.47711817423504
,278.1691385904948
,277.849671681722
,277.67425537109375
,278.33228810628253
,277.81764221191406
,277.89303461710614
,278.24549611409503
,277.774471282959
,279.23286056518555
,278.7159144083659
,278.56765874226886
,278.7035140991211
,279.08956782023114
,277.7427012125651
,277.61511993408203
,278.16517130533856
,277.5775947570801
,279.06520080566406
,278.30694071451825
,279.4601694742839
