system:time_start,skin_temperature
,286.709898039352
,285.41756947835285
,285.22865520152004
,285.95032365192736
,284.70153175767996
,286.76216515829395
,286.4168064501858
,286.41888741190115
,285.6214789457099
,287.00655941630515
,287.6240440486937
,286.23356501261395
,284.8825520655905
,286.6449857904005
,285.8066981707433
,285.6099419113277
,285.7240314335786
,287.11964789102245
,286.70358814564787
,286.7259299403937
,286.7738659880882
,286.7903135728466
,286.3028951541398
,286.27910188186996
,286.9442758190539
,288.29340480834014
,286.64335132569306
,285.36100556129634
,285.87148651596186
,286.53338759074836
,287.3624350082042
,289.4580557771431
,285.70541707120196
,286.049860518108
