system:time_start,skin_temperature
,285.99511481066736
,286.2872581070562
,286.7670348542137
,286.4846304038686
,287.1719763008187
,287.0536137341458
,286.76200703867727
,286.39327341116456
,286.0467880982885
,287.91312426577525
,288.025724912192
,286.3589477788992
,286.8406479676923
,286.767622762006
,286.8485788868361
,285.7924392168183
,286.3436861888776
,288.08022186127863
,287.2793042402265
,286.2679305482497
,286.89630258890605
,287.5806584334468
,285.8623153023762
,286.68318637181375
,286.79225823456915
,287.5409365096835
,287.6095410134648
,287.15670929326456
,286.5819098106287
,287.35414381670154
,287.57694640028205
,288.15798054023406
,286.42173817476305
,286.0654222774155
