system:time_start,skin_temperature
,284.8033909517176
,285.25559324376724
,285.24878924500706
,285.55682440365064
,285.79980999815695
,286.1574384651932
,285.65090022367593
,285.1326113682167
,284.9814085866891
,286.84822882857975
,286.76332787906426
,285.36967483221315
,285.6638853783701
,285.6489095500871
,285.437941532509
,284.76086336023667
,285.11068733065736
,286.84410342048193
,286.18036928363875
,285.28223254633883
,285.8388790803797
,286.16565704345703
,284.9485045040355
,285.67945906695195
,285.77183226043104
,286.3322115879433
,286.7443571651683
,285.92594086890125
,285.30981063842773
,285.7262789408366
,286.5407312430587
,286.8338037378648
,285.1439411686916
,285.133466832778
