system:time_start,skin_temperature
,283.97644005381585
,280.7984066529344
,281.6335611403363
,281.62766109122674
,280.86622005438653
,282.62718797279854
,283.72513421176615
,282.68441239842826
,282.1488446569542
,283.35684388838473
,283.1842928472555
,282.41606310478545
,280.36457663961926
,282.57604667775536
,282.22800709466514
,280.1596371392784
,281.9903543980117
,283.42596464337043
,283.60352901242817
,283.1070628536072
,282.6303443028992
,283.46143127537374
,283.285414905668
,283.6005361305093
,283.4071850006935
,284.2455694650454
,283.50993247202115
,281.93846059995127
,281.49292713541155
,282.5520759758459
,282.1551382596638
,285.9886766989526
,282.09415758880675
,282.04750745601376
