system:time_start,skin_temperature
,279.8241489834256
,279.9261437310113
,280.604849073622
,280.2608947753906
,280.31856079101567
,280.19842715793186
,280.5568543328179
,280.16781294080954
,279.49719373914934
,281.44339184231234
,281.76326794094507
,279.5848236931695
,279.9585958692763
,280.05591896904843
,280.6204466078017
,279.79401880900065
,279.76630910237634
,281.94591979980476
,281.21528082953563
,279.8931165059408
,281.0012888590495
,281.1448807610406
,279.7428977966309
,280.1750935872396
,280.84073070949984
,281.4812308417427
,280.741143544515
,280.645847913954
,280.20744137234163
,281.16421966552736
,281.19068171183267
,282.2169187757704
,280.4262891981337
,279.7448657565647
