system:time_start,skin_temperature
,292.7951352618875
,293.3721379624077
,292.17027008658096
,292.8051693750254
,293.1951945906149
,293.84761442039894
,292.8173023616812
,292.5130263810738
,293.2914485593941
,294.8376287163916
,293.77022654993596
,292.8432534936174
,293.10122636084253
,293.24492993112017
,293.07154377933296
,292.7001172229652
,293.3257339375349
,294.2438235153718
,293.6808839231567
,293.2027985935916
,293.47758867002074
,293.4929160767528
,292.8694443678747
,293.2713295979934
,292.98737331904385
,294.1182779801961
,294.25372567111026
,293.49115833834645
,293.280088862928
,292.6535681636836
,294.28252668205295
,293.84528869001906
,293.25182666668326
,292.8058164617076
