system:time_start,skin_temperature
,274.40194574991864
,273.26815558539494
,274.07538180881073
,273.3667989095052
,273.19490254720057
,274.796927218967
,275.50754691229923
,274.69976433648003
,274.0804433186849
,274.40224566989474
,274.45620074801974
,275.49513812594944
,273.9786243862576
,275.070544857449
,274.30133955213756
,273.49718297322596
,274.1791568332248
,275.44036916097
,273.9034830729167
,273.73153915405277
,274.22909088134764
,274.34436247083875
,275.0512519836426
,275.4688741048177
,274.92065505981446
,274.8753258599175
,274.1993519253201
,273.8203184339735
,274.3266862657335
,274.6014606051975
,273.4508866204156
,274.5656660291884
,274.6033299763998
,275.16220058865014
