system:time_start,skin_temperature
,279.48498439788824
,278.7018624714443
,279.7158076876686
,279.4306098847162
,278.4925751913162
,279.82421411786765
,281.176292691912
,279.74007597423736
,278.3267187391009
,280.01169645218624
,279.6655087698074
,279.3200551895868
,278.5654874075027
,279.40242690131777
,279.2403645288377
,278.0150829496838
,279.36417447952994
,281.9409629730951
,280.549308413551
,279.70967805953256
,280.765146119254
,279.9401120685395
,279.2269596826463
,279.4380750656128
,280.42058318001887
,280.9253431501843
,280.5003174373082
,278.9631720951625
,279.19800167992
,280.7000301906041
,279.9451100939796
,282.031610034761
,278.55924134027384
,277.74931875864667
