system:time_start,skin_temperature
,281.7215054829915
,279.47872161865234
,279.97559865315753
,280.7450815836589
,280.4097366333008
,281.42064666748047
,281.3098513285319
,281.55759684244794
,280.55899302164715
,280.5364646911621
,280.80255762736004
,281.7678565979004
,280.4900983174642
,280.84882736206055
,281.13365681966144
,281.4528745015462
,281.1287663777669
,279.51332092285156
,280.48265838623047
,280.65129979451496
,281.4509633382161
,281.194642384847
,281.210994720459
,280.9601109822591
,281.02922948201496
,280.81689198811847
,281.06093724568683
,281.1899185180664
,280.8936030069987
,280.1704864501953
,279.7178815205892
,281.2986348470052
,281.1077372233073
,282.32682037353516
