system:time_start,skin_temperature
,283.9744249979655
,284.9442876180013
,284.09060923258465
,284.6389897664388
,284.73266347249347
,285.51263936360675
,284.8794873555501
,284.25646718343097
,284.4655532836914
,286.0887158711751
,285.59728622436523
,284.5486259460449
,284.82285181681317
,284.966251373291
,284.8156458536784
,284.2015902201335
,284.4800262451172
,286.127202351888
,285.4422098795573
,284.5648994445801
,284.93712615966797
,285.32968775431317
,284.5877494812012
,285.12345631917316
,285.12572860717773
,285.2231953938802
,285.8296928405762
,285.08289337158203
,284.76563771565753
,284.62921651204425
,285.6274477640788
,286.01441446940106
,284.6251932779948
,284.4175745646159
