system:time_start,skin_temperature
,279.55337651570636
,276.21382395426434
,276.59850056966144
,275.4409459431966
,276.1669413248698
,277.8832499186198
,277.55192438761395
,277.3366114298503
,278.0043131510417
,277.89094161987305
,277.18854904174805
,277.78636805216473
,275.7312202453613
,278.83562088012695
,277.67090606689453
,277.7442970275879
,276.327387491862
,277.66886647542316
,277.60269927978516
,277.8404960632324
,278.2143376668294
,277.49387486775714
,278.3000653584798
,277.59120178222656
,277.97680791219074
,277.8872655232747
,278.5391985575358
,276.5132420857747
,276.20826466878253
,276.77857971191406
,276.33788172403973
,279.9045155843099
,277.26539357503253
,277.5975697835286
