system:time_start,skin_temperature
,293.7096755618141
,291.59930637904574
,291.4392307826451
,292.2542975289481
,291.7240894862584
,292.34891764322913
,292.23939314342675
,293.01680355980284
,294.2665194556826
,292.16596421741303
,292.4380716596331
,291.7648974827358
,292.1907833644322
,293.2164159502302
,293.2624747866676
,294.19372831072127
,293.4965188162667
,291.87817237490697
,293.5703847975958
,293.8534111749558
,293.4496874128069
,294.15881656465075
,293.9680929638091
,293.07801818847656
,293.5269722711472
,293.898932320731
,294.2340198698498
,293.0249390375047
,293.9189929053897
,292.98380315871464
,293.46918723696757
,294.50933183942516
,293.20142437162855
,294.2986381167457
