system:time_start,skin_temperature
,289.6627820332845
,287.7366943359375
,288.4994710286458
,289.5587615966797
,288.96354420979816
,289.58878326416016
,289.3414649963379
,289.6633580525716
,289.0791931152344
,289.3633206685384
,289.33042271931964
,289.9661572774251
,289.17139561971027
,288.715394337972
,289.53868103027344
,289.9212786356608
,289.8886260986328
,287.838623046875
,288.58044179280597
,289.0660336812337
,289.5769322713216
,289.33775965372723
,289.49206670125324
,289.3825378417969
,289.3935356140137
,289.11378224690753
,289.299856821696
,289.6598180135091
,289.3852259318034
,288.5813446044922
,288.2423947652181
,289.63195546468097
,289.6749776204427
,291.08833567301434
