system:time_start,skin_temperature
,281.1354385767228
,282.11171697958923
,281.9653275318635
,282.17107665233124
,282.45737423040924
,282.6193273984469
,282.3483358040834
,281.802358578413
,281.7196671901605
,283.5429486983862
,283.50875859382825
,282.03926609724
,282.39336062700323
,282.3515766339425
,282.143313676883
,281.5169491401085
,281.6935759324294
,283.45498442038513
,282.8965970552885
,282.00681916261334
,282.3366318238087
,282.8329756321051
,281.68592501909313
,282.53283882141113
,282.34395971053686
,282.88580982501696
,282.9909174503424
,282.39073215386804
,281.99974920810797
,282.39668670067425
,283.16533866295447
,283.5606276683319
,281.88661589989294
,281.5737555088141
