system:time_start,skin_temperature
,289.9486020406087
,290.2875620524089
,289.31396230061847
,290.125727335612
,289.9457829793294
,291.0676498413086
,290.62128321329754
,289.8244908650716
,289.4356969197591
,291.742857615153
,290.94447962443036
,289.71899032592773
,290.07256444295246
,290.0115089416504
,290.31204986572266
,289.7078717549642
,289.6162363688151
,291.27587636311847
,291.02796936035156
,290.6854133605957
,290.0437927246094
,290.41289647420246
,289.6911455790202
,290.2172597249349
,290.42831293741864
,291.17774454752606
,291.3808301289876
,290.0337092081706
,289.8060760498047
,290.2062530517578
,290.7202974955241
,291.4788564046224
,289.76602427164715
,289.6060384114583
