system:time_start,skin_temperature
,294.35666565668015
,292.253415788923
,292.0355413527716
,292.81859188988096
,292.2978693644206
,292.9147520519438
,292.9241552807036
,293.6919977097284
,294.9503384544736
,292.8147388639904
,293.0836997259231
,292.31395557948525
,292.78536969139464
,293.8278734116327
,293.84769439697266
,294.8106015523275
,294.18348802839
,292.5743237450009
,294.26414707728793
,294.5255448477609
,294.14386603945775
,294.82625416346957
,294.63855398268925
,293.74136497860866
,294.19043459211076
,294.5665275937035
,294.95606649489633
,293.60983712332586
,294.5862822759719
,293.5849235171363
,294.20400619506836
,295.20399111793154
,293.87205650692897
,294.8762414114816
