system:time_start,skin_temperature
,279.6282984814032
,279.1301834963152
,280.17351899791635
,279.75789407707936
,278.85074632961795
,278.8656943684662
,279.28229201759564
,279.5395541562253
,278.4699122702841
,280.4007518083474
,280.2284131544976
,278.75438507814215
,279.097555283009
,279.2112101075136
,279.5673786185984
,279.2127811281813
,278.8532902304432
,280.57978662676186
,280.95448955404373
,279.5437685918044
,280.32071729257535
,279.75510841017456
,278.9759408650586
,278.8441015513794
,279.7330112091177
,280.93761275484184
,279.23462231177564
,279.86668726851804
,279.2690210949405
,281.14618930281915
,280.33193805067276
,280.839402072689
,279.79369890395884
,279.5675544112391
