system:time_start,skin_temperature
,290.937361168139
,291.36500079222407
,290.29138160474383
,291.0682406955296
,291.18989239317
,292.1972193091807
,291.1631829232881
,290.7759283817176
,290.9577155835701
,292.8332258667609
,291.66884216154466
,290.7463997349595
,291.3541218536069
,290.98426591507115
,291.39773968012645
,290.5260483327539
,290.82637524845626
,292.13884234187583
,291.5692268911034
,291.60444367533984
,291.0469750298395
,291.3480580262464
,290.74061572912973
,291.28419355912644
,291.0885417822635
,292.0945175633286
,292.5422214931912
,291.2635467991685
,290.9253629433989
,291.06957653315385
,292.2803231826936
,292.4768686005564
,290.8337825428356
,290.8108033459596
