system:time_start,skin_temperature
,280.829614699833
,278.5429240029956
,279.8283020806691
,279.1825656588116
,277.74219558352524
,279.77183314732144
,282.436496643793
,280.43267970614966
,278.5357484363374
,280.967484822349
,280.23016699533616
,279.8194908263191
,277.8986953553699
,279.02814407954145
,279.0404615856352
,277.11294261992924
,278.7632271902902
,281.1179490165105
,281.01726162622845
,279.93761095924987
,279.9726143488808
,280.08282855200395
,279.6625216953338
,280.1060638427735
,281.1193251836867
,281.7401716444228
,280.5647028968448
,278.7059313153464
,278.50881258646643
,279.80436588469007
,279.56726168072413
,282.48871439979195
,278.1550464630127
,278.1427960168748
