system:time_start,skin_temperature
,292.56775792439777
,293.1807149251302
,291.91788991292316
,292.67814381917316
,293.09448496500653
,293.7704391479492
,292.62113825480145
,292.3223368326823
,292.8366241455078
,294.35307184855145
,293.404109954834
,292.6411272684733
,292.8212598164876
,292.9527956644694
,292.9102528889974
,292.3257433573405
,292.8518524169922
,293.9180425008138
,293.1709238688151
,292.9916699727376
,292.87884012858075
,292.94548924763996
,292.488961537679
,292.8567632039388
,292.87844467163086
,293.5747299194336
,293.9518750508626
,293.03665924072266
,292.83356221516925
,292.20981852213544
,293.66650009155273
,293.67454528808594
,292.7904103597005
,292.41908009847003
