system:time_start,skin_temperature
,283.5270467091756
,281.7832526701042
,283.2406242094844
,283.0031347006679
,281.75083227808693
,283.52368418375653
,284.8830558286613
,284.13203399535644
,282.7517729303444
,283.8449246356765
,283.83895777506996
,283.40342622013935
,282.1054584702335
,283.1054216101466
,283.12417400314143
,281.90200580459043
,282.53770210848273
,284.64170049950775
,284.22956909424806
,283.915534865904
,283.4505127136966
,283.91565724261795
,283.16601315846884
,283.526837574909
,284.4073853856588
,285.03080041724513
,283.76724609313715
,281.93481595449174
,282.5754565809625
,283.1453581047824
,283.81051107199795
,286.2201439424691
,282.8884338011224
,281.9184922061292
