system:time_start,skin_temperature
,281.635072072347
,279.49255116780597
,280.01853434244794
,280.7481282552083
,280.48973337809247
,281.4848454793294
,281.1415596008301
,281.59598032633465
,281.03503672281903
,280.80551528930664
,280.77465438842773
,281.5538800557454
,280.59877649943036
,280.7121874491374
,281.1034113566081
,281.45622634887695
,281.3387756347656
,279.21958923339844
,280.81809488932294
,280.96579869588214
,281.57225545247394
,281.164363861084
,281.38061650594074
,281.18605550130206
,281.13727442423504
,280.95017496744794
,281.6195182800293
,281.55065155029297
,281.1690139770508
,280.3094431559245
,279.8677686055501
,281.84651438395184
,281.5829366048177
,282.75301869710285
