system:time_start,skin_temperature
,280.75493689563785
,281.82254914851205
,281.6054198600793
,281.81005973459406
,282.1071084043318
,282.25734456380206
,282.0178503470257
,281.49687306531865
,281.38588267769023
,283.20147770438984
,283.1636582965791
,281.69033177693683
,282.02265215959875
,281.98778102553894
,281.8018424013322
,281.19519241428077
,281.3453484651084
,283.11270918801563
,282.56466289769827
,281.66690383150564
,281.9944595384449
,282.4912726737999
,281.34212611546025
,282.1927868851991
,282.0175380885044
,282.5233534578222
,282.60571245092467
,281.99294378452953
,281.66246106394357
,282.03395653365186
,282.80052297954614
,283.22907943963264
,281.56544912938386
,281.21706996454253
