system:time_start,skin_temperature
,284.6217345828101
,285.0354770478748
,285.19368344261534
,285.3073920840308
,285.79668913341703
,285.7382962908063
,285.39877969650996
,284.9317241850353
,284.7397968110584
,286.6855497451055
,286.6962053934733
,285.198845963251
,285.54270459129697
,285.5233148120698
,285.29408191499255
,284.5464698791503
,284.8247397286551
,286.621573239281
,286.040805707659
,284.9901373363676
,285.56922839936755
,286.02940452212374
,284.6312681288946
,285.49179207938056
,285.54021893455865
,286.18165326799664
,286.43066947573703
,285.88525361560636
,285.11277037121
,285.6891540527343
,286.3635228838239
,286.74295944940474
,284.96587219238273
,284.72810131254647
