system:time_start,skin_temperature
,286.0007331283004
,284.4161710385923
,284.80419455634217
,285.4395923614502
,283.9953233224374
,286.2401580810547
,286.245081866229
,286.18857645105436
,285.0894342351842
,286.39763344658746
,286.9421878390842
,285.66345907140663
,284.29760007505064
,285.9619854821099
,285.14451168201583
,284.73964938411007
,285.1744928713198
,286.41346528795026
,286.21863202695494
,286.27698735837583
,285.9447459468135
,286.2255528767904
,285.81783690275967
,285.76702478196887
,286.59452431290237
,287.5385191882098
,286.3242471483019
,284.620252750538
,285.2734249256275
,285.8702483000579
,286.39372853879576
,288.8314086772777
,285.2931360315394
,285.2677211055049
