system:time_start,skin_temperature
,286.08749566798195
,284.7135941595094
,284.49662552531964
,284.4336606973936
,283.95586267020286
,286.48303933428895
,285.63072938185474
,285.9451239822257
,285.38729210660665
,286.0814573173848
,286.07575281257306
,284.91064060787187
,282.8471147042734
,286.17552501319824
,285.1109796942469
,285.1046469381392
,284.6522311783923
,286.23311901907636
,286.619374201848
,286.5768491413519
,286.16607887724524
,286.1569759336292
,286.16818683982916
,286.2135359065824
,286.5763902473993
,287.366807399652
,285.65403192199534
,285.82198327219385
,285.03654143069883
,286.62064326794393
,286.1187745553476
,288.5313621803566
,285.72516506010305
,286.09728573530145
