system:time_start,skin_temperature
,285.3947734832764
,283.2251832882563
,283.93712973594666
,284.34720174471545
,283.1373503605525
,285.16774706045794
,285.70995938777924
,285.558470249176
,284.527745683988
,285.5948904355367
,285.6427084604899
,284.88014928499854
,283.0662685235342
,284.9139701922735
,284.3904684384664
,283.5021756887436
,284.2124604781469
,285.54264863332116
,285.4858338038126
,285.7617065509161
,285.0363236268362
,285.4061276912689
,285.04493828614557
,285.12277245521545
,285.9284639755885
,286.74855156739557
,285.35480284690857
,284.09004735946655
,284.24735955397284
,284.8056939840317
,285.19792290528613
,287.87404084205633
,284.44726153214776
,284.5759345293045
