system:time_start,skin_temperature
,279.4988883689598
,276.682543012831
,278.62950507269966
,277.76211279409904
,276.3204614427355
,278.1610064188639
,280.4074709009241
,279.3644350122522
,277.72717208862304
,279.9448669151024
,279.39884448581273
,278.5658059861925
,276.510710257071
,277.1978654084382
,277.4076067606608
,275.26219245062936
,277.63810831705734
,279.463855404324
,279.09788080851234
,277.90062979239
,278.9249282271774
,278.3815012331362
,278.0473956637912
,278.0581934328432
,279.23369940298574
,280.56600638495553
,278.7742270858199
,277.18387179904516
,276.57964647081167
,278.0974189758301
,277.78055753354676
,280.6361167342575
,276.47223999588573
,276.6274219371654
