system:time_start,skin_temperature
,275.1785011291504
,272.63111877441406
,273.3481699625651
,272.45520273844403
,272.7716064453125
,274.02439371744794
,274.0240618387858
,274.87940470377606
,273.6645991007487
,273.3376350402832
,273.3845100402832
,274.6183891296387
,272.44977951049805
,274.7319679260254
,273.80482482910156
,273.80578231811523
,273.2763366699219
,273.6373112996419
,274.87646484375
,274.7349230448405
,275.58729553222656
,273.5931968688965
,275.05495325724286
,274.2158508300781
,274.84372584025067
,275.6698455810547
,275.41580327351886
,273.44984181722003
,273.47289276123047
,274.30729420979816
,273.5052350362142
,276.3256556193034
,274.2231089274089
,274.22838338216144
