system:time_start,skin_temperature
,282.2845216566517
,280.91618170789496
,282.17419072633146
,281.84134362333566
,280.7991769852177
,281.94949993010493
,283.5380668640137
,282.3059694843908
,281.3682526209021
,282.4948175081642
,282.46689790295017
,282.0300938596008
,281.08069056849325
,281.591179714408
,281.91594175113147
,280.6165478203887
,281.4473627972347
,283.8377265109811
,282.93753162507096
,282.26766155612086
,282.633171409689
,282.87619088285714
,281.9707396312427
,282.37184758340163
,283.06913609658517
,283.43469484390755
,282.48184679913265
,280.8851991058678
,281.2290393870364
,282.5184950469643
,282.4887668650638
,284.67198156541394
,281.33382789037563
,280.2424551851006
