system:time_start,skin_temperature
,293.2688490175733
,293.5055869308173
,292.38873446595437
,294.10640498142624
,292.96477029837814
,293.25905932258155
,292.55385399612726
,293.8910272635666
,293.2601643880208
,293.6687233270384
,293.5495709737142
,292.85114191092697
,292.8170370513318
,293.82929096595916
,292.8730477426567
,293.71977271285715
,291.8514078177658
,293.81400191363167
,294.3830313888251
,294.03396338668523
,292.8508465037627
,292.6679334603104
,293.4816839928721
,293.08658698586856
,294.3069911134009
,295.410645757937
,292.44437173581593
,294.55672879686546
,294.1786845188515
,293.27503470626533
,295.6904232399137
,294.7498887604358
,293.48883622113397
,293.63339628331806
