system:time_start,skin_temperature
,275.770549474978
,274.139636569553
,274.81632307463997
,273.8436227436938
,274.47679876190386
,275.1051613801445
,275.2803943359774
,275.0795033274133
,275.5268408582101
,275.29849814122014
,274.6430885215211
,275.2872759999793
,274.4880119024538
,275.68615361132646
,275.06547845578655
,275.3961277631373
,274.6357222413705
,274.99130373686745
,275.2611153795828
,275.87523219787994
,275.7764014948427
,275.2091248705496
,276.0678684758205
,275.2505601371815
,275.6929911943822
,275.24830303316804
,276.331716026356
,274.8727889715457
,274.91567140467026
,275.2796765994403
,274.3647225323845
,276.78218278074576
,274.62109529582506
,275.64060305925756
