system:time_start,skin_temperature
,294.7997194095399
,295.11104930263804
,293.9981895323212
,294.48958486607967
,295.1622617291576
,295.4085535450671
,294.57056670910083
,294.38148071052206
,295.4776816838196
,296.4731859784752
,295.61777863429495
,294.95608921852056
,294.8509526984636
,295.29215404780047
,294.75732867797973
,294.4648330577137
,295.23432220410297
,295.72363503632306
,295.1587600889054
,295.0782360906181
,295.07477672623844
,295.02905459649133
,294.72759534606615
,295.1470147314265
,294.682608593658
,295.7809081066999
,295.7559366433057
,295.2443192673796
,295.3730871396803
,294.2069703594409
,295.90374813015603
,295.4586867234638
,295.5586829776831
,294.9463682303562
