system:time_start,skin_temperature
,279.4570833841959
,277.09936141967773
,276.88477706909174
,276.49808629353845
,277.0862693786621
,277.91464360555017
,277.03966013590497
,277.15908940633136
,278.3058738708496
,277.98005294799805
,277.24602762858075
,277.1914316813151
,277.1307722727458
,278.226277033488
,278.54577827453613
,278.6725482940674
,277.03284263610846
,278.446533203125
,278.80555152893066
,279.38209978739417
,278.9641857147217
,279.07100677490234
,279.490509668986
,277.9398015340169
,278.9557851155599
,279.3829867045085
,278.43615468343097
,278.0534477233887
,278.21095848083496
,278.79654057820636
,278.76050694783527
,280.2951895395915
,278.3631509145101
,279.26778793334955
