system:time_start,skin_temperature
,287.3331549401377
,285.4288316614488
,286.2008409687117
,286.9233317655675
,286.45619635488475
,287.3539157942229
,287.09113259408986
,287.52375254911533
,286.5782319611194
,286.6111024594775
,286.84219816619276
,287.64858163571824
,286.61728451298734
,286.71989642872535
,287.0016427133598
,287.30083532894355
,287.52024302763095
,285.2360799452838
,286.4927238015568
,286.72507035498523
,287.4682793710746
,287.10247481103033
,287.2631513558182
,287.3086332433364
,287.1039347181133
,286.92362646963085
,287.2910925921272
,287.4979473936791
,287.18056383319936
,286.2521936753216
,286.0399885738597
,287.41360279158044
,287.5114313761393
,288.7592646280924
