system:time_start,skin_temperature
,278.6402620257753
,275.4647838708126
,276.7882226886171
,275.867249806722
,275.44839916807234
,277.42877046989673
,277.81832261519
,278.2206138842033
,276.4189827658913
,276.98207728068036
,276.9055115670869
,277.7340623104211
,275.47584695527047
,277.6091211492365
,277.12497387510354
,276.52753194173175
,276.6151366956306
,277.60590836496067
,278.1835712086071
,277.49205132686734
,278.31315439397633
,276.7472167737556
,277.8242772420247
,277.68344301165956
,278.0234111439098
,278.94074249267584
,278.30059479222155
,276.4789294618549
,276.5372365315755
,277.4832473523689
,276.6472632668235
,279.26774527809835
,277.2096429304643
,276.68710801095676
