system:time_start,skin_temperature
,286.33116785685223
,286.62822977701825
,286.7135264078776
,286.98924509684247
,287.3494466145833
,287.5595397949219
,287.0782814025879
,286.7011082967122
,286.38710021972656
,288.24499893188477
,288.20041783650714
,286.8423779805501
,287.14724349975586
,287.0973650614421
,286.8607432047526
,286.12117131551105
,286.5071563720703
,288.26027425130206
,287.5757649739583
,286.61936060587567
,287.2982457478841
,287.6330757141113
,286.25747299194336
,287.03147379557294
,287.3135159810384
,287.80203501383465
,288.2869758605957
,287.4656499226888
,286.7120615641276
,287.2441151936849
,288.0509605407715
,288.3617451985677
,286.64626057942706
,286.47259012858075
