system:time_start,skin_temperature
,291.5169308980306
,290.9318313598633
,289.6624069213867
,290.2123438517253
,290.0095520019531
,291.04881286621094
,290.2267901102702
,290.7877502441406
,292.51171112060547
,290.6339988708496
,290.6390444437663
,290.59600194295246
,290.84463119506836
,291.55347569783527
,291.48536682128906
,292.382386525472
,291.59778594970703
,290.68111928304035
,292.12203216552734
,291.8812090555827
,291.0503336588542
,292.2275098164876
,292.3939959208171
,291.61436716715497
,292.2747433980306
,291.8084004720052
,291.778138478597
,291.38729095458984
,292.6120071411133
,291.5724741617839
,292.2195243835449
,292.75483957926434
,291.9361343383789
,292.6723912556966
