system:time_start,skin_temperature
,281.75602799020845
,282.6172613067068
,282.5607053596022
,282.75347612541674
,283.02380175468244
,283.2049824641301
,282.9086514287816
,282.3424777914753
,282.2618394229875
,284.09753022525774
,284.09267398987936
,282.606875758468
,282.98496253324515
,282.9258483914665
,282.70340555491464
,282.05704477331136
,282.26815946809535
,284.0218295701694
,283.45753780826107
,282.55764939584134
,282.92312214051407
,283.40340072855406
,282.23679140810566
,283.06701224190846
,282.9115164480803
,283.47485200651397
,283.6200275770474
,283.01928579588946
,282.55262879312255
,282.97178951724544
,283.74701502034947
,284.11829658480355
,282.43665070586155
,282.15472551841873
