system:time_start,skin_temperature
,284.3127021789551
,284.63161214192706
,285.1203893025716
,284.66580963134766
,284.5261459350586
,285.54262288411456
,285.76985295613605
,285.0197397867839
,284.1711730957031
,285.8116645812988
,286.45061111450195
,284.69128799438477
,284.48552831013996
,285.0886700948079
,284.6307830810547
,284.33363978068036
,284.2538426717122
,286.5206044514974
,285.9037679036458
,284.62279383341473
,285.52564239501953
,285.8143450419108
,284.3851153055827
,285.165044148763
,285.46335474650067
,285.5672912597656
,286.16875584920246
,284.83447519938153
,284.7046941121419
,285.5053024291992
,285.7238883972168
,287.13818613688153
,284.6808776855469
,283.68299357096356
