system:time_start,skin_temperature
,292.2434045040246
,292.5692317269065
,291.2643125707453
,292.118369882757
,292.09710832075643
,292.7568600394509
,292.1784795125326
,291.7014166514079
,291.90020630576396
,293.6272744843454
,292.67258071899414
,292.09064067493784
,291.933242335464
,292.09696209069455
,292.4295080936316
,291.72818022063285
,291.80880332715583
,293.15321720007694
,292.7553805726947
,292.6396541595459
,291.87418723828864
,292.20547138560903
,291.76646614074707
,292.32808280713635
,292.3667123967951
,293.24763384732336
,293.13815452113295
,292.2310318224358
,292.1783648982193
,291.92044258117676
,293.0493035749956
,293.35388362768924
,292.08815320332843
,291.6737332199559
