system:time_start,skin_temperature
,281.974287810149
,280.67539860289776
,281.36819844187045
,280.9337719575858
,280.80672958750785
,282.47366149337205
,282.6348138974036
,282.1799424253864
,281.40451935191214
,281.50092329802334
,281.9979077091923
,283.2233022524986
,281.23056077368466
,281.75682925000604
,282.47623952229816
,282.0479556896068
,281.8647121853299
,281.62970177921244
,281.3223333476502
,281.6509238349067
,281.8225288862063
,281.9434533295808
,282.56643926361454
,282.36438859539265
,281.94221548386565
,281.9827576154544
,281.5397942625446
,281.23443010118274
,281.50860379065995
,281.6173738550256
,280.88072727344655
,281.70533008339964
,281.63750354154604
,283.3127818166474
