system:time_start,skin_temperature
,279.92096170885804
,280.30136371481007
,280.7940727321581
,280.42668954257306
,280.5970619903214
,280.7702636280279
,281.02072266326553
,280.5411500601933
,279.84153909792843
,281.6909482232455
,282.1664010409651
,280.0906016908843
,280.5138700200223
,280.33885105176904
,280.6219689380163
,279.9948934796213
,279.9928156534831
,282.3454653860509
,281.3412073508076
,280.3807314291767
,281.3310548190413
,281.45536212263437
,280.01637781077415
,280.6655817579949
,281.0309299162064
,281.5934291708058
,281.26522936766173
,280.61297432033496
,280.2847723686832
,281.1631961252497
,281.5063060892039
,282.3912275467796
,280.6016222635905
,279.68678095148897
