system:time_start,skin_temperature
,292.4898352850051
,292.72361192249116
,291.22230166480654
,292.3492013840448
,292.3641301109677
,292.88689059302914
,292.23590614682155
,292.07325744628906
,291.9204415820894
,293.4907348269508
,292.7924563090006
,292.1662561325799
,292.3357124328613
,292.48356882731116
,292.68140066237675
,292.30128406343
,292.30169078281943
,293.7383134024484
,293.5271230425153
,293.35619717552544
,292.35927563621885
,292.50004850115096
,292.3934440612793
,292.75286683582124
,293.4240137736003
,293.69034721737813
,293.36082858131044
,292.8025291079566
,292.72978846232087
,292.5487618219285
,293.48232868739535
,293.7365610031854
,292.4337788536435
,291.83778871808727
