system:time_start,skin_temperature
,284.11154169276136
,284.56360007023466
,284.79204614611643
,284.9322865804036
,285.2221678581791
,285.38951707922894
,285.0120594743369
,284.42062333701307
,284.32187630473703
,286.21774850375414
,286.2820519157078
,284.7551871589992
,285.18281328505367
,285.0996741142826
,284.8355094799097
,284.1168330648671
,284.4194119218467
,286.17109127321106
,285.58780924479163
,284.61470623292786
,285.1349559175796
,285.5693615346715
,284.2924568618553
,285.0816634910694
,285.0777932319088
,285.7036769701087
,285.99121696361595
,285.3983837625255
,284.65783757748807
,285.1668013420658
,285.94243793211126
,286.24334639397216
,284.5220789149188
,284.3319775125255
