system:time_start,skin_temperature
,284.177106362802
,280.48735865840206
,281.282229953342
,282.62038930257165
,281.47547630027486
,283.87674006709346
,283.25788384896737
,283.5249187328197
,282.41083385326243
,282.90889104207355
,283.03128291942454
,283.9715622795953
,281.92497069747355
,283.3495007267705
,282.8108568544741
,283.1139420403374
,282.91554118968827
,280.84334988064234
,282.5659380312319
,283.19963879055445
,283.3310815316659
,283.37210210164386
,283.45384286951133
,282.5459772745768
,282.7572025722927
,282.7618368643302
,283.42046907212995
,282.5312101576063
,282.57931829381874
,281.76887936062286
,281.5855937533908
,284.0324085376881
,283.19880817554616
,284.6927490234375
