system:time_start,skin_temperature
,282.89586436089775
,278.862799469375
,280.9491338610862
,280.75190298315044
,279.08630563755236
,280.51436338464356
,282.6232831391705
,282.4050226149216
,280.0127110155438
,282.5194813053451
,281.6951339617416
,281.47893153579906
,278.720833348293
,280.2387283356928
,280.7321205343155
,278.2603270745462
,280.1829076938097
,281.75492771849065
,281.85340749884534
,281.0436294360736
,281.797584651555
,282.0774954026892
,281.67213058018365
,281.66704251521134
,282.4894258382416
,283.22254783825304
,282.65278864161854
,280.3296445460102
,279.08008035533993
,280.14239438941496
,280.0336006808267
,283.7963952502536
,280.65873108091483
,279.8050908696701
