system:time_start,skin_temperature
,281.0509799488804
,277.3238924260725
,279.5724073711194
,278.67416475530257
,277.38683051393747
,279.70414519728274
,281.1746231212951
,281.394999855443
,278.23863313909163
,279.8170835930005
,279.6108946549265
,280.77193109612716
,277.6693048979107
,279.7975930331046
,279.63199374550265
,278.1469588028757
,278.74586125424037
,280.4982900786818
,280.9347765738504
,279.9522760625471
,281.12462856895047
,279.6362242447703
,280.60084178991485
,280.4300274765282
,280.33765966850416
,282.0124357792369
,280.9681002298991
,279.2837746603447
,279.4214630126953
,279.6037344681589
,279.0166856866134
,282.21782095390455
,279.9506639179431
,279.13936909458096
