system:time_start,skin_temperature
,286.22236251831055
,284.4774907430013
,284.68591054280597
,285.2753677368164
,283.98003641764325
,286.2058639526367
,286.267276763916
,286.2926839192708
,285.2455012003581
,286.5229606628418
,287.12124252319336
,285.73034286499023
,284.1887397766113
,285.99635950724286
,285.10420481363934
,284.7807757059733
,285.1725794474284
,286.3373667399089
,286.23197682698566
,286.4217007954915
,285.94813028971356
,286.30324935913086
,285.91125869750977
,286.0072987874349
,286.6532402038574
,287.628657023112
,286.28461837768555
,284.81631724039715
,285.3029047648112
,286.0794219970703
,286.5653241475423
,289.0884323120117
,285.2348810831706
,285.5396321614583
