system:time_start,skin_temperature
,284.3646219941625
,284.85061277135065
,285.0361291143691
,284.99008471151717
,285.5747353963862
,285.45577885544895
,285.20029685179037
,284.8037158780567
,284.5032255460581
,286.4062187433216
,286.48206144719586
,284.91285084406746
,285.297743317548
,285.2196140902955
,285.1619659771804
,284.27491075090967
,284.7125854754689
,286.4561748402023
,285.78817108384834
,284.8100938734975
,285.32295919148885
,285.8947967732339
,284.3769704449449
,285.284278645742
,285.24131919096584
,285.98204989375745
,286.02627309171993
,285.555028868809
,284.9563313868287
,285.64253579658106
,286.05221256136434
,286.618485051934
,284.8339364386867
,284.4992141157763
