system:time_start,skin_temperature
,296.4184243326714
,296.663771770085
,295.39384361400687
,295.74042370361565
,296.4825740431423
,296.64453675903115
,295.7621710699886
,295.8436219062079
,296.9142342725046
,297.68545438335804
,296.92370080414884
,296.2621924148269
,296.2678970140508
,296.71884133639793
,295.89815393974953
,295.7990442770459
,296.66378844333553
,296.89830286815913
,296.5348670579947
,296.60000973050387
,296.6073951413175
,296.5022487595084
,296.15997898247605
,296.44669645745563
,296.0383583061117
,296.8243884405527
,297.26736817641216
,296.5738116886688
,296.9220408879345
,295.6236087802333
,297.3548669685515
,296.9430915382211
,296.83699330229365
,296.4998970537852
