system:time_start,skin_temperature
,285.1324838184175
,284.92054566882905
,285.48966870989113
,285.37230529785154
,284.88903459821427
,286.1727953229631
,286.63519087291894
,285.8808713640486
,284.8031624203636
,286.36923715500603
,286.9613708859398
,285.57489206223255
,284.9492013477144
,285.99262546357653
,285.84379504975817
,284.9215797424316
,284.9402386619931
,287.00299391973584
,286.8102174304781
,285.54882423764184
,286.3034126645043
,286.54229427519294
,285.5083956400553
,285.96124710809613
,286.7838717142741
,286.5393157958984
,287.03066685994463
,285.18721887497674
,285.44675445556635
,286.32526942661826
,286.52597739810034
,288.0337084815616
,285.38565819149926
,284.19429793584914
