system:time_start,skin_temperature
,293.0008628188923
,293.68547763619375
,292.23706981699956
,294.22011000110257
,292.92360375517165
,293.39715133174775
,292.63804056311164
,293.87365689841647
,293.64973129764684
,293.87119215278216
,293.7528096270818
,293.02919256558977
,293.1464894202448
,293.9733012619839
,293.3934089086389
,294.1063478941558
,292.1041902111423
,293.82679732127855
,294.530767625378
,294.1049805918048
,292.8642075241253
,292.74808629353845
,293.3017411180722
,293.0128789922243
,294.4910493666125
,295.4421973279728
,292.3508651487289
,294.61127168388776
,294.4387935515373
,293.1717227402554
,295.8101942411033
,294.6947276617891
,293.7029277842532
,293.4973593270907
