system:time_start,skin_temperature
,287.8145916776837
,287.04266544557964
,286.8346532185872
,287.03250875413045
,286.4733642961994
,288.09827495071124
,287.6804841959252
,287.41705039162304
,286.4480106665654
,288.1799355992731
,288.5377461895253
,287.44462179987687
,286.3722725394387
,287.6814417089307
,287.2835765334795
,286.70351743398226
,286.88887474971744
,288.61299584346744
,288.41297341592656
,287.8534823963478
,288.10319197552764
,287.6122535609599
,287.37358105257624
,287.58472773713885
,288.26384324847527
,289.0312107973879
,287.9143825746932
,286.77349056987646
,287.17874399820965
,287.6933784724782
,288.40707001596127
,290.18173961519454
,286.73269955617076
,286.9122120119491
