system:time_start,skin_temperature
,277.0257907025376
,275.90820849899956
,276.6565272858773
,275.960478214476
,275.55589763027893
,277.2355974308569
,277.89095563888634
,277.173181150232
,276.5961193022172
,276.9926567781805
,276.94622292967085
,277.9809430128385
,276.5637523409511
,277.4668647010162
,276.9968409113111
,276.12904455429816
,276.80963677914934
,277.87269688185035
,276.36433347413
,276.26588545174343
,276.64662704117893
,276.7072526270923
,277.5170022264613
,277.98113562628583
,277.3695002156365
,277.33699162754345
,276.54786901653904
,276.21127878948045
,276.8012745032102
,277.1166704831422
,275.78370137463503
,276.8952096796276
,277.0426679388042
,277.64320858592384
