system:time_start,skin_temperature
,282.72835854424375
,283.02188240333845
,283.9491374263057
,282.9333580864801
,283.25867953830294
,283.8037660386828
,284.0921292057744
,283.51967852557146
,282.75507450810187
,284.3879013344094
,285.16781698156285
,283.1830180132831
,283.2248480620208
,283.26057532981594
,283.16772212275754
,282.6905825297039
,283.11386865686495
,285.74080861409504
,284.4792835942021
,283.2678937841345
,284.1627869217485
,284.5056097807708
,282.7506505047833
,283.39736226399737
,283.71464326646594
,284.5331215187356
,284.28560059158883
,283.4852331655997
,283.2151944195783
,283.9713797675239
,284.043941893401
,285.82689248544193
,283.52447419343173
,282.11210157606337
