system:time_start,skin_temperature
,280.22946548461914
,280.3335774739583
,281.12752532958984
,280.554448445638
,280.76621500651044
,280.68184661865234
,281.0011736551921
,280.63086700439453
,279.92449442545575
,281.81378809611004
,282.20791244506836
,279.9692217508952
,280.3244158426921
,280.39489364624023
,281.05123647054035
,280.15103276570636
,280.23877207438153
,282.3973693847656
,281.6426289876302
,280.39236068725586
,281.44483439127606
,281.63681666056317
,280.14646021525067
,280.6067759195964
,281.16633733113605
,281.84786732991535
,281.15026728312176
,280.9688364664714
,280.58688100179035
,281.58312733968097
,281.5435727437337
,282.6511408487956
,280.9175059000651
,280.03685760498047
