system:time_start,skin_temperature
,277.68061447143555
,275.90221913655597
,276.8774642944336
,276.3769938151042
,275.25718180338544
,277.66034444173175
,278.1003837585449
,278.03411865234375
,276.83616892496747
,277.1638018290202
,277.4096310933431
,278.03749974568683
,275.8330421447754
,277.86484146118164
,276.73458607991535
,276.32658259073895
,276.7132822672526
,278.09825388590497
,277.1873779296875
,276.8050600687663
,277.40231068929035
,276.487491607666
,278.03461837768555
,277.7400182088216
,277.35168838500977
,278.1364466349284
,278.1988868713379
,276.86582946777344
,276.96803283691406
,277.2301940917969
,276.6823259989421
,278.0209655761719
,277.55640411376953
,277.80095926920575
