system:time_start,skin_temperature
,280.2512297453703
,280.2755562111184
,281.12069447835285
,280.5050496701841
,280.78092476173686
,280.7726908083315
,281.1676566512496
,280.714089428937
,280.047541724311
,281.864311642117
,282.4169235229492
,280.1106036150897
,280.52447749950267
,280.4799175968877
,280.7875292742694
,280.12233564588763
,280.22978719075525
,282.5219330964265
,281.56473315203635
,280.39619219744645
,281.43385540997537
,281.5937184934263
,280.06908925374347
,280.7032794245967
,281.15506475943107
,281.9000706142849
,281.3928274931732
,280.89352402863676
,280.54584361888743
,281.6430183693215
,281.5366534480342
,282.57344479031036
,281.0037027994792
,279.9893552992079
