system:time_start,skin_temperature
,281.9459577660005
,281.3260571889609
,283.29780385580403
,281.59154715786974
,282.07801062036236
,281.8684131055472
,283.6578439459743
,282.3360599379942
,281.6555208259797
,282.8208447038888
,283.1083248245668
,282.1192861196985
,281.7710174958869
,281.6718725028287
,282.4197906126459
,280.9000383093654
,281.99943704873203
,284.60419654080187
,283.3379211425781
,282.96773052598576
,282.8617563515782
,283.4782903740205
,281.2691219437075
,282.45604377961064
,283.00423941554794
,283.44422483635714
,282.9461706843242
,282.23686380654453
,281.59064161921117
,283.5687575742423
,282.2744626117997
,284.8422104555919
,282.0078972506236
,280.45828525895575
