system:time_start,skin_temperature
,296.3451654167002
,296.66814491253365
,295.35865308537706
,295.73407095701504
,296.48234041241227
,296.60951801062214
,295.69611590096775
,295.74141919228066
,296.738208469456
,297.61104735355514
,296.9061368027982
,296.1769389842853
,296.2147999174144
,296.6944488836306
,295.8756365137689
,295.82488615970755
,296.7231444626891
,296.84283918592666
,296.4865588821097
,296.6184176739381
,296.66968471004924
,296.43732497531164
,296.04387263022664
,296.40937323367956
,296.0274081226908
,296.7242298910951
,297.2807053994684
,296.6533154684855
,296.9234294320282
,295.70038576706077
,297.31727570807794
,296.9230302954833
,296.8219576389654
,296.4511315409874
