system:time_start,skin_temperature
,275.5848714910998
,274.35260502861354
,275.14570565260095
,274.50458549907194
,274.1603826663573
,275.8719138807923
,276.51467383969526
,275.78771036939156
,275.1414262029051
,275.56161713539495
,275.5653357566465
,276.596071655817
,275.0976639085144
,276.0801163787454
,275.42530756748965
,274.6984508116434
,275.2979670517317
,276.4376378920849
,274.886302899465
,274.7775973351554
,275.2451936173378
,275.29280829004966
,276.1081389895529
,276.55405738578196
,275.9991311905645
,275.88750778081766
,275.16824561160337
,274.7984647872187
,275.37419786526044
,275.61646783260903
,274.3443507517264
,275.5080964765476
,275.62401846771627
,276.20819934330524
