system:time_start,skin_temperature
,280.2516936870536
,280.3290811403834
,281.13707694622
,280.5286798188181
,280.72457646841957
,280.76010648168705
,281.1073096304229
,280.71394679522274
,279.9312361129607
,281.82183371649853
,282.22848707256895
,279.98351977569894
,280.3460292238178
,280.3982293100068
,280.92163055111666
,280.11288294166036
,280.23473227144495
,282.4524985419379
,281.5557045214104
,280.43416776560775
,281.53654742000083
,281.611998240153
,280.1212195579452
,280.64572282270956
,281.0849613613553
,281.79747124874234
,281.20493104722766
,280.79332933522244
,280.4867409600152
,281.5391522802488
,281.5348249878546
,282.6345170146287
,280.8582271999784
,279.974627485179
