system:time_start,skin_temperature
,282.14251976451646
,277.78750676122206
,279.95774016983205
,279.70214330738986
,278.0329623606013
,279.96155164433617
,282.1260809405096
,281.6204996657097
,279.2411957664051
,281.78124515489594
,280.9315071763663
,280.73058512019014
,278.1894137722322
,279.3919215585994
,279.8325650226111
,277.58801488766727
,279.710476206637
,280.82636182061555
,280.9487788978664
,280.1165590834343
,280.69661631529357
,280.5920569759676
,280.8384868139508
,280.5537917257725
,281.24368053743206
,282.3049704891512
,281.6924907202008
,279.7971246434354
,278.27898904646946
,279.3793600235862
,279.1751673468228
,282.7174055822964
,279.40904036335564
,278.8323968909252
