system:time_start,skin_temperature
,283.30701573689777
,281.77171834309894
,282.43452707926434
,282.2941487630208
,282.121332804362
,283.75230407714844
,283.933895111084
,283.43530019124347
,282.57850392659503
,282.7631543477376
,283.3025321960449
,284.3047472635905
,282.4675229390462
,282.81250381469727
,283.6862436930339
,283.3376070658366
,283.0051498413086
,282.68424224853516
,282.48955790201825
,282.8503837585449
,282.9357732137044
,283.2592480977376
,283.6227633158366
,283.6130828857422
,283.03786595662433
,283.2407506306966
,282.690123240153
,282.5664520263672
,282.7849833170573
,282.6200180053711
,282.03298568725586
,282.8601531982422
,282.7988459269206
,284.6443150838216
