system:time_start,skin_temperature
,287.9737682692961
,286.02737242530964
,285.9936613147966
,286.7753950504493
,286.1611034363274
,287.8606812885114
,287.1546095900648
,287.16117742743705
,286.5203183191655
,288.00145536207464
,288.4188290393259
,286.73758247956204
,285.42334744310756
,288.1032891961846
,286.57538060065644
,286.6216756765611
,286.27974218333486
,288.12262495546514
,287.73794852029
,287.8098622419703
,288.05556792411903
,287.45266636525554
,287.2964116194117
,287.52838907717404
,288.01804306751166
,289.15707703838194
,287.42103747870976
,287.4464922927496
,287.1058583096882
,287.95166328009657
,289.18984255452796
,290.09022539994845
,286.84046773835433
,287.3231351356807
