system:time_start,skin_temperature
,284.27542241414386
,282.05992126464844
,281.8168690999349
,282.5475362141927
,281.8717625935872
,282.85694885253906
,281.7331682840983
,281.9705123901367
,284.58703358968097
,282.76694615681964
,282.48737208048504
,282.4264488220215
,283.446481068929
,284.27033106486004
,284.3287887573242
,284.813907623291
,282.2980219523112
,282.70314025878906
,284.43038686116535
,285.12333552042645
,284.04186757405597
,284.74787521362305
,285.2234230041504
,283.5893274943034
,284.7748832702637
,284.3955993652344
,284.06147893269855
,283.0215326944987
,283.6578776041667
,283.2682825724284
,283.77969487508136
,285.5034917195638
,283.56739298502606
,285.7963587443034
