system:time_start,skin_temperature
,280.97268295288086
,282.1814244588216
,281.85914357503253
,281.9801025390625
,282.27990976969403
,282.43752034505206
,282.328431447347
,281.91047922770184
,281.56422170003253
,283.38349024454754
,283.481253306071
,281.88149388631183
,282.1605847676595
,282.08723068237305
,282.01527150472003
,281.4666608174642
,281.5824432373047
,283.35762786865234
,282.8661651611328
,281.8411038716634
,282.352289835612
,282.76159795125324
,281.48263931274414
,282.2708206176758
,282.4048728942871
,282.7187093098958
,282.8309949239095
,282.10523478190106
,281.8712743123372
,282.1474431355794
,282.9332898457845
,283.5152943929036
,281.89873758951825
,281.41676330566406
