system:time_start,skin_temperature
,291.1239076455434
,290.9962122440338
,290.1291569471359
,290.9275609254837
,291.18803763389593
,291.4898688793183
,291.39972917238873
,291.1090603272121
,290.41939572493243
,292.0632354815801
,291.37362456321716
,290.92550079027814
,290.68229564030963
,291.2826707760493
,291.4989423354467
,291.0171188910802
,290.5377855698268
,292.6588540871938
,292.3283345301946
,291.7259975274404
,290.9473125537237
,290.78605822722113
,291.21850796540576
,291.2491907278697
,292.446612238884
,292.56798648834234
,291.55569175879157
,291.2618077993393
,291.15009558200836
,291.56562260786694
,293.00345726807916
,293.27689544359845
,291.26756668090826
,290.5140561262767
