system:time_start,skin_temperature
,290.01121517049256
,288.4032784863951
,288.43316523062447
,290.0028088183967
,289.2365156715108
,289.54138850436465
,289.12128151101246
,289.51601479582246
,289.76089962484383
,289.70227975883944
,289.221183195127
,289.3607649620836
,288.9167079487954
,289.08796078763027
,289.52845843783166
,290.2756516803667
,289.9597359716061
,287.8465229434255
,289.08991658103076
,289.4217967789719
,288.9533306504497
,289.4915449268583
,289.70241640839987
,289.57414139555857
,289.0246192444781
,289.28115090023977
,289.82379933750633
,289.9380780630588
,289.5334700645759
,288.79735880931975
,288.4918619911788
,290.26994685122844
,290.1689204509013
,291.29793627177384
