system:time_start,skin_temperature
,272.45641962687176
,271.3929265340169
,272.2151158650716
,271.3836898803711
,271.6643524169922
,272.3144276936849
,272.43737665812176
,272.21117909749347
,272.3206303914388
,272.21864954630536
,272.0178387959798
,272.4432945251465
,271.61037572224933
,272.64476648966473
,271.91060129801434
,272.40600204467773
,271.9582061767578
,272.09251403808594
,272.3743489583333
,272.7558759053548
,272.69994354248047
,272.0323193868001
,272.90349197387695
,272.10601298014325
,272.62414677937824
,272.12647247314453
,273.2560386657715
,271.87946065266925
,271.8490447998047
,272.4328079223633
,271.4875882466634
,273.393793741862
,271.5959294637044
,272.5502243041992
