system:time_start,skin_temperature
,275.85952290017804
,272.9552930765484
,274.0289526033164
,273.1467980531911
,273.00503877858023
,274.6376114271173
,274.7627193204206
,275.40208901931993
,274.0599359161225
,274.0912049516516
,274.0889612643873
,275.089350894909
,273.01814833683756
,275.1768512061579
,274.39750523353695
,274.15522339094923
,273.78149539321214
,274.72344632884165
,275.46634210994586
,274.9823790403148
,275.802910002903
,274.0602249411208
,275.40653720305335
,274.9381836848473
,275.2237875449717
,276.2816603931028
,275.7596765964185
,273.9250587729079
,273.9520938930227
,275.0169651164344
,274.02148143331806
,276.59389070729117
,274.6118470756569
,274.46481547189586
