system:time_start,skin_temperature
,284.617197737182
,283.40652215817556
,282.8020646693343
,283.34630278678935
,282.8297364832992
,283.60748614295056
,282.6195450044621
,283.1584195498019
,285.289568928002
,283.45885758480784
,283.2185020446778
,282.83647231193584
,284.0111945416295
,284.7846729903571
,284.7996590393411
,285.20880762736004
,283.6793429703362
,283.3942690919348
,284.8963239421952
,285.2823239558161
,284.27985278630655
,285.10767603728726
,285.55806010187007
,283.83674940551066
,285.19115385497355
,284.9858201021528
,284.9070006332829
,284.0731100739733
,284.6930896737481
,284.2467934128928
,284.86099960844393
,286.0761410556944
,284.4819574302199
,285.8346224854895
