system:time_start,skin_temperature
,282.3833984496102
,283.35985585369133
,283.14388916984433
,283.4174716283404
,283.48133632114957
,283.95409070373216
,283.5987383120905
,283.03199041457407
,282.90779085512514
,284.68686282445515
,284.7718437840699
,283.1649533831884
,283.60269300269067
,283.6654565195558
,283.35503258276236
,282.7416210477314
,282.97451184792493
,284.6181972846783
,284.16355185533956
,283.2405467159533
,283.60379117128076
,284.00548603925756
,282.97338966087057
,283.70444641920625
,283.7212933131627
,283.9581599967189
,284.53809782563064
,283.6761045910063
,283.2543706742544
,283.55546412392266
,284.3215864272344
,284.734569529377
,283.0445997853758
,282.9718726829246
