system:time_start,skin_temperature
,292.67210401568497
,293.3097777784916
,292.42424593473737
,294.06200040850723
,292.675086238928
,293.1247353135494
,292.305641776637
,293.6792419165896
,293.9601604394745
,293.390460499546
,293.4886885525887
,292.8541249057703
,293.07575071903693
,293.90946518747427
,293.8726239789996
,294.1985779477839
,292.24577813399463
,294.02975831952006
,294.23675256026416
,294.21275008352177
,293.07952907629175
,292.5351982116699
,292.6986388490911
,292.4333607857687
,294.1009069743909
,295.2101095099198
,292.02487349928464
,294.5192350421035
,294.5066601937277
,293.23820401911144
,295.87582236842104
,294.99654602586173
,294.02051330031003
,294.0106893840589
