system:time_start,skin_temperature
,280.93664423624676
,280.77683512369794
,281.6087239583333
,281.31602732340497
,280.90731557210285
,280.76512654622394
,281.0392214457194
,281.0476608276367
,280.60143280029297
,282.288511912028
,282.4877077738444
,280.67800013224286
,281.10623296101886
,281.0176378885905
,281.51197306315106
,280.7331479390462
,280.77246856689453
,282.4544219970703
,282.19389088948566
,280.6218147277832
,281.74986521402997
,281.9033266703288
,280.4581667582194
,280.8984883626302
,281.4586931864421
,282.3249816894531
,281.5565528869629
,281.52839914957684
,280.8101069132487
,282.5388870239258
,281.9126726786296
,283.13524627685547
,281.32508595784503
,280.9412104288737
