system:time_start,skin_temperature
,282.73144713215447
,280.9755582480595
,281.54920797238407
,281.7532173682903
,281.60767809549964
,283.142580887367
,283.13362827520257
,282.87271611443884
,281.90466725141147
,281.95669025114216
,282.7639365360655
,283.585252169905
,281.76351862940294
,282.1113512104955
,282.7397872661722
,282.68491082903984
,282.26033305025646
,281.62681693592293
,281.7467185711039
,282.25096862617585
,282.27913229492884
,282.69639002043624
,282.82201131184894
,282.8200051757111
,282.3815766257801
,282.5095670415067
,282.2061668922161
,282.155976547592
,282.2954553406814
,281.854327892435
,281.4937054864292
,282.3046725042935
,282.3869074678969
,284.15594427613007
