system:time_start,skin_temperature
,292.7909810221787
,293.25225700216095
,292.40783783391856
,293.8846503724443
,292.75820446690767
,293.28415371509305
,291.97016833690884
,293.6286574559854
,293.6013463338216
,293.2347258709846
,293.49995030071716
,292.66192169730544
,293.05394617716473
,293.8112764020338
,293.22102058356535
,293.9382823917037
,291.81109375649305
,293.72174012745523
,294.2979804505693
,294.1230287213698
,292.65704280772104
,292.59055855933656
,293.06838440049626
,292.6206370685117
,294.095079922507
,295.09695477857656
,292.03252072706294
,294.4698569115172
,294.16886880211797
,293.22098373521305
,295.6083933241824
,294.5231516411964
,293.4675046771976
,293.7024838603135
