system:time_start,skin_temperature
,293.0037905375163
,293.4264500935872
,291.7980016072591
,293.28345489501953
,293.05721282958984
,293.55548604329425
,292.9158770243327
,293.3742141723633
,292.7881673177083
,294.15668869018555
,293.24972407023114
,293.086617787679
,292.8956871032715
,293.2572313944499
,293.388666788737
,293.292054494222
,292.5855941772461
,294.17317962646484
,294.1392237345378
,294.189879099528
,292.98815663655597
,292.9499702453613
,292.90197626749676
,293.26691182454425
,294.0107841491699
,294.09136962890625
,292.9608548482259
,293.73527272542316
,293.7558898925781
,293.35329182942706
,295.2191632588704
,294.6969528198242
,293.47522226969403
,292.6657409667969
