system:time_start,skin_temperature
,283.27036158243817
,282.8863042195638
,284.1444905598958
,283.4596862792969
,283.1620457967122
,284.22064717610675
,284.9297701517741
,284.3108393351237
,283.0210444132487
,284.73479588826496
,285.3116315205892
,283.79624048868817
,283.21639887491864
,283.7696393330892
,284.29137420654297
,283.10705693562824
,283.37059529622394
,285.63590749104816
,284.8412144978841
,283.65922927856445
,284.7885920206706
,284.5788383483887
,283.7153155008952
,284.12791951497394
,284.7437400817871
,285.0644302368164
,284.888375600179
,283.6145655314128
,283.6744384765625
,284.30260976155597
,284.8078956604004
,286.45787811279297
,283.73756154378253
,282.2635904947917
