system:time_start,skin_temperature
,293.86181613660244
,294.48530326362993
,293.45455298164705
,293.8870522924309
,294.3813719019025
,294.88526537399434
,294.04332365933215
,293.70426009320676
,294.5493891395067
,295.5662195128684
,294.927376797854
,294.1785172671573
,294.2523864522721
,294.5940412245835
,294.1357034559178
,293.8112675799569
,294.61892185375723
,295.2845276874625
,294.5550178186882
,294.2892823631819
,294.4439842677986
,294.45015691625224
,294.0880433144849
,294.50202542026096
,294.0375995526829
,294.94650358938674
,294.90387624812524
,294.41797880034045
,294.488562730742
,293.60126775340365
,295.2050854449129
,294.82806843442944
,294.5878678710763
,294.059367265398
