system:time_start,skin_temperature
,285.2756004333496
,284.8593114217122
,285.5139643351237
,285.3659922281901
,284.8889439900716
,286.23012288411456
,286.7321942647298
,285.9651158650716
,284.8873036702474
,286.4625129699707
,286.8668581644694
,285.6647605895996
,284.9674873352051
,286.0166155497233
,285.8800277709961
,285.0115852355957
,285.00553131103516
,287.0090077718099
,286.7464777628581
,285.6529477437337
,286.2827835083008
,286.5376269022624
,285.63899358113605
,285.9934361775716
,286.9360491434733
,286.6854604085286
,287.01076889038086
,285.1372706095378
,285.50988515218097
,286.32916768391925
,286.49628321329754
,288.1549021402995
,285.5134557088216
,284.2747116088867
