system:time_start,skin_temperature
,284.8889859517415
,285.53571065266925
,285.50785064697266
,285.57225545247394
,285.3204523722331
,286.25940704345703
,286.43445205688477
,285.53284454345703
,284.82696533203125
,286.6087506612142
,286.8872184753418
,285.377498626709
,285.4220441182454
,285.76095453898114
,285.43807729085285
,284.84311803181964
,284.99239857991535
,286.97056833902997
,286.4659932454427
,285.4154574076335
,286.09986368815106
,286.3164939880371
,285.17589441935223
,285.7805887858073
,286.26465733846027
,286.2112528483073
,286.9307924906413
,285.79331970214844
,285.2820739746094
,286.10047403971356
,286.37395604451496
,287.3460693359375
,285.2852096557617
,284.7355779012044
