system:time_start,skin_temperature
,283.6886278788249
,281.0049463907878
,281.7182261149089
,282.1297149658203
,281.2724355061849
,282.90986887613934
,284.569278717041
,283.32771555582684
,282.53222401936847
,283.3944206237793
,283.1292152404785
,282.64638392130536
,280.5993843078613
,281.93510818481445
,282.5907897949219
,280.7524223327637
,282.0013122558594
,283.7283401489258
,283.4108606974284
,283.4094174702962
,282.7446823120117
,283.36612065633136
,282.89072545369464
,283.16112263997394
,283.8920733133952
,284.49571990966797
,283.044241587321
,281.4780095418294
,282.01490275065106
,282.163813273112
,282.5582669576009
,285.6967595418294
,282.1866760253906
,281.8797022501628
