system:time_start,skin_temperature
,285.17318822542825
,282.3729800065359
,283.33145756721495
,281.87962369918824
,282.14435218175254
,283.99187726974486
,284.0940420945485
,283.75296607017515
,283.47227099736534
,284.06378324826557
,282.88093740145365
,284.4904672463735
,282.41952169736226
,284.1163853963216
,283.9998674710592
,283.7493310928345
,283.2363186995188
,283.3387443383535
,283.9642109394074
,284.51102244059246
,284.4020852724711
,283.1600389957428
,285.22499534289045
,283.34761931101485
,283.89506613413494
,283.73407328923537
,283.93062338829037
,283.03824903170266
,283.00790135065716
,283.1395668506623
,282.6767661412557
,284.83750882148746
,282.7583120663961
,284.42673648198445
