system:time_start,skin_temperature
,280.6028995968047
,280.612288066319
,281.37321699233286
,280.7580452873593
,281.0855566206433
,280.9954848970686
,281.3960048584711
,280.97847870418
,280.4411683763777
,282.1885841460455
,282.7849807285127
,280.5140545254662
,280.9262589500064
,280.7859275908698
,281.1057852790469
,280.4039263044085
,280.5423759732928
,282.72326106116884
,281.94155611310686
,280.5971903119768
,281.6223978315081
,281.9043469201951
,280.3441336949667
,280.9760859353202
,281.4964547838484
,282.2682436988468
,281.702253432501
,281.4222994758969
,280.97884541466124
,282.06838335309715
,281.7835763295492
,282.9438074656896
,281.4230533781506
,280.39864453815284
