system:time_start,skin_temperature
,282.4274737040202
,283.09826914469403
,283.0334981282552
,283.0071843465169
,283.59795633951825
,283.54224395751953
,283.43977483113605
,283.07633209228516
,282.5747299194336
,284.5226631164551
,284.7026074727376
,282.9669761657715
,283.2445894877116
,283.1135953267415
,283.0464680989583
,282.2937889099121
,282.81129201253253
,284.53784434000653
,283.9153137207031
,283.0381457010905
,283.5094401041667
,284.03325271606445
,282.29909388224286
,283.4069315592448
,283.51305770874023
,284.1525192260742
,284.08103052775067
,283.5088755289714
,283.0620829264323
,283.70603942871094
,284.0440381368001
,284.88153584798175
,283.1361846923828
,282.60755411783856
