system:time_start,skin_temperature
,293.3401201488902
,294.1754267424056
,293.5129974760284
,294.91377922477847
,293.66236415727235
,293.99065357195906
,292.8267656221359
,294.57022687300895
,294.81123319953
,294.0815365121589
,294.3576548678204
,293.5692532116541
,294.2517648962324
,294.9333866082349
,294.7770847703261
,295.01327543042623
,293.1894746305101
,294.89861055639574
,294.9177782373521
,295.3678426032699
,294.00568594824534
,293.8839864514792
,294.0159846062028
,293.18618680589793
,294.9476788097986
,296.13269336786857
,293.03570708487797
,295.44714886316586
,295.51330312093097
,294.35711506963935
,296.8279871647412
,296.0767481535384
,294.74168773762227
,295.0289519473573
