system:time_start,skin_temperature
,281.5152590061591
,282.13083319935373
,282.53440732878397
,282.0914446822996
,282.33488743479654
,282.60944031506045
,282.7183730893019
,282.4194027660339
,281.6381500988472
,283.42069904978683
,284.018252396002
,281.94093282435966
,282.4219232884849
,282.04125570281735
,282.2879325432506
,281.61455979386
,281.8164587253478
,283.918530595981
,283.13693758336507
,282.132630976235
,283.0621268419716
,283.2245802530428
,281.71350646600496
,282.3740757887926
,282.78105576057743
,283.22054880033664
,283.1171751254942
,282.43323578873304
,282.0301072035379
,282.7105769956015
,283.168655364494
,284.1291172678877
,282.36495922057605
,281.4222174543675
