system:time_start,skin_temperature
,285.5904401143392
,282.808110555013
,283.7621663411458
,282.3135172526042
,282.54625193277997
,284.3951899210612
,284.48867162068683
,284.1126022338867
,283.85567474365234
,284.46401596069336
,283.25591405232746
,284.85967381795246
,282.8352419535319
,284.45861943562824
,284.39270782470703
,284.1628227233887
,283.6769383748372
,283.75465138753253
,284.3844401041667
,284.9324429829915
,284.77247111002606
,283.55234654744464
,285.6306521097819
,283.7027765909831
,284.31372451782227
,284.1505482991536
,284.2567024230957
,283.43858846028644
,283.4158248901367
,283.51280212402344
,283.1002133687337
,285.1762415568034
,283.09344482421875
,284.82074483235675
