system:time_start,skin_temperature
,283.2941817291512
,281.6037445278535
,282.2573792428681
,282.3301883203595
,282.40715037364276
,283.6617317094619
,283.63999128735753
,283.36943480856814
,282.41447705145384
,282.5218413907306
,283.24963327413093
,284.00673682893273
,282.4308706971896
,282.51570407877944
,283.41102732508637
,283.3039806040194
,282.96711596444294
,282.12580650897064
,282.25737049953995
,282.7851069952174
,282.70877590126895
,283.1485976437235
,283.32485246264247
,283.27416412101303
,282.9164534534633
,282.9416556870642
,282.64939664940533
,282.5951318451853
,282.7806299593166
,282.3500446918582
,281.9838477415815
,282.74423455272495
,282.8928649524027
,284.5305432616515
