system:time_start,skin_temperature
,277.6311175028483
,274.6624704996745
,276.1386489868164
,275.3014399210612
,274.73401133219403
,276.6714045206706
,277.1735725402832
,277.36080678304035
,275.64048767089844
,276.1559893290202
,276.20593388875324
,276.81993738810223
,274.8535016377767
,276.7746696472168
,276.2315622965495
,275.65596135457355
,275.8199640909831
,276.8357620239258
,277.24816640218097
,276.4778582255046
,277.32542928059894
,275.74338658650714
,276.98435338338214
,276.8091176350911
,276.9647382100423
,277.7446009318034
,277.3680534362793
,275.54476674397785
,275.70570373535156
,276.6113052368164
,275.8707695007324
,278.1515833536784
,276.2525329589844
,275.8631362915039
