system:time_start,skin_temperature
,291.2442258199056
,291.6750132242839
,290.8931350708008
,291.5733388264974
,292.1558125813802
,292.6078694661458
,291.2997627258301
,291.0304768880208
,291.46385192871094
,293.24836858113605
,292.07824579874676
,291.0295702616374
,291.70356369018555
,291.6475893656413
,291.4542973836263
,291.16846593221027
,291.36433664957684
,292.5640513102214
,291.7287063598633
,291.3121172587077
,292.0492680867513
,291.9772097269694
,291.09412511189777
,291.5866978963216
,291.51200739542645
,292.4193064371745
,292.53449122111004
,291.8772964477539
,291.6900456746419
,291.55675252278644
,292.91171646118164
,292.6649220784505
,291.26754506429035
,291.3206278483073
