system:time_start,skin_temperature
,291.93192649181975
,292.2947204966603
,291.056167602539
,291.9266936690718
,291.8673704170886
,292.6736821304133
,292.04382310090233
,291.5022691797327
,291.6504511421109
,293.4497096214765
,292.4942818158938
,291.80476727897735
,291.81416047649617
,291.8900320735978
,292.21773491376706
,291.40765216026773
,291.59955008235977
,292.95153940459824
,292.44963003087923
,292.36739726125455
,291.6918228997124
,291.9905144020363
,291.5347529281804
,292.08713018158335
,292.0739147515944
,292.9889609254437
,293.0333128093201
,291.9352076495135
,291.9122874413007
,291.78128188333386
,292.85446209377704
,293.10650418128495
,291.85421150113325
,291.4498457261073
