system:time_start,skin_temperature
,288.2239697774251
,287.80879465738934
,287.38612874348956
,287.69971974690753
,287.35695393880206
,288.5978724161784
,288.3493817647298
,287.99850209554035
,287.2262649536133
,288.90878168741864
,288.9555524190267
,288.04623794555664
,287.11313756306964
,288.2302843729655
,287.94947560628253
,287.3306363423665
,287.4535649617513
,289.4705556233724
,289.1694920857747
,288.39829126993817
,288.61515045166016
,287.9792315165202
,287.9080187479655
,288.2058614095052
,288.9660987854004
,289.4671274820964
,288.4690004984538
,287.4822591145833
,287.883539835612
,288.34694417317706
,289.0621910095215
,290.5413996378581
,287.3358154296875
,287.4051030476888
