system:time_start,skin_temperature
,278.37704924649967
,276.88494182557093
,277.7785647636236
,277.09119591232417
,276.19889395366346
,278.5645108629567
,278.899768267491
,278.6586442843888
,277.69752648819326
,278.0028724966123
,278.18710489790567
,278.9348282924918
,276.9052232845809
,278.70102270259406
,277.73087746967644
,277.33107173535245
,277.63594912743383
,278.9219719642816
,277.9873486600181
,277.60344716744834
,278.3062846457311
,277.4890230755473
,278.9372293930645
,278.5748498753984
,278.19639831365544
,278.7648132235505
,278.68008720043093
,277.5386438147966
,277.71020674890326
,278.179094743359
,277.4025528929954
,278.79489435890844
,278.19002664551255
,278.6942862872929
