system:time_start,skin_temperature
,281.7039680480957
,280.74850209554035
,281.68001556396484
,281.4653091430664
,280.59410603841144
,281.6748352050781
,283.0160255432129
,281.8483606974284
,280.7842483520508
,282.10493087768555
,281.93615849812824
,281.63134638468426
,280.57802963256836
,281.3117383321126
,281.4771550496419
,280.0335324605306
,281.09893798828125
,283.51197560628253
,282.56190236409503
,281.76655197143555
,282.46570841471356
,282.4243863423665
,281.4658851623535
,281.88463083902997
,282.4070930480957
,282.8589833577474
,282.16633224487305
,280.7921447753906
,280.8663508097331
,282.3863220214844
,282.090150197347
,284.18846384684247
,280.7853317260742
,279.94392649332684
