system:time_start,skin_temperature
,293.1647620966405
,293.8446093900704
,292.2928313267084
,294.34575455277053
,293.09636518690326
,293.49339407461656
,292.85799553953575
,293.99858375831883
,293.6481231877833
,294.1223209993339
,293.80503209431964
,293.2163050616229
,293.22913158087084
,294.0707299974229
,293.5066855159807
,294.20331248530636
,292.3107732137044
,294.04947389202357
,294.64299632884837
,294.2660160300173
,293.0306990823628
,292.90999598561984
,293.44769348332915
,293.1729852181894
,294.6558182798786
,295.57651237205226
,292.58917853272993
,294.6629020785108
,294.586440851659
,293.3253738968461
,295.93931179282106
,294.8560402010694
,293.8230330855758
,293.4997904271255
