system:time_start,skin_temperature
,282.2125362767431
,281.38597643673444
,282.1795227899441
,281.4606217369607
,281.00054550570866
,282.52110435755526
,282.8638137571216
,282.2338267046337
,282.01614786911085
,282.2545294018016
,282.30674961195695
,283.37007860948273
,282.0560398950965
,282.3090945856242
,282.94406473022656
,281.8285664550535
,282.72543133736616
,282.63779991468704
,281.6282465185309
,281.76524570110087
,281.71551827586995
,282.0433303383412
,282.5981119809105
,282.984950391161
,282.39645327416423
,282.2434472603333
,281.71001490996605
,281.2486380535409
,281.7667139900727
,282.11235845348506
,281.1121545075567
,281.78046703199834
,282.05215193298903
,283.1456649184712
