system:time_start,skin_temperature
,292.0320294698079
,292.29593149820965
,290.8367335001628
,291.8583017985026
,291.82248942057294
,292.3583017985026
,291.844420115153
,291.61688741048175
,291.4621327718099
,293.14535903930664
,292.39843877156574
,291.8241132100423
,291.80703862508136
,292.06288782755536
,292.27259318033856
,291.75635147094727
,291.71832275390625
,293.2308858235677
,292.9422200520833
,292.7589530944824
,291.9945475260417
,292.026803334554
,291.87746556599933
,292.35925547281903
,292.74172337849933
,293.0564270019531
,292.8171806335449
,292.21938069661456
,292.1590118408203
,291.8568649291992
,292.78500747680664
,293.09057362874347
,291.9366709391276
,291.3074595133464
