system:time_start,skin_temperature
,292.4420420934283
,292.6374438452342
,291.2968393961589
,292.44405552697555
,292.5072785634843
,292.8962748694042
,292.30071924603175
,292.21698645939904
,292.0498376271081
,293.5092998686291
,292.70149085635234
,292.2718066260928
,292.3587343125116
,292.5295799497574
,292.77599819122804
,292.28667189582944
,292.2304688711015
,293.8248557438926
,293.6880519806393
,293.2935539730011
,292.2980630057199
,292.3832554892888
,292.3727907453265
,292.72400756109334
,293.552178216359
,293.60020325675845
,293.1703730386401
,292.9145706418961
,292.8315205044217
,292.9227123563252
,293.89925426907007
,293.9738968743218
,292.3907347785102
,291.8473397512285
