system:time_start,skin_temperature
,286.2500719556621
,285.7731033524656
,285.8884788961971
,286.12942791608424
,285.6211239559198
,287.1042368396435
,287.08302151299773
,286.3169565387801
,285.75161987504146
,287.3029672834609
,287.34368480108924
,286.45403217490207
,285.56511846554827
,286.7883089601604
,286.4623613918529
,285.62460736044096
,285.9657253938563
,287.54788706661043
,287.57163598802356
,286.64007882510913
,286.9469884984634
,286.617066277398
,286.12784841948866
,286.66693537842997
,287.4979769388835
,287.6806950413324
,287.4897210239585
,286.11697751712177
,286.1794315412933
,287.0749534282809
,287.2541732788086
,288.97324630637576
,285.76629496555705
,285.60472892312447
