system:time_start,skin_temperature
,284.01988037772804
,284.8990388953167
,284.86439315132475
,284.6813563471255
,284.7593207981276
,285.3501559271329
,285.52715019557786
,284.9047579557999
,283.93658159781194
,285.81008341692495
,286.20321760315824
,284.598891493203
,284.8532571654389
,284.85203292404395
,284.51909195167434
,284.0381213754847
,284.2611214458078
,286.19588050289434
,285.7711108663808
,284.66840423362845
,285.2331467780514
,285.56363473422283
,284.2683087224546
,284.988399118617
,285.4601364688597
,285.5574832860974
,286.0694105175958
,284.8246844747792
,284.6329195326653
,285.3308614095052
,285.5667716316555
,286.50305761807203
,284.70591105585515
,284.04633674068725
