system:time_start,skin_temperature
,290.8091443104787
,290.39183151657517
,290.4610087214289
,290.15501450547225
,289.9152796839809
,290.4915171030405
,289.57911655322926
,290.0784837190095
,290.9409050193993
,291.39627513026335
,290.41857740385035
,289.91947155514276
,290.59771971144113
,292.09325529218796
,291.19353145565
,291.5797133918281
,289.6409803510786
,292.4230471636798
,291.43247227024386
,291.56443677335176
,291.2532299144848
,290.6026330002793
,291.86936195304804
,290.0891755937456
,291.09840631570904
,292.30020325806765
,290.1078224044662
,291.39497444221564
,291.4674782280449
,290.78685177639795
,293.48811989861565
,293.21152838629644
,291.7138520799241
,291.23053586117857
