system:time_start,skin_temperature
,286.6647899025365
,286.07796183803623
,286.0887160719487
,286.39594389262953
,285.8212424830387
,287.39253261633087
,287.28312355175353
,286.50549343176056
,285.79760394180033
,287.5420831379138
,287.5865606341446
,286.6447883070561
,285.67849001968113
,286.8986874630577
,286.5155861837822
,285.8004928722716
,286.0571975708008
,287.83104505037005
,287.6918403223941
,286.9621743319328
,287.2104547065601
,286.68739847551313
,286.34654818083106
,286.86499598988314
,287.77465840389846
,288.07438780132094
,287.3495303371496
,286.132697925233
,286.33815698456345
,287.0807861863521
,287.5103874206543
,289.1309655172783
,285.8691529391105
,286.00783056961865
