system:time_start,skin_temperature
,280.4707593564634
,280.4787843492296
,281.27688287805626
,280.66052980776186
,280.9798348038285
,280.91461704395437
,281.32049277976705
,280.8799035814073
,280.3107294153284
,282.073169849537
,282.6746221471716
,280.3824794910572
,280.8024713021738
,280.6832478841146
,280.9671560216833
,280.2999774791577
,280.4250122352883
,282.65931447347003
,281.8018945764612
,280.51789163660123
,281.5374187893338
,281.7858876828794
,280.2340336552373
,280.8830656828703
,281.37938450000905
,282.1448985912182
,281.6144209967719
,281.2381980330856
,280.82479801884404
,281.92314713089553
,281.69148833663377
,282.79660387392397
,281.28679628725405
,280.2464852509675
