system:time_start,skin_temperature
,280.0973174899232
,280.0495321236405
,280.7419856950348
,280.4918088725969
,280.4564194024778
,280.25825694963044
,280.61382375978957
,280.34242398131124
,279.84418771781174
,281.64771801817653
,282.01292621388154
,279.9230835110533
,280.37621045580096
,280.3339077070648
,280.72199668136295
,279.9363617990531
,280.10168546788833
,282.06614550422216
,281.4207697849647
,279.95646929273414
,281.12435359580843
,281.3731497222302
,279.8350265353334
,280.4348321054496
,281.1032579459396
,281.7293939029469
,281.115000631295
,280.91260184493717
,280.33108999214926
,281.41288129021143
,281.3327089945475
,282.4156847187117
,280.58367695527915
,279.9291336957146
