system:time_start,skin_temperature
,285.38842253431545
,285.7253489656115
,286.37687091146057
,286.1403920042914
,286.52423412784367
,286.286300828656
,285.9799614301622
,285.7313961632565
,285.66559823783524
,287.2256772369431
,287.40840823917
,285.73455184413075
,286.3378590560172
,286.3669076537522
,286.3281033096008
,285.34439016829276
,285.93823249552105
,287.38601070036657
,286.74635515351525
,285.61640931807426
,286.4667765104359
,287.060104282292
,285.34726861613035
,286.1116443885745
,286.1420448395076
,287.10437523497774
,286.6061808807452
,286.88475512936014
,285.96290504584624
,286.8323503455673
,287.1803358665719
,287.6953488652511
,286.1701061299174
,285.52154928716453
