system:time_start,skin_temperature
,293.95274888901486
,294.9867245356242
,292.8011798858643
,294.8593323571341
,294.04648263113836
,294.52199590773813
,294.1604710987636
,294.9394579841977
,294.14488560812816
,295.6397651944842
,294.38028044927694
,294.3111028217134
,294.0511187144688
,294.5020094826108
,294.5424303327288
,294.84539804004487
,293.4980603172666
,295.2875960213798
,295.5098420551845
,295.56271180652436
,294.29872485569547
,294.1933522451492
,294.12541902632944
,294.0894962492443
,295.398505574181
,295.64204302288243
,293.8056150618054
,295.3643324715751
,295.68423153105243
,294.2072229839507
,296.7051504225958
,295.9589084443592
,294.9512953077044
,294.28902616954986
