system:time_start,skin_temperature
,290.4195180257161
,288.36834045410154
,289.3820299275716
,290.2166583760579
,289.6038553873698
,290.34290415445963
,290.2963669840495
,290.56951278686523
,289.7322782389323
,290.30195022583007
,290.094830271403
,290.95382064819336
,289.9355967203776
,290.0088604736328
,290.24402521769207
,290.4986552937825
,290.76164123535153
,288.5274463907877
,289.4084656778971
,289.84771484374994
,290.6609194946289
,290.2613917541504
,290.36045959472654
,290.37159327189124
,290.26497172037756
,289.9153195699056
,290.61418874104817
,290.6642973327637
,290.3251029459635
,289.53801162719725
,289.18650558471677
,290.5715532430013
,290.59556477864584
,292.0464015197754
