system:time_start,skin_temperature
,275.49698003133136
,273.170893351237
,274.1374689737956
,272.94309488932294
,273.54208119710285
,274.72901407877606
,274.9409039815267
,275.28426361083984
,274.3335774739583
,274.3417040506999
,274.20732498168945
,275.460506439209
,273.3698844909668
,275.1654624938965
,274.5136082967122
,274.48305892944336
,274.00472768147785
,274.4054438273112
,274.65232340494794
,274.719181060791
,275.22948455810547
,273.99366124471027
,275.2482312520345
,274.5811945597331
,274.64721298217773
,274.60350799560547
,275.45758692423504
,273.7867253621419
,274.03052775065106
,274.4272766113281
,273.5618019104004
,275.75390625
,274.21009063720703
,274.92796325683594
