system:time_start,skin_temperature
,285.00274193286896
,285.4443409442902
,285.67456773916877
,285.4617784818014
,285.3295086622238
,286.3101946910222
,286.4784007469813
,285.6682606538137
,284.9372975031535
,286.5556596517563
,287.01046148935956
,285.4055973688761
,285.2957750558853
,285.7747280995051
,285.42883992195135
,285.0020918051402
,284.9829528729121
,287.163169503212
,286.68756739298504
,285.50404532750446
,286.1917244195938
,286.4247684876125
,285.2317207256953
,285.87414662043255
,286.30471777915955
,286.2415608962377
,287.004355430603
,285.69746704896295
,285.3744833469391
,286.22222459316254
,286.48187375068665
,287.63424261411035
,285.38450618584955
,284.56545714537305
