system:time_start,skin_temperature
,278.55901329977473
,278.33445980674344
,279.0201729222348
,278.84886932373047
,278.22538877788344
,278.4005632902447
,278.69665520651296
,278.6673436750446
,277.80602773030597
,279.7084246852942
,279.68096006962287
,278.01741436071563
,278.32058602048636
,278.36731646353735
,278.99574226245545
,278.2612563685367
,278.1029104935496
,280.1839314510948
,279.7208820811489
,278.14122604905515
,279.52415225380344
,279.1909771969444
,278.1019659878915
,278.36065071507505
,279.02053049991
,279.8070037574099
,278.61058506212737
,279.13323345518944
,278.4047765899123
,279.9610301235266
,279.50647862752277
,280.55431098268747
,278.883868970369
,278.51804458885863
