system:time_start,skin_temperature
,291.7132142229778
,292.0596393802302
,290.8673419797324
,291.67979403239923
,291.9512045945578
,292.9412823808871
,291.6518661374968
,291.4232954009762
,291.733306977807
,293.63807696830935
,292.3600168615822
,291.44008869078095
,292.00565586245153
,291.6790139733291
,292.0145102089983
,291.153463286113
,291.5380458056442
,292.7840101660751
,292.21024018574536
,292.34949998933126
,291.6694246617759
,291.99054516427884
,291.36780551197086
,291.9294459335203
,291.72311947210045
,292.83713705171414
,293.43144923884694
,291.94258009127486
,291.6689961441164
,291.60496260480187
,293.1275526217329
,293.0758764685654
,291.49991970527464
,291.51021501494614
