system:time_start,skin_temperature
,278.4675153096517
,276.0219370524089
,275.93343861897785
,275.44554901123047
,276.0556920369466
,276.8983383178711
,276.19987360636395
,276.15208943684894
,277.24888610839844
,276.9369773864746
,276.10275141398114
,276.1848258972168
,276.01815668741864
,276.9784456888835
,277.5112991333008
,277.53474553426105
,276.0830790201823
,277.3680903116862
,277.8581899007161
,278.30554326375324
,277.8654556274414
,277.9265937805176
,278.36048253377277
,276.8147913614909
,277.92692438761395
,278.30423227945965
,277.4662946065267
,276.8281784057617
,276.89025115966797
,277.67748006184894
,277.45437749226886
,279.07014719645184
,277.10794830322266
,278.1547597249349
