system:time_start,skin_temperature
,281.9664602398964
,281.18589162508687
,281.8589992200994
,281.1709303550386
,280.7758546214649
,282.3839897115419
,282.7515199871314
,282.05345552444436
,281.8159777862626
,282.06763582412697
,282.1764750064045
,283.2602256902549
,281.80324114057464
,282.1171875536285
,282.7042945276632
,281.63065866283125
,282.3916363503389
,282.46356020484575
,281.44827323678805
,281.49387840429955
,281.42681386787143
,281.8808795227604
,282.41659866495144
,282.74110621170286
,282.1449706311986
,282.0579227223867
,281.4578129261419
,281.0359646943153
,281.5604074249555
,281.8512787438692
,280.79707990166327
,281.57947801797513
,281.82445285101215
,282.9733705728053
