system:time_start,skin_temperature
,286.71918545972125
,285.4690083684148
,285.3344754055814
,286.00280253092455
,284.7487448614997
,286.82840460699964
,286.4852116559003
,286.43710650194873
,285.6121110658388
,287.0281990326203
,287.6230685603511
,286.2641881650633
,284.9529388359001
,286.6625472403862
,285.8620057664477
,285.63992271767006
,285.75520915813274
,287.15625762939453
,286.77338643117
,286.73264398660746
,286.81597756050735
,286.8187623238778
,286.336262574067
,286.301543433387
,286.9870077940795
,288.2815779264983
,286.7026426641791
,285.37238359880877
,285.9022513037329
,286.56837483998896
,287.3301933563508
,289.4230432596293
,285.7453336286116
,285.9925075221706
