system:time_start,skin_temperature
,283.07427133298387
,280.97025239233875
,281.50998074400655
,282.2607915541705
,281.8955309998755
,282.90373304778456
,282.7072905746161
,283.027509801528
,282.04615918327784
,281.9869494718664
,282.2698966381597
,283.16990025838214
,282.0061245338589
,282.241652769201
,282.5867302090514
,282.90306083828796
,282.7264709472656
,280.90167700075637
,282.00489014270255
,282.1662097257726
,282.92546500411686
,282.64699636721144
,282.71143483180623
,282.54168072868794
,282.52481281056123
,282.359473434149
,282.604008768119
,282.7761324714212
,282.46405807195924
,281.6542890960095
,281.30460230509436
,282.80375058043234
,282.7165816063975
,283.8682195626053
