system:time_start,skin_temperature
,285.0387788252397
,285.48678519509053
,285.7035093596487
,285.5033474546491
,285.37146377563477
,286.3502806461218
,286.5154042099461
,285.7021292484168
,284.9773078687263
,286.59451432661575
,287.0396993232496
,285.44290172692496
,285.33808968283915
,285.81055704752606
,285.4705179387873
,285.0370012919108
,285.0210301948316
,287.19672705910426
,286.7285008285985
,285.5500681328051
,286.2265101346103
,286.45664746833575
,285.27593416156196
,285.91117905125475
,286.3486574346369
,286.2767742041385
,287.0479940934615
,285.7425362558076
,285.409462668679
,286.2596654024991
,286.52145905928177
,287.66014885179925
,285.4212527419582
,284.61154325080645
