system:time_start,skin_temperature
,280.7535473920297
,280.74654112000394
,281.65088023310125
,280.99504653267235
,281.3874573638474
,281.3156910771909
,281.67926451088726
,281.2668317711872
,280.671683822853
,282.3976931917495
,283.02225721055186
,280.76813601065373
,281.18915751360464
,281.02168080426645
,281.2480798251387
,280.6196300672448
,280.85279658220816
,283.02258853635925
,282.1259161907693
,280.92272667262864
,281.9187625387441
,282.1388448632282
,280.5270585322725
,281.2932112320609
,281.73217203997183
,282.53565293464106
,282.0948513418004
,281.50732797816175
,281.1035515605539
,282.262225828309
,282.0422615935837
,283.1029153353926
,281.6207542972288
,280.5914881609488
