system:time_start,skin_temperature
,282.8728675842285
,281.56700642903644
,282.4064458211263
,281.82227834065753
,280.8524627685547
,283.4696985880534
,283.79967371622723
,283.10851287841797
,282.4632314046224
,283.1126823425293
,283.2716407775879
,284.0621147155762
,281.144837697347
,283.42184829711914
,283.04140218098956
,282.4497871398926
,282.80678304036456
,283.1655019124349
,282.7829411824544
,282.32731501261395
,282.83320871988934
,282.97000249226886
,283.9298439025879
,283.3939387003581
,282.63074111938477
,283.4194742838542
,283.3688087463379
,282.49552663167316
,282.82604217529297
,282.55039469401044
,282.33835728963214
,283.1696319580078
,283.00013732910156
,283.84589131673175
