system:time_start,skin_temperature
,280.8533215096327
,281.97029547962717
,281.71175938634696
,281.8990427859754
,282.1881660316695
,282.3461241269822
,282.1513921329323
,281.660033952253
,281.47519619742707
,283.2848128755565
,283.29103564957614
,281.77596217830006
,282.09555445518595
,282.057621973963
,281.90078286685275
,281.3099612207593
,281.4464034827421
,283.2163664448229
,282.6922224918356
,281.75854424990933
,282.13790353914584
,282.6056151661447
,281.43205342900137
,282.2554639077122
,282.1800020522865
,282.6122583115327
,282.72651383934954
,282.058162989009
,281.7644003271088
,282.1041972876241
,282.87286661246276
,283.3468646537968
,281.7029523771953
,281.3159393475954
