system:time_start,skin_temperature
,296.97031888873363
,297.12429028897054
,296.16346119648733
,296.36883139434224
,296.87368562904715
,297.25136113457245
,296.65486042011673
,296.6195490077096
,297.6979724901358
,298.3030179263964
,297.4490314639003
,296.94735763039813
,296.95674729791745
,297.2283979908817
,296.5460669879696
,296.37950534263524
,297.12697894736795
,297.6600792377302
,297.2483421522218
,297.0523024862874
,296.8871239741906
,297.2592741545093
,297.0843690111428
,297.00465483279623
,296.51493738106234
,297.391018001981
,297.5058183598132
,296.8931811858882
,297.2913541444685
,295.9154196455474
,297.813438850367
,297.2341723391356
,297.2341118099011
,297.2540464117575
