system:time_start,skin_temperature
,280.71124886177677
,278.2592893720747
,279.58991402978296
,279.0038174122303
,277.5762022551116
,279.54562116743205
,282.15561294555664
,280.2690543097419
,278.38701409692163
,280.80660433382604
,280.17582840103285
,279.6418383486636
,277.74652278315904
,278.8756645133903
,278.8688190219638
,276.937912434071
,278.5488420778566
,280.8483952359036
,280.88553612511436
,279.8011976018682
,279.79973368601753
,279.8772801579656
,279.41291623502167
,279.90553971024246
,280.8804831977363
,281.42531554763383
,280.11958718514654
,278.4541351730759
,278.1800506523063
,279.5394101185842
,279.2664601781347
,282.2557958310789
,278.00953079773495
,277.9478907885852
