system:time_start,skin_temperature
,290.67653575088036
,290.9113981073553
,289.8411408626672
,290.7355757048636
,290.59007760250205
,291.69719938798386
,291.07639393661964
,290.43805856415713
,290.095847158721
,292.2785342823375
,291.44068631258875
,290.36532269102156
,290.66607180508703
,290.59741083780926
,291.0027286645138
,290.3019456574411
,290.19598897298175
,291.7696741277521
,291.5383921536532
,291.3486487648704
,290.59124050718367
,291.0594692808209
,290.25549790353483
,290.84644560380417
,290.9745630206484
,291.8233540852865
,292.0485302318226
,290.69724516435105
,290.4442529389352
,290.7779418482925
,291.373867150509
,292.0197837136008
,290.39390876076436
,290.2208954782197
