system:time_start,skin_temperature
,280.60321680704754
,280.6112416585286
,281.2712046305339
,280.82516225179035
,281.04633076985675
,280.86844126383465
,281.2042655944824
,280.8866958618164
,280.41263071695965
,282.1515515645345
,282.63496017456055
,280.5092964172363
,280.8965009053548
,280.81784693400067
,281.12696329752606
,280.40488560994464
,280.5717315673828
,282.5819727579753
,281.9141108194987
,280.5023536682129
,281.54129791259766
,281.90674718221027
,280.32221094767254
,280.9586995442708
,281.5612093607585
,282.2918879191081
,281.6237042744954
,281.4172948201497
,280.9842834472656
,281.97283426920575
,281.7902005513509
,282.9568786621094
,281.32143147786456
,280.4504750569661
