system:time_start,skin_temperature
,288.3855445135207
,286.5296117873419
,286.4355051131475
,287.24635672796336
,286.7001734597342
,288.2928675696963
,287.48449163891013
,287.45417102632064
,286.88007218497137
,288.47884828476674
,288.8686310541062
,287.24169923691517
,285.95698372977114
,288.52258173624676
,286.9564046950567
,287.10725884210495
,286.7180357615153
,288.71841227213537
,288.1404035659063
,288.1582279568627
,288.54889346531456
,287.9477070036388
,287.72323174249556
,287.99081698826376
,288.4769523620605
,289.8185700552804
,287.8339940752301
,287.89904067629857
,287.64051043192546
,288.36978454589837
,289.7398156302316
,290.59758516947426
,287.2742019834972
,287.8959951491583
