system:time_start,skin_temperature
,285.27200682957965
,283.53770399093634
,283.2576287587484
,283.04587173461914
,282.77381134033203
,283.67094262441003
,282.8355507850647
,282.9262752532959
,285.219161828359
,283.6193633079529
,283.1952082316081
,283.2078140576681
,284.03326988220215
,284.5222733815511
,284.8148902257284
,285.09148724873864
,282.7893114089966
,283.7434039115906
,284.7145860989889
,285.1410428682963
,284.74535306294763
,285.13717969258624
,285.95704348882043
,284.28217760721844
,284.9428014755249
,284.9336932500203
,284.809800306956
,284.4160424868266
,285.00141827265423
,284.7899238268534
,284.76376644770306
,286.1154842376709
,284.52898502349854
,285.9538383483887
