system:time_start,skin_temperature
,275.6751884759641
,272.96041122137336
,273.63618409399896
,272.720469306497
,273.05472459980086
,274.4368740904565
,274.48474203371535
,275.2722299613205
,274.1310872096642
,273.8876395880007
,273.798729316861
,275.1101290384928
,272.7869987487793
,275.09117178823436
,274.13453734154797
,274.116694207285
,273.55990780101104
,273.96776999679264
,275.1583886240043
,275.0290167565439
,275.87361863080196
,274.0923926409553
,275.44439764583814
,274.5731518315334
,275.08128184898226
,275.65898790546487
,275.76678474276673
,273.75851814419616
,273.7753512812596
,274.62547586478433
,273.6732893551097
,276.65700710521025
,274.65521748860675
,274.6860752479703
