system:time_start,skin_temperature
,284.87870661417645
,280.7755406697591
,281.6555531819661
,283.1561915079753
,281.77997334798175
,284.57848103841144
,283.8144645690918
,284.0870107014974
,282.93993123372394
,283.586727142334
,283.6680615743001
,284.60119247436523
,282.33493423461914
,284.0639788309733
,283.2900568644206
,283.58853276570636
,283.4260482788086
,281.2233581542969
,283.1611607869466
,283.92773564656574
,283.8682581583659
,283.9942334493001
,284.0946566263835
,282.9990819295247
,283.25090916951496
,283.3175354003906
,284.0946210225423
,282.91443634033203
,283.06095123291016
,282.2255630493164
,282.1192258199056
,284.81348673502606
,283.79625701904297
,285.3687286376953
