system:time_start,skin_temperature
,289.42773818969727
,289.70858510335285
,288.90599314371747
,289.53120676676434
,289.23168690999347
,290.3517201741536
,290.1587766011556
,289.37658945719403
,288.842290242513
,291.18489201863605
,290.41052118937176
,289.190975189209
,289.33801142374676
,289.6800956726074
,289.76061757405597
,289.231741587321
,289.12877655029297
,290.92733510335285
,290.8740539550781
,290.31003443400067
,289.5142313639323
,289.85522079467773
,289.2028617858887
,289.6297098795573
,290.04845809936523
,290.6584065755208
,291.1088167826335
,289.5007909138997
,289.42366790771484
,289.96114349365234
,290.36557642618817
,291.1180241902669
,289.3253351847331
,288.87267812093097
