system:time_start,skin_temperature
,293.67443756830124
,294.3288189115978
,292.4064254760742
,294.6207021077474
,293.645131792341
,293.83674694242933
,293.5759540739514
,294.35475667317706
,293.5301931472051
,294.94460169474286
,293.92217309134344
,293.81068220592675
,293.4834396725609
,294.2710725693476
,293.85685693650015
,294.47156070527575
,293.01473817371186
,294.77243841262094
,294.9571155366444
,294.8295039222354
,293.5668265933082
,293.4837829953148
,293.84433655511765
,293.6874306088402
,295.16305996122816
,295.8388079688663
,293.3849020458403
,294.74447559175036
,295.01813325427827
,293.8544122605097
,296.345284416562
,295.3939328874861
,294.2505965459914
,293.47772398449126
