system:time_start,skin_temperature
,280.1766804110619
,277.4694517402239
,279.2810236612956
,278.7413785380702
,277.2182220130838
,278.81864560034967
,281.6213743558494
,280.3856148668515
,278.1116383050078
,280.5029727976809
,280.1342696733372
,279.18872410763976
,277.2364426889727
,278.15021781511206
,278.12989265688003
,276.20276178339475
,278.0059697961295
,280.27870793496413
,279.9955948860415
,278.7833403310468
,279.4031992266255
,279.43558104320243
,278.9225515960365
,278.97117130730743
,280.01800623247703
,281.16759843723753
,279.36542597124657
,277.99586552445606
,277.4291399883968
,278.8724454654161
,278.5480113285844
,281.6486624440839
,277.3957370224819
,277.47479428527174
