system:time_start,skin_temperature
,283.2912264257912
,282.88108152684157
,284.14864203600376
,283.470038871455
,283.14986258405975
,284.23803807080276
,284.94749162255266
,284.32806681811326
,283.02242539568647
,284.7405309909727
,285.2921319666916
,283.8039177685249
,283.2142789577081
,283.76865238096656
,284.2933416289042
,283.11246112110166
,283.38050746142375
,285.6354479595897
,284.8387616165285
,283.68457344489366
,284.7835784539944
,284.5806621458472
,283.7279002492021
,284.13105265299475
,284.7703038657584
,285.06720141279015
,284.8991867003402
,283.60735562952556
,283.6746465791532
,284.3044898490595
,284.81663733381566
,286.4762689233795
,283.74340683851784
,282.26895817702376
