system:time_start,skin_temperature
,286.02276120154687
,284.4222656948115
,284.7924381330901
,285.4232698328355
,283.99380393433415
,286.2367495368509
,286.2472878499748
,286.19892384647545
,285.104945961946
,286.4100899041868
,286.95998434926946
,285.67010675068775
,284.286780288796
,285.9654019673665
,285.14050552268435
,284.743736990137
,285.174302693286
,286.40590174057905
,286.21995838639003
,286.29137064117236
,285.9450823216656
,286.23327524521767
,285.8271222332724
,285.7909059711531
,286.6003601722468
,287.5474781210906
,286.32030838611075
,284.63973989050373
,285.2763549704957
,285.8910383835338
,286.4107836804359
,288.8569546369166
,285.2873459859611
,285.294746747983
