system:time_start,skin_temperature
,277.67095610276533
,275.94673276642584
,277.55488990619307
,277.1804653694724
,275.63677124680976
,277.34301605031214
,279.160593663785
,277.0364265296849
,276.03095321751977
,277.3573965742259
,277.30976233826846
,276.8999949359773
,276.24500288679275
,277.0340925973329
,276.7138260912684
,275.58561239012903
,277.15351485722573
,279.4274891223593
,278.28313573684983
,277.24058675342945
,278.3476787320562
,277.27924838628155
,277.0115497284516
,276.9739171597442
,278.02287323907
,279.1544513678219
,277.82109757823486
,276.1500300901774
,276.64400720052396
,278.4433630011381
,277.746567096396
,279.17029623749596
,276.15497399585183
,275.4363044961173
