system:time_start,skin_temperature
,281.7816373566051
,277.36462892132045
,279.89697058406875
,279.48954933072315
,277.6588776199906
,279.70844937548225
,282.0923230677475
,281.4196284729757
,279.0885563603154
,281.4600445311746
,280.7558474599579
,280.3839951032474
,278.07901128133136
,279.145671185152
,279.2580022929627
,277.2744110013232
,279.6076024373373
,280.7582200603721
,280.62512178774233
,279.5927286501284
,280.2061303221149
,279.77963289802454
,280.29696857782056
,279.8732157577703
,280.61990003232603
,282.11607605733985
,281.32854956167716
,279.8660649429133
,278.25712745572315
,279.08824063524787
,278.6444206237793
,282.30781526918764
,278.78450153492116
,278.7376457496926
