system:time_start,skin_temperature
,282.09996556599936
,280.9625533040364
,281.609704284668
,281.0001510620117
,280.1359735107422
,282.52872365315756
,282.9127319844564
,282.3375346883138
,281.73301818847654
,282.3467106628418
,282.44246922810873
,283.30431849161783
,280.54274622599286
,282.5395078023275
,282.2400935872395
,281.5459931945801
,281.9096980794271
,282.44008361816407
,281.97475107828774
,281.40460016886396
,281.9129043579102
,282.02199956258136
,283.02408055623374
,282.6485659790039
,281.9068706766764
,282.53654622395834
,282.39059260050453
,281.5711060587565
,281.92484263102216
,281.7693237304687
,281.460465037028
,282.3275893147786
,282.2436057535807
,283.0497129313151
