system:time_start,skin_temperature
,286.6929570112008
,285.9261056045203
,287.14715860069555
,286.7253506437866
,286.0518396933696
,286.9195259316122
,286.7127382902846
,286.5612974344662
,286.2048582550663
,286.51890637641696
,286.1775224786655
,287.4052568388732
,286.8247495732318
,286.0886596605726
,287.10581045129425
,287.12989793758976
,287.5781073801381
,286.350103100941
,285.87496884521664
,286.4156892479221
,286.3249427801099
,286.143940967557
,286.70350035084977
,286.8297500212098
,286.63425512975226
,286.35404146153206
,286.22324898454525
,286.36392345044436
,286.3072672651207
,286.10703878950306
,285.86107127725137
,286.2596076436224
,286.4374126232355
,287.8641469046574
