system:time_start,skin_temperature
,286.6500189225752
,286.2673099224384
,286.24723066951765
,286.559459448734
,286.08000524052767
,287.5089382129711
,287.4456574296777
,286.66020149538366
,286.10692392426097
,287.71952217577143
,287.6236239003611
,286.80536633446104
,286.04171670487506
,287.0790140200883
,286.8921205569536
,286.05450851664
,286.3666306380387
,288.0475529541463
,287.93894324110545
,287.0307311313056
,287.3196586916298
,286.871901278094
,286.53300530569896
,287.11139354775673
,288.0143719767476
,288.05463428986377
,287.8400327102606
,286.4423533009959
,286.47430397564676
,287.3998778346694
,287.72028120271455
,289.2745148096329
,286.1033496786823
,285.93732217641974
