system:time_start,skin_temperature
,286.0565235349867
,286.6498004595439
,285.97317579057477
,286.55149756537537
,286.59651973512433
,287.4707279735141
,286.79048951466876
,286.21398713853625
,286.35254017512005
,287.9504800372654
,287.29794406890875
,286.37440363566077
,286.74366373485987
,286.74524688720703
,286.71868711047705
,286.0767958429125
,286.3815039528741
,288.03854311837085
,287.2865620189243
,286.5518993271722
,286.8961481518216
,287.10055859883624
,286.42935127682154
,286.99755642149177
,286.9240101708306
,287.29369555579297
,287.8051486545139
,286.9695787429809
,286.61625703175866
,286.686948246426
,287.62364186180963
,287.91010093688965
,286.4086083836026
,286.37849606408014
