system:time_start,skin_temperature
,282.4098846585143
,283.2330594530293
,283.17372610054764
,283.4108933093501
,283.50617592007507
,283.9311711928424
,283.5400255240646
,282.94472249348956
,282.8665204515644
,284.6699802922268
,284.7875667646819
,283.184269101012
,283.6491749333401
,283.63944341622147
,283.3207974901386
,282.68493405510395
,282.9634632783778
,284.63127480301205
,284.09196696561924
,283.20579521328796
,283.54817902808094
,283.98811826518937
,282.90937049716126
,283.6569869097541
,283.60843665927064
,284.0146013147691
,284.44622122072707
,283.69585897408285
,283.2105481016869
,283.56726163976333
,284.34877081478345
,284.7189996756759
,282.98874843821807
,282.921641331093
