system:time_start,skin_temperature
,279.4418933556515
,278.9606840025704
,280.3060801284118
,279.2774976334482
,279.03487396240234
,279.5097249348958
,280.92295134442406
,279.80834658640737
,278.7972906820429
,280.05883829848574
,280.3523537737768
,279.0904483675207
,278.86301582864246
,278.96064712716344
,279.8560200337344
,278.40015437767937
,279.4315743596299
,282.07600705128795
,280.739129840203
,280.2180193775105
,280.65296763294145
,280.53250748256465
,278.93633786087514
,279.71177025561065
,280.3593712332863
,280.91303008457396
,280.76613197086743
,279.6333439665021
,278.99366913801475
,280.94548245795863
,279.8962879060949
,281.9840505827898
,279.41736425243835
,277.9010210337129
