system:time_start,skin_temperature
,282.40249002433734
,281.57359968167503
,282.2440877343491
,281.6493991299798
,281.15469631229104
,282.7960960806423
,283.2027851304647
,282.44058489175217
,282.2112366294262
,282.43872168737215
,282.722747894443
,283.6902561074822
,282.05383641337795
,282.48192422297444
,283.1342858438451
,282.1840639214499
,282.83525151409225
,282.7527205930195
,281.9871607986348
,281.93364063482676
,281.91713155799977
,282.3446139631748
,282.93670481365604
,283.0414740107771
,282.45219623298453
,282.46872444469403
,281.992215736297
,281.58498340860007
,281.97499911799565
,282.2034043915176
,281.37623543503145
,282.0911358208457
,282.1617620750677
,283.29539424410183
