system:time_start,skin_temperature
,286.398057840461
,286.7825942466069
,287.5112157534971
,287.28106920511937
,287.59590651145436
,287.4900018356356
,287.14587125742406
,286.7465001282178
,286.7732561495418
,288.3528856717756
,288.4065836801402
,286.87042340943066
,287.38368798501887
,287.4934589227376
,287.299798087312
,286.36065955173996
,286.99373703681414
,288.36897235066994
,287.70636062644456
,286.70668857764974
,287.33458728530223
,288.08278366627235
,286.60847276003665
,287.1549754509069
,287.0768069222578
,288.0449684551574
,287.9274015759158
,287.81695654250706
,287.10198989735756
,287.72839500678447
,288.26030445437544
,288.56780560134035
,287.1223899153893
,286.62234559415515
