system:time_start,skin_temperature
,285.17644627888996
,282.4094874064128
,282.51590220133465
,282.79271189371747
,282.57886505126953
,283.93599192301434
,282.6673418680827
,282.8946762084961
,284.6331787109375
,283.35771560668945
,283.074275970459
,283.09828821818036
,283.1522789001465
,284.446725209554
,284.5223871866862
,285.56274795532227
,283.06734975179035
,283.7793324788411
,285.0219497680664
,285.5439516703288
,284.83417256673175
,285.35063552856445
,285.6934954325358
,283.7405598958333
,285.158260345459
,285.24749247233075
,285.2894096374512
,283.4450276692708
,284.0251770019531
,283.35590108235675
,284.1627616882324
,286.22669982910156
,283.33218638102215
,285.85250600179035
