system:time_start,skin_temperature
,277.92651621500653
,277.0503330230713
,278.2982222239176
,277.7611675262451
,277.1328531901042
,277.97658856709796
,279.4281514485677
,277.98374048868817
,276.97912470499676
,278.5360387166341
,278.40135447184247
,277.4782892862956
,277.03739738464355
,277.6650969187419
,277.79834810892737
,276.58806165059406
,277.6194044748942
,280.3602809906006
,279.0103123982747
,278.41921361287433
,279.24396260579425
,278.3989969889323
,277.48434257507324
,277.937702814738
,278.9579315185547
,279.50661977132165
,279.1398169199626
,277.52022107442224
,277.53492164611816
,279.66994031270343
,278.36281140645343
,280.4218629201253
,277.226442972819
,276.11218961079913
