system:time_start,skin_temperature
,276.1299589864863
,274.85447001907056
,275.6420221388715
,275.0391749256062
,274.65245339255665
,276.3965679624546
,277.00727333212797
,276.3067054028781
,275.6612685581423
,276.1097971358389
,276.13901229474527
,277.1372999515174
,275.58330461514066
,276.5634378637158
,275.9618203984866
,275.28140937757195
,275.8307678894427
,276.8731006646306
,275.39248162995347
,275.2907408468379
,275.7398667725377
,275.802655561915
,276.6274690688031
,277.04125813418216
,276.4928892843379
,276.35874487918875
,275.7194504887803
,275.30389404296875
,275.8514799202013
,276.10594258818236
,274.85364357330513
,275.9934811382174
,276.1295860818347
,276.7475030287257
