system:time_start,skin_temperature
,292.7442700068156
,293.22896842956544
,292.4353209177653
,293.9080423990886
,292.7275689442953
,293.22427336374915
,292.01812903086346
,293.6231157938639
,293.70129413604735
,293.2325703303019
,293.4606957753499
,292.69769229888914
,293.05013790130613
,293.8265696843465
,293.4179829279582
,294.0073179880778
,291.93700472513837
,293.8359952926636
,294.2574839274089
,294.1709016799927
,292.784157816569
,292.56517702738444
,292.92810541788737
,292.5251422246297
,294.06115137736003
,295.09881661732993
,292.0165225346883
,294.46535911560056
,294.25580654144284
,293.2484836578369
,295.67932720184325
,294.6693867365519
,293.6266572316488
,293.8206253051758
