system:time_start,skin_temperature
,292.6874313514103
,293.18034513891155
,292.0424923650723
,292.6764922733919
,293.0959045005809
,293.75451572902364
,292.67012698015236
,292.38503416479045
,293.0955758407358
,294.74977230460405
,293.55543347282884
,292.65022186853895
,292.9737148471125
,293.0368583338696
,292.8900492414105
,292.5384910987844
,293.1275350339243
,294.03441097413804
,293.47053766184104
,293.00018455792673
,293.2980435848901
,293.3137004591597
,292.69213004757336
,293.0797096263082
,292.8590127740112
,293.9439672366346
,294.075255320827
,293.3663133437663
,293.1507161777555
,292.51098032676026
,294.1705151428904
,293.6948263894564
,293.0492111801935
,292.6558397364916
