system:time_start,skin_temperature
,277.3738568094042
,276.9241622289022
,277.64809423022797
,277.49209536446466
,276.6565149625143
,277.0458821190728
,277.4205207824707
,277.30013619528876
,276.3299796846178
,278.3304751184251
,278.0564311345418
,276.57596307330664
,276.8580313258701
,276.96770752800836
,277.531617058648
,276.99251243803235
,276.61590115229285
,278.88163889778986
,278.3943048053318
,276.83492936028375
,278.2592053413391
,277.7068250974019
,276.85229688220556
,276.927443186442
,277.6706098980374
,278.6163008477953
,277.04334004720056
,277.7457928657531
,277.04792891608344
,278.63744862874347
,278.2989099290636
,278.96820142534045
,277.63049162758716
,277.25179794099597
