system:time_start,skin_temperature
,293.3770360251216
,293.9298014190464
,292.84130740920097
,293.3510155925993
,293.81413185657294
,294.4291931271697
,293.4660979632234
,293.08161885575606
,293.8377899674217
,295.153428162351
,294.31542157903476
,293.4887201337778
,293.6963635401646
,293.93636825797495
,293.59001976555317
,293.2605338470189
,293.97418788093427
,294.7773322253151
,294.11065694603565
,293.70710871565456
,293.9512627088549
,293.97192682980767
,293.46333720100114
,293.84296783887237
,293.4821967914823
,294.41467972467666
,294.4961650896944
,293.9129337199836
,293.8616913359025
,293.17445744752797
,294.74998370259743
,294.31472209305497
,293.87616733407083
,293.42580573291264
