system:time_start,skin_temperature
,277.12080001831055
,276.69097391764325
,277.4062093098958
,277.2662938435872
,276.4740295410156
,276.8758239746094
,277.20177332560223
,277.0301157633464
,276.08373260498047
,278.14233779907227
,277.84616978963214
,276.3444684346517
,276.70144271850586
,276.77890904744464
,277.269282023112
,276.75461196899414
,276.4005711873372
,278.65718841552734
,278.10869852701825
,276.5578549702962
,277.9867579142253
,277.4637819925944
,276.60392634073895
,276.71106211344403
,277.44667689005536
,278.3615239461263
,276.8217353820801
,277.55897521972656
,276.80903879801434
,278.36803436279297
,278.0721143086751
,278.7540817260742
,277.37696584065753
,276.9646733601888
