system:time_start,skin_temperature
,283.5577049255371
,280.0284372965495
,281.72887166341144
,281.40716552734375
,280.5138854980469
,281.6903813680013
,283.0333773295085
,282.7412694295247
,281.96321868896484
,281.94689051310223
,281.8150240580241
,282.22397486368817
,278.8950258890788
,282.73787053426105
,281.81758371988934
,281.2049496968587
,281.9181823730469
,282.5937321980794
,283.36047617594403
,282.4535535176595
,282.659673055013
,282.78564580281574
,282.9218050638835
,284.08715057373047
,283.70219802856445
,284.28924560546875
,284.5478680928548
,282.54441324869794
,281.3413365681966
,282.7905553181966
,282.1945508321126
,286.30151621500653
,282.60508219401044
,282.0541229248047
