system:time_start,skin_temperature
,292.46841164791226
,291.53994519782793
,291.2397560350823
,292.4802673802231
,291.8304195982037
,292.2749774817264
,291.5493387164492
,292.32175699869794
,291.0843207619407
,292.61115276452267
,292.42976275357336
,291.6659718137799
,291.42271758570814
,292.4818504795884
,291.5475651134144
,292.2918702327844
,291.1396810358221
,293.7628125277432
,293.53863039883703
,293.1047371373033
,292.29231239087653
,291.3453367984656
,292.7490605441007
,292.1210981426817
,292.7614992315119
,294.4311821677468
,291.7645114551891
,293.18817924730706
,292.55713399251306
,292.2440493034594
,294.4517985257235
,294.3351937496301
,292.5572888923414
,292.6258172699899
