system:time_start,skin_temperature
,282.72741172427226
,281.9146481468564
,282.3828172229585
,281.7735370454334
,281.15500350225545
,283.1922977992466
,283.6378524416969
,282.9318150111607
,282.4564038231259
,282.9463778904506
,283.0413445972261
,284.07246962047753
,281.76267950875416
,283.047548021589
,283.19159516834077
,282.3188808986119
,282.7640617007301
,283.1702121552967
,282.5195047287714
,282.181098029727
,282.43963623046875
,282.7429462614513
,283.56716174171083
,283.3854086739676
,282.7193765186128
,283.1042462303525
,282.67583883376346
,282.11488233293807
,282.5075189499628
,282.5516088576544
,281.90372630528043
,282.8349656604585
,282.7255579630534
,283.6748213995071
