system:time_start,skin_temperature
,282.5399640401204
,281.68663054821536
,282.1672972136853
,281.55544894349345
,280.90405258477904
,282.98179087919345
,283.42184799792716
,282.7504110897289
,282.25626313452625
,282.76452030855063
,282.8533532385733
,283.86169111962414
,281.48763073191924
,282.8703085955451
,282.94414146273743
,282.09277411068183
,282.52424277511295
,282.96935750923905
,282.3431469786401
,281.9524759778789
,282.2553298052619
,282.5216171414245
,283.3814135532753
,283.1813884061926
,282.5041383481493
,282.91642028210214
,282.5283989251829
,281.92715947768266
,282.3152364095052
,282.336025761623
,281.73836001227886
,282.66184354295916
,282.56541068881165
,283.48547572715614
