system:time_start,skin_temperature
,288.09178114075587
,287.78108597907465
,287.57035184113874
,287.88229279449024
,287.708467721248
,288.8272472215735
,288.68009032097416
,288.06579428410186
,287.424210236038
,289.1360477502795
,288.84119955975075
,288.15843564461966
,287.59101820130275
,288.3344471917636
,288.33137315390763
,287.5417162798453
,287.76597199370894
,289.6326422871023
,289.1775620170261
,288.45758508875747
,288.5337750642196
,287.99494024083236
,287.91338570636253
,288.42729768614834
,289.47971437979436
,289.37227982230814
,289.1480416449948
,287.8955814085145
,287.7553442250127
,288.65288884259655
,289.2716475666433
,290.4864905979322
,287.68665077098905
,287.21823327990546
