system:time_start,skin_temperature
,285.84866999066065
,285.12262788399187
,285.64927857010446
,285.5481068848302
,285.0353089186249
,286.5632028125581
,286.87460684397865
,286.1379507357481
,285.1682514009021
,286.793028533774
,287.0159334051546
,285.94795870907086
,285.0581898563122
,286.31559602041096
,285.74035852422156
,285.109343654895
,285.40058273234695
,287.1556645549794
,286.9146559377196
,286.09019145259157
,286.6097959286321
,286.532653748043
,285.9239642027194
,286.1992102123442
,287.131133649715
,287.13694494741935
,287.03193531339133
,285.36844340329446
,285.7230687015271
,286.41746906502533
,286.63431127235367
,288.47495687575565
,285.570493122888
,284.9730853327998
