system:time_start,skin_temperature
,273.5804328918457
,272.68387603759766
,273.2123743693034
,272.70731862386066
,272.98902893066406
,273.48023478190106
,273.2975730895996
,273.27642313639325
,274.0016377766927
,273.01020940144855
,273.03354517618817
,273.5317446390788
,273.0153516133626
,273.6056429545085
,273.712895711263
,273.7209866841634
,273.2005437215169
,273.05570220947266
,273.76315053304035
,273.7631645202637
,273.8578923543294
,273.4187838236491
,274.18916447957355
,273.32930246988934
,273.9206148783366
,273.16482798258465
,274.20151138305664
,273.09706624348956
,273.48388417561847
,273.6095657348633
,273.00383885701496
,274.42128499348956
,273.02672576904297
,274.0407028198242
