system:time_start,skin_temperature
,286.6795543957782
,286.327991690687
,286.7629579113376
,286.63680357574134
,286.16365264564433
,287.54363111270374
,287.89199324577083
,287.01519037062116
,286.232536479991
,287.8386865841445
,288.13806058001774
,286.9112688700358
,286.3681825617308
,287.4749517543342
,287.3257093532111
,286.3020834563881
,286.34738963137397
,288.35824453702537
,288.12357929188715
,286.97231633176085
,287.5453437066847
,287.8027344160182
,286.87507887809505
,287.3029347081338
,287.959158497472
,287.8445753692299
,288.31371106383625
,286.58466158631023
,286.81761587819744
,287.7376970680811
,287.93637417208765
,289.38676247545465
,286.6102527085171
,285.6825273575322
