system:time_start,skin_temperature
,285.0867121622443
,285.08812706655567
,285.60981036321215
,285.41691463940765
,284.97626662580933
,286.2211014211994
,286.67059369718646
,285.8522445469686
,284.8219191668785
,286.3698251280066
,287.09061956187907
,285.52221824262784
,285.02120339380554
,285.99356909973983
,285.8646114122922
,284.88341726015693
,284.96708686166704
,287.10800686492223
,286.88635741630105
,285.5108133777636
,286.3844933009039
,286.61065006691575
,285.401481088438
,286.04125443550004
,286.62929993024153
,286.4620457827773
,287.1121114617613
,285.36464586649856
,285.46842987896645
,286.4596993084912
,286.6266786235653
,287.9508595575481
,285.36019528184306
,284.27248598560357
