system:time_start,skin_temperature
,280.5980185087737
,280.56982573088226
,281.2579342953794
,280.85103208524686
,281.0128370405318
,280.81465059572514
,281.1608330322816
,280.864949338071
,280.403195699056
,282.1386805697604
,282.5986999305519
,280.4813432779398
,280.9028099334992
,280.815576673628
,281.12998275069504
,280.38878964948225
,280.58685426454286
,282.56868249016844
,281.9042345339114
,280.47203129261464
,281.54666185808617
,281.89972951390723
,280.29824640085036
,280.9503030862894
,281.5780607000128
,282.27554589348875
,281.6277451042656
,281.4155318114135
,280.93132582655903
,281.9608884244352
,281.7840592324197
,282.93682228981913
,281.2544007172456
,280.42388627335833
