system:time_start,skin_temperature
,283.8455678154441
,280.620481191897
,281.7675287583295
,282.06501792458926
,280.99786384432923
,282.27322178260954
,283.28794733683264
,282.70379601272884
,282.49723958034144
,282.89371352102245
,282.9505547916188
,282.71584993250235
,279.84539099300605
,282.9062015683043
,282.26743432587267
,280.7659839555329
,281.9904690536798
,283.1172314812155
,283.8990109761556
,283.00357900881306
,283.03598632064524
,283.30782557468785
,283.6175244649251
,284.10380688835596
,283.74566975761866
,284.40581561069865
,284.5618123821184
,282.5433766608145
,281.43601383882407
,282.70323947831696
,282.28796932744046
,286.34867036108875
,282.45973923627065
,282.284501505833
