system:time_start,skin_temperature
,287.3480500920476
,287.8462965961932
,287.9973785861397
,288.01176828971364
,288.54510029464996
,288.64763579920674
,287.93658611818483
,287.5787670824474
,287.5287197220805
,289.5154179318953
,289.164536170218
,287.83506366467685
,288.19599014829356
,288.3239782486045
,288.0072897549889
,287.2945153043996
,287.65318170676665
,289.2452965390635
,288.53389637127424
,287.4910738918641
,288.285761948903
,288.7806456435868
,287.4842454439831
,287.969236458872
,288.24575676987683
,288.6938783884423
,289.32853974482003
,288.69531505096074
,287.89735418239337
,288.4205195606438
,289.1372241490305
,289.19904957625886
,287.67975136336537
,287.61777202855353
