system:time_start,skin_temperature
,282.0414455588903
,281.28993785866606
,281.92625610773456
,281.2468976990528
,280.85239178024267
,282.46082175418917
,282.8445543237247
,282.14727551169045
,281.8952429492053
,282.1543481929183
,282.2560704242191
,283.33650496233724
,281.86977999395333
,282.2128883960511
,282.76952073036693
,281.7036165558726
,282.44317007322616
,282.56060121523143
,281.52536402186433
,281.5814197415267
,281.5088180071847
,281.96848017984075
,282.5180716155933
,282.8388185939269
,282.23612836684987
,282.1631476629329
,281.5573988730356
,281.1383822614097
,281.66185949211973
,281.93618794779024
,280.88728356487235
,281.6763800727913
,281.9319830545353
,283.0607874202709
