system:time_start,skin_temperature
,286.6999855041504
,285.36266835530597
,285.11571248372394
,285.8943125406901
,284.6511408487956
,286.69146728515625
,286.3437970479329
,286.3994420369466
,285.63147735595703
,286.9834632873535
,287.6250851949056
,286.2008806864421
,284.80742772420246
,286.62624231974286
,285.74766794840497
,285.577943166097
,285.6907552083333
,287.08057403564453
,286.6290918986003
,286.7187639872233
,286.72891998291016
,286.7599500020345
,286.267281850179
,286.2551498413086
,286.8986676534017
,288.30602773030597
,286.58006922403973
,285.34886169433594
,285.8386510213216
,286.4960454305013
,287.39684677124023
,289.4954249064128
,285.6628138224284
,286.11107381184894
