system:time_start,skin_temperature
,284.5836199278473
,285.28422029556765
,284.5818016298356
,285.1533292544785
,285.37225735572076
,286.02460282848733
,285.2459928040863
,284.79908243815106
,285.0483818464382
,286.6289902963946
,285.9677861121393
,285.0797212252052
,285.3658263914047
,285.37081683579316
,285.3159650577012
,284.71322676956015
,285.0463475053029
,286.6602213869812
,285.85368355371617
,285.1390210633637
,285.5662353679698
,285.833079799529
,285.0458613159836
,285.551869792323
,285.48766568911964
,285.85642939741894
,286.4631526085638
,285.6965834094632
,285.3090168942687
,285.2845819124611
,286.26426996210574
,286.4780668033066
,285.10219286846865
,285.05688952374203
