system:time_start,skin_temperature
,285.10287348429364
,284.93321482340497
,285.4846420288086
,285.3736114501953
,284.88905334472656
,286.1609344482422
,286.61512120564777
,285.86344146728516
,284.78575388590497
,286.3499387105306
,286.98092524210614
,285.55629857381183
,284.9454180399577
,285.98766199747723
,285.8362986246745
,284.90295791625977
,284.9267298380534
,287.0017496744792
,286.8234049479167
,285.527281443278
,286.3076807657878
,286.5432599385579
,285.4813753763835
,285.95458730061847
,286.75238672892254
,286.5090789794922
,287.0347836812337
,285.19755299886066
,285.4336929321289
,286.324462890625
,286.5321210225423
,288.00863393147785
,285.3592173258464
,284.1776606241862
