system:time_start,skin_temperature
,292.23334152957204
,292.59402882073664
,291.20275306863863
,292.0730476266222
,292.1076037094935
,292.7245572255061
,292.1436670369872
,291.74342314501524
,291.92812075558135
,293.6146784896875
,292.65089641650457
,292.1807468018336
,291.9144132279129
,292.12152852957456
,292.48215768828254
,291.83849178659636
,291.85981542590076
,293.2627786490881
,292.88332573758777
,292.7262520074565
,291.94751521905016
,292.199580627258
,291.87418089572515
,292.403025837914
,292.51133570984643
,293.2519215633859
,292.99341250734136
,292.30252706235154
,292.23958276386554
,291.8862366301233
,292.9325986711049
,293.2452821336086
,292.0101614679821
,291.68523624859023
