system:time_start,skin_temperature
,280.6517160203722
,278.21370374891495
,279.5876502143013
,278.9727835761176
,277.54109853108724
,279.48911437988284
,282.1201611836751
,280.2528720431858
,278.2966761271159
,280.75846464369033
,280.14321026272245
,279.6181285434299
,277.72166163126633
,278.8421060350206
,278.7923680623373
,276.86839845445417
,278.49001617431634
,280.789321729872
,280.8320361667209
,279.6997262742784
,279.74508378770616
,279.8230057610406
,279.3377191331652
,279.80266723632815
,280.8000857035319
,281.3772688123915
,280.0520749409993
,278.37875688340927
,278.100156656901
,279.48616536458337
,279.21694293551974
,282.1754704793295
,277.94725952148434
,277.91722005208334
