system:time_start,skin_temperature
,282.8431591234709
,281.9486670243113
,283.2101196824459
,282.6735411526864
,281.79250496312187
,283.2270989668997
,284.25732375027843
,283.4690049823962
,282.2923942699767
,283.6138007849978
,283.996355491772
,282.88863312570675
,282.28318779928645
,282.4650330794485
,282.74842218767134
,282.0441694426955
,282.47080779493905
,284.803805568762
,283.8785756429037
,283.0605481465658
,283.7705503764906
,283.8744031002647
,283.05247892413223
,283.19140799003736
,284.2008013139692
,284.1220297562449
,283.6696846275999
,282.0362208851597
,282.3350543641207
,283.4334787736859
,283.63669164557206
,285.5566884091026
,282.69975789388025
,281.238475464938
