system:time_start,skin_temperature
,282.80241749204436
,282.84544539177557
,283.9584961814442
,282.8997749240919
,283.312324173149
,283.6413044545842
,284.0826959281132
,283.621878788389
,282.8056930015827
,284.3319960407827
,285.0329821794883
,283.1757679643302
,283.1531465464625
,283.21559410533683
,283.35155346749843
,282.66301310747514
,283.14056405253797
,285.83025938889074
,284.456725723442
,283.32439812846565
,284.1937092748181
,284.4910178787407
,282.6907262254035
,283.3486843766837
,283.80289910853594
,284.66724404521375
,284.28476535314803
,283.49981785916736
,283.1976992727696
,284.09536392387304
,283.8936312006808
,285.97685373240506
,283.6005723449005
,281.96617705246496
