system:time_start,skin_temperature
,277.01071499885245
,274.81739541385946
,275.9088666251536
,275.02321136131707
,274.84779357910156
,276.93719165244795
,277.27918199117704
,277.08802472518175
,275.98357551374687
,276.1920456475533
,276.3393714561891
,277.3422777983133
,275.32159610991175
,276.9296285364958
,276.3052215004681
,276.09635412380493
,275.80360986945334
,276.7746764050887
,276.35600792245464
,276.38925115178137
,276.70843940191946
,276.0279552874047
,277.35934486817774
,276.5135910377074
,276.4616041862117
,276.74110252580397
,277.06418102421566
,275.83407695641677
,275.7823250302661
,276.28995379615816
,275.6989054447703
,277.2849661152015
,276.2881047966775
,277.1977037294081
