system:time_start,skin_temperature
,286.1223318204598
,284.33413609371905
,284.6047256727259
,285.1752480615543
,283.8852253201642
,286.08951684493053
,286.2036282342195
,286.2066441789458
,285.15980288348624
,286.4143868458422
,286.94887306116806
,285.6322808728439
,284.065037095597
,285.87300030994015
,285.0247017582761
,284.6350392691697
,285.06410265572464
,286.2497557949919
,286.14724200284934
,286.34286378305165
,285.8449598867682
,286.1995664668989
,285.8105978824921
,285.90028677509804
,286.56959429068905
,287.52653393966744
,286.18066971211493
,284.7284871354888
,285.1827231298519
,285.9293234780871
,286.40573530559294
,288.9436423708115
,285.14755091284906
,285.42274565233964
