system:time_start,skin_temperature
,284.46395189334186
,285.0925702804174
,285.2203218508989
,285.0152949797801
,284.7882841061323
,285.82158064230896
,286.0679729168232
,285.14785453600757
,284.3184292133038
,286.1191443418845
,286.61231065407776
,284.9477704366048
,284.98210222293164
,285.34167803250824
,284.8606450007512
,284.47160740387744
,284.5959886404184
,286.6838599963066
,286.0538976620405
,284.96594717563727
,285.6647513952011
,285.99524219219506
,284.6718592521472
,285.2897234207545
,285.77111532749274
,285.85571934626654
,286.46065384302386
,285.30182393391925
,284.93260926466724
,285.7215074392465
,285.9088974977151
,287.064696091872
,284.9031276213817
,284.16148767715845
