system:time_start,skin_temperature
,292.61603742367646
,292.9792671993921
,291.6252349421296
,292.39053995934324
,292.5623393653556
,293.0727735111794
,292.4747347027948
,292.3000794474997
,292.42229005930636
,293.91518855985197
,293.0195949691369
,292.6021674267163
,292.3130838257982
,292.5819508161993
,292.8757414863569
,292.31721549656703
,292.3778013462697
,293.6966673926493
,293.30077116456323
,293.18700653667696
,292.44296958616206
,292.5303825518019
,292.3426053578719
,292.7910839539821
,292.9567761565867
,293.59362104591816
,293.2011437650878
,292.69198589846127
,292.77914806474104
,292.1194143851378
,293.24974399580105
,293.6034893538376
,292.525945213634
,292.1513114590811
