system:time_start,skin_temperature
,283.9255215151874
,282.63536396663596
,283.38799843102083
,283.16919644986143
,282.9768878240491
,284.298260771109
,284.29582440705394
,283.9333888328919
,283.16354766249583
,283.3173892901941
,283.82920894114017
,284.7752204375817
,283.3477954480709
,283.2494704464658
,284.1633249642994
,283.9552341385064
,283.90608415930143
,283.1953379027909
,283.0040956384619
,283.54860436067537
,283.41409025907365
,283.79689274182766
,284.08322143057916
,284.0784839151787
,283.74369286062637
,283.68605056983836
,283.28635591179653
,283.1847781666285
,283.4857948888127
,283.211830467027
,282.86088455943747
,283.3326491844852
,283.5253383624456
,285.1374045045304
