system:time_start,skin_temperature
,281.79275385538733
,281.7926042790998
,282.5905008148729
,282.0749727215683
,282.18222086053146
,282.2592683758652
,283.1988101758455
,282.5833903530188
,281.6355087547972
,283.12925780446903
,283.6666649935538
,281.8191902428342
,281.9350882413095
,282.0485453689308
,282.1373150474147
,281.4610426384106
,281.86087745532654
,284.59906969572364
,283.3700629786441
,282.29193215621143
,283.3525227329187
,283.11004498130393
,281.67623760825705
,282.20957853083024
,282.8553211814479
,283.457265351948
,283.054236763402
,282.1531627721954
,281.93554754424514
,283.12324684544615
,282.655739299038
,284.6371603179396
,282.2780641254626
,280.92345615855436
