system:time_start,skin_temperature
,282.67011642456055
,283.0993347167969
,283.9162851969401
,282.9330012003581
,283.11658732096356
,283.9839502970378
,284.1304308573405
,283.5880762736003
,282.68179575602215
,284.4640515645345
,285.2520942687988
,283.1144167582194
,283.19922765096027
,283.36919021606445
,283.0564651489258
,282.6932665506999
,283.03187561035156
,285.61468505859375
,284.4954655965169
,283.05751673380536
,284.23588307698566
,284.4640312194824
,282.7514839172363
,283.4349594116211
,283.62242762247723
,284.50988006591797
,284.3007392883301
,283.51498158772785
,283.2765070597331
,283.99592844645184
,284.1644655863444
,285.7570088704427
,283.4421615600586
,282.1299133300781
