system:time_start,skin_temperature
,277.45791126585095
,275.7612608868761
,277.3197749331455
,276.9944451330316
,275.4639521621903
,277.1054447962585
,278.9109765519865
,276.8241665802854
,275.8370896522337
,277.19589587874026
,277.11820444714425
,276.6658682441356
,276.05021268961815
,276.8219963585198
,276.490584730436
,275.45299523635947
,276.95886075607666
,279.23936277705644
,278.0709959630415
,277.0179854025388
,278.192900474733
,277.0980047229504
,276.83207530016335
,276.78496730527394
,277.82545589823513
,278.95974651883654
,277.6497004489437
,276.02711660147156
,276.45431500085016
,278.28798955423645
,277.5499436149384
,278.9684600830078
,275.95399956729824
,275.22967267880006
