system:time_start,skin_temperature
,283.34616126670494
,281.54387781641503
,283.0234874003643
,282.76590378220016
,281.55604566969316
,283.20883233697566
,284.72419687219565
,283.84980175946214
,282.44055560687644
,283.5833048433871
,283.5973909051569
,283.18926744203316
,281.8535478265436
,282.7498552133371
,282.9318697817691
,281.6775012660671
,282.3586380417282
,284.4696348035657
,283.99077228168113
,283.66893806113853
,283.24673296954177
,283.6813095711373
,282.89354138760956
,283.3294428919886
,284.12656997130796
,284.78102510469455
,283.4390362919988
,281.7189257510073
,282.2918996724996
,282.9463159372141
,283.61597102397195
,285.9152177690386
,282.6206834810274
,281.6034200857352
