system:time_start,skin_temperature
,278.24570123354596
,277.76099101702374
,279.09954293568927
,278.24818734327954
,277.77074909210205
,278.29436175028485
,279.88903081417084
,278.4662187894186
,277.5216777722041
,278.85266331831616
,279.14604850610095
,277.94990352789563
,277.68606595198315
,277.8979634443919
,278.71709406375885
,277.2800738414129
,278.2508859237035
,281.0713858604431
,279.66326502958935
,279.067190249761
,279.5461126565933
,279.1665082375209
,278.0136057138443
,278.57144455115
,279.3249844312668
,279.9962596893311
,279.6662807067235
,278.36804926395416
,277.93209115664166
,279.9892100095749
,278.89495329062146
,280.9172622362773
,278.1399732033412
,276.60894242922467
