system:time_start,skin_temperature
,284.53564175988873
,281.9201542128864
,282.93696261674927
,283.1835698184804
,282.2749533367972
,283.9870450272519
,285.07195598243646
,284.5597935211964
,283.5326896080604
,284.42472705678034
,284.18696532290204
,283.7737762255546
,281.79017968463074
,283.478345137376
,283.52803346030726
,282.0943125211275
,283.1720564752562
,284.60649245824567
,284.3767456315521
,284.79713945307276
,283.9063932630751
,284.24836669008954
,284.0046503115923
,284.1358084393363
,284.9389726361657
,285.6670743502103
,284.1755113846216
,282.9422282683543
,283.1579527895674
,283.4136525993673
,283.70117568969727
,286.602906251565
,283.3908227773813
,283.2656632121811
