system:time_start,skin_temperature
,281.6918075757149
,282.3365235940004
,282.72745024852264
,282.27113068409454
,282.52436456924823
,282.81314341227215
,282.9134027529986
,282.61649948511365
,281.82837618314306
,283.6084683736165
,284.2213151393792
,282.14191016172754
,282.6328090765537
,282.2437870319073
,282.4507776896159
,281.79472634731195
,282.01253842084833
,284.10449531750805
,283.3417385786007
,282.32715733846027
,283.24791424091046
,283.4192290672889
,281.91015243530273
,282.56312248034357
,282.9695772024301
,283.4044287265875
,283.31517664591473
,282.63534291585285
,282.22557654747595
,282.8949123284756
,283.3488666827862
,284.32267604730066
,282.5615613888471
,281.612421867175
