system:time_start,skin_temperature
,283.1077982584636
,279.21592330932623
,281.2934875488281
,280.7424240112305
,279.6239496866862
,280.8991711934408
,282.64766629536945
,282.88801256815594
,280.5023721059163
,282.3206895192464
,281.6619345347087
,281.98566373189294
,278.64054679870605
,281.25157864888513
,281.51886177062994
,279.1698455810547
,280.80603027343756
,281.8807220458985
,282.22534434000653
,281.5454762776693
,282.3359673817953
,282.3685099283855
,282.26730473836267
,282.6690820058187
,282.954163869222
,283.53588803609216
,283.05185635884607
,280.7247486114502
,280.01838302612305
,280.54931640625006
,280.8015944163005
,284.6630853017171
,281.3492031097412
,280.70212872823083
