system:time_start,skin_temperature
,275.5847463746001
,272.8865237692128
,274.0144297060759
,273.31036905482193
,272.7054439599963
,274.66033544125764
,275.0995129239732
,275.4217213948567
,273.9495783266813
,274.2865795301354
,274.3794314508852
,275.0490144701971
,273.04816908905474
,274.88976063382796
,274.23545193879494
,273.95535535950586
,273.7296920334083
,274.9051977185235
,275.09896629444063
,274.55790974713744
,275.0652502972146
,273.8032956883527
,275.19776532822755
,274.7303374138431
,274.64009228029107
,275.4763810973236
,275.39054497981414
,273.8276846623075
,273.6700253030528
,274.57641877989835
,273.97282118866406
,276.0093686753425
,274.4351831629656
,274.41130143317616
