system:time_start,skin_temperature
,282.5130503837051
,282.44334568221745
,283.335753566916
,283.0273498922307
,282.7241414562093
,282.6356915372612
,282.6460716741652
,282.65965124173283
,282.3235384324948
,283.8426400708919
,284.16851610382827
,282.2877973923507
,282.82265173701217
,282.733010950692
,283.02061289304237
,282.28065436965437
,282.5766301151613
,284.06593669588307
,283.81153126664384
,282.29328236308686
,283.414423154007
,283.6609780962906
,282.036847846561
,282.4927796118343
,283.0034811857716
,283.8611602077307
,283.2909320407063
,283.3102537183281
,282.48231591265517
,284.09305156006167
,283.5854863712297
,284.61384729853495
,282.9664573323659
,282.54738326701107
