system:time_start,skin_temperature
,282.3737570779365
,282.9305667542575
,283.607673711944
,282.7764256126002
,282.9442973889802
,283.71427997789885
,283.86636446233376
,283.2408405772427
,282.4417387309827
,284.2169972469932
,285.08166276362897
,282.86854111520864
,283.0138840257075
,283.0809742442348
,282.7287650526616
,282.478313847592
,282.77779321503215
,285.3450802585535
,284.28517612658044
,282.8851993627715
,283.91876187240865
,284.2437775595146
,282.59888692487743
,283.1582824305484
,283.41746547765894
,284.1647538971483
,284.0682563112493
,283.20712286965886
,282.9799097295393
,283.63762397096866
,283.9714322006493
,285.465509046588
,283.1852247673168
,282.0041190699527
