system:time_start,skin_temperature
,287.1841008112981
,286.52747442783453
,286.4613983284714
,286.7113436511439
,286.1539162855882
,287.74180058536365
,287.51928182748645
,286.9377544761723
,286.1109976157164
,287.8608643947503
,288.03324906438843
,287.022834516998
,286.0308030283349
,287.285276038015
,286.8954381046132
,286.21752998156427
,286.4516332577436
,288.20845719687964
,288.05738312158826
,287.38705098730884
,287.6228674538115
,287.09748426258056
,286.82551646436383
,287.2069573035607
,288.0220550797943
,288.4906965402456
,287.62433043911926
,286.4496759267954
,286.74757091815655
,287.3819771139031
,287.9228848188351
,289.5839672577687
,286.26234015440326
,286.4117921356462
