system:time_start,skin_temperature
,283.196102142334
,283.8210169474284
,283.79564666748047
,283.9189936319987
,284.43004608154297
,284.3106638590495
,284.0810712178548
,283.6645329793294
,283.39700571695965
,285.32626978556317
,285.3757692972819
,283.8764813741048
,284.19199498494464
,284.11020787556964
,283.95322672526044
,283.1873486836751
,283.5436299641927
,285.29227447509766
,284.71952565511066
,283.7653109232585
,284.19539642333984
,284.68659591674805
,283.31247329711914
,284.28172810872394
,284.1298128763835
,284.86484781901044
,284.89159774780273
,284.4071578979492
,283.7913335164388
,284.41588338216144
,284.9594866434733
,285.51517995198566
,283.69601186116535
,283.37676493326825
