system:time_start,skin_temperature
,288.9065074356468
,289.93260732229555
,289.6990986784124
,289.83441454260145
,290.31010212686505
,290.56402519139596
,289.7923544036595
,289.2335704289589
,289.7440335287132
,291.4298780096519
,290.6366740707256
,289.7142410407288
,290.04588288337936
,290.21592334137847
,289.68869891369843
,289.31805655276526
,289.64695097608563
,290.7145564608935
,290.05908635787546
,289.28819479812364
,290.0798233533573
,290.3344899088104
,289.60463909105744
,289.7007478258855
,289.77338705184695
,290.1722238001503
,290.66526373748565
,290.40150431860025
,289.9594959498949
,289.7266572238118
,290.7669446616239
,290.62134409275194
,289.5782762391387
,289.49199997249417
