system:time_start,skin_temperature
,283.39353717901764
,283.97295633951825
,284.12795746632116
,284.30167075915216
,284.4884729629907
,284.7788567176232
,284.39784896068085
,283.77633119240784
,283.70118146064954
,285.5577667431954
,285.65425217457306
,284.09919161674304
,284.5566804347894
,284.46952927418243
,284.1884174835988
,283.49754949716424
,283.8077932504507
,285.5207216311724
,284.94901158259466
,284.02881866846326
,284.4725202902769
,284.90428523528266
,283.7144363598946
,284.48360619178186
,284.4349681169559
,285.0079691960262
,285.3227446140387
,284.6815563104092
,284.03119698548926
,284.4865405742939
,285.2789432819073
,285.5932180942633
,283.88082005427435
,283.7281803228916
