system:time_start,skin_temperature
,283.38361344920645
,284.43190657434985
,284.0944589665181
,284.39524883389186
,284.30193821017406
,284.96117437714867
,284.7213536452332
,284.1554977087666
,283.7992045633512
,285.60797334117564
,285.66222730128885
,284.0745267707952
,284.47004358488306
,284.5900637308756
,284.35940623111856
,283.70934717375025
,283.89998584628387
,285.5571690657727
,285.27421840603694
,284.22740198039315
,284.7058951837553
,285.0029912623856
,283.96397525229327
,284.68870575536636
,284.9408969376013
,284.86011909466566
,285.7777158979603
,284.6398418984538
,284.16527465893495
,284.57308694670235
,285.1951725820271
,285.75183513467545
,284.07772265463996
,283.91515697964087
