system:time_start,skin_temperature
,289.38478724161786
,289.65940856933594
,289.0511703491211
,289.7222086588542
,289.8006591796875
,290.9236145019531
,290.0736223856608
,289.5120162963867
,289.50750732421875
,291.100643157959
,290.2903226216634
,289.3056449890137
,289.9677340189616
,289.6340166727702
,289.99861907958984
,289.28878657023114
,289.5593846638997
,291.0701904296875
,290.4753011067708
,289.9794095357259
,289.94763946533203
,290.0669542948405
,289.44444910685223
,290.1593551635742
,289.8611946105957
,290.75408935546875
,291.026554107666
,290.09219614664715
,289.55164591471356
,289.96519978841144
,291.01974360148114
,291.36502838134766
,289.4105707804362
,289.568598429362
