system:time_start,skin_temperature
,286.21791375830287
,285.67293441816946
,285.79099207693673
,286.02395804862124
,285.5134294174387
,287.01853850932815
,287.00551894014615
,286.24031148452684
,285.5772966657366
,287.1986379336106
,287.3063675349377
,286.3239070755168
,285.4032209635476
,286.65533773127515
,286.249709282255
,285.4617962962337
,285.815852796371
,287.45409805549934
,287.4244803010664
,286.60975271434427
,286.9115160765059
,286.48802117217036
,286.0194502738752
,286.5773589465083
,287.43877386791945
,287.6636046992562
,287.2520739385755
,285.8996006749693
,286.0785612100762
,286.8660578676748
,287.1550958594497
,288.88458309043835
,285.6302507954738
,285.62638830513026
