system:time_start,skin_temperature
,283.01830615337906
,282.21855899564287
,282.94928705048665
,282.3889583756279
,281.9437280241885
,283.4412273950077
,283.84864849221157
,283.1173350203067
,282.9024117768929
,283.07878379017114
,283.35477775618637
,284.3337875847201
,282.5898834919351
,283.18874428831833
,283.80433260049324
,283.0220995316138
,283.4960471769308
,283.4190750574567
,282.63727153746424
,282.7734012448308
,282.7631642364003
,283.1064775849532
,283.7469278434268
,283.7491205214089
,283.1213572813659
,283.26025508295476
,282.72925398931835
,282.4018840382983
,282.70301777165906
,282.94286541855774
,282.1928292944001
,282.76879490836563
,282.84798018068165
,284.120390600473
