system:time_start,skin_temperature
,277.0412500169542
,276.5521960788304
,277.3206965128581
,277.1628138224284
,276.37024180094403
,276.7331729465061
,277.11231274074987
,276.9046919080946
,275.99599880642364
,278.0190544128418
,277.7507854037815
,276.24647564358185
,276.64077801174585
,276.7024557325575
,277.15068223741326
,276.6609170701769
,276.29978942871094
,278.49614546034076
,278.04125128852
,276.4890268113879
,277.88261413574224
,277.3614421420628
,276.5169665018718
,276.60842217339416
,277.34064017401806
,278.29037390814887
,276.70748435126416
,277.40955352783203
,276.70189751519104
,278.3330874972874
,277.945975833469
,278.60805002848315
,277.27871195475257
,276.85588582356775
