system:time_start,skin_temperature
,292.33532587687176
,292.5549901326497
,291.2677459716797
,292.39581807454425
,292.54178110758465
,292.8436762491862
,292.2431983947754
,292.19971720377606
,292.0532862345378
,293.4861183166504
,292.6198438008626
,292.2927945454915
,292.2471071879069
,292.4964307149251
,292.8010737101237
,292.1862958272298
,292.1487223307292
,293.7676035563151
,293.6340077718099
,293.09600194295246
,292.28907012939453
,292.28550084431964
,292.2296333312988
,292.6605911254883
,293.38518142700195
,293.4006932576497
,293.00886154174805
,292.84926350911456
,292.7119394938151
,292.913818359375
,293.9212760925293
,293.9259567260742
,292.32249704996747
,291.7908121744792
