system:time_start,skin_temperature
,292.4140027364095
,292.61683146158856
,291.2380676269531
,292.41333770751953
,292.3983612060547
,292.8646011352539
,292.3043835957845
,292.1564712524414
,291.96505482991535
,293.4531593322754
,292.68117650349933
,292.1781934102376
,292.35016504923504
,292.4738121032715
,292.67181396484375
,292.26488367716473
,292.21246337890625
,293.80027770996094
,293.63994852701825
,293.28954188028973
,292.23582458496094
,292.37428919474286
,292.40929794311523
,292.68385314941406
,293.58981959025067
,293.66393280029297
,293.2238171895345
,292.8862533569336
,292.7911732991536
,292.87965138753253
,293.8067461649577
,293.9601338704427
,292.35487874348956
,291.80467987060547
