system:time_start,skin_temperature
,293.10289942423503
,290.9707837931315
,290.8839321899414
,291.7330697631836
,291.20435017903645
,291.7939893595378
,291.56636550903323
,292.36476735432944
,293.59056589762366
,291.54339065551756
,291.830909169515
,291.2999550882975
,291.6260472106934
,292.6678085835775
,292.73702158610024
,293.62818079630534
,292.8266460164388
,291.16532877604163
,292.8325005086263
,293.2136334737142
,292.795575764974
,293.52542098999027
,293.27138727823893
,292.43732666015626
,292.8159344991048
,293.22588307698567
,293.52295262654627
,292.47915700276695
,293.2697229003906
,292.4387615966797
,292.72741277058924
,293.7795610555013
,292.5560213216146
,293.7428353881836
