system:time_start,skin_temperature
,280.35293512495736
,279.29265764024524
,279.89921436612565
,279.35369764055525
,278.8890572199746
,280.8114244975741
,281.2485891069685
,280.5794724963961
,280.0454112461635
,280.39304430522617
,280.57273253183513
,281.62887627737865
,279.6632958669511
,280.64621655903164
,280.61228531125994
,279.91103659735785
,280.2426485334124
,280.8742773873465
,279.79184032621833
,279.75149469526986
,279.9828793964689
,280.2075125679137
,280.97631938873775
,281.06797451443146
,280.56108862256247
,280.58902461945064
,280.1853430006239
,279.63025955926804
,280.0173521496001
,280.2368610927037
,279.37069998847113
,280.3333017258417
,280.33330802311974
,281.30263071211556
