system:time_start,skin_temperature
,280.8996548508153
,282.00066144538647
,281.7392418601296
,281.9740300034032
,282.2344529123017
,282.4079980561227
,282.19580205281574
,281.6723027084813
,281.54103435169566
,283.3270426663485
,283.3071343393037
,281.81426712960905
,282.158688285134
,282.15831421360826
,281.9542009758227
,281.34253403634733
,281.4774650804924
,283.24611409505206
,282.72869711211234
,281.83690354318327
,282.15581674286807
,282.63823272242684
,281.5463771242084
,282.35962191495025
,282.22235905040395
,282.6558609008789
,282.8351582613858
,282.12830237186313
,281.83307162198156
,282.18890080307466
,282.94057036891127
,283.3709312207771
,281.7320820201527
,281.3860253998728
