system:time_start,skin_temperature
,284.1051621733412
,285.0622293935657
,284.22147895252635
,284.76452266025
,284.85011593231366
,285.63781445174567
,285.01601110339834
,284.388606098412
,284.5776954262943
,286.21484114221255
,285.7208088373734
,284.660389593092
,284.94390806639933
,285.07806234844657
,284.93913730254957
,284.3220147817148
,284.6007372322729
,286.250179527843
,285.5737948229084
,284.70106409363825
,285.0618671481892
,285.45716174712965
,284.708114300744
,285.2443951536706
,285.25722833407127
,285.3505742132327
,285.9714874655513
,285.2048032081733
,284.8858705078814
,284.7660733670165
,285.7499342018602
,286.1429603274933
,284.7410342545159
,284.53627100368004
