system:time_start,skin_temperature
,280.5157356262207
,277.66482798258465
,278.3728535970052
,277.21754201253253
,277.86876424153644
,279.1754913330078
,279.29149500528973
,278.7360610961914
,279.8156483968099
,279.76433181762695
,278.6809476216634
,279.33312861124676
,278.52595647176105
,280.07077662150067
,279.8401616414388
,280.0108985900879
,278.3595275878906
,279.2797114054362
,280.0251185099284
,280.60022099812824
,280.04674530029297
,279.7047945658366
,281.1960639953613
,279.3224182128906
,280.096139272054
,280.2465006510417
,280.51745732625324
,278.7618179321289
,279.2463022867839
,279.15225982666016
,278.75740178426105
,281.8277104695638
,278.46862030029297
,280.33484903971356
