system:time_start,skin_temperature
,283.8257004851667
,280.7462870436932
,281.6904244756503
,281.81576922695336
,280.85185375135137
,282.4702287838783
,283.4531936331541
,282.58132686536504
,282.23994838259347
,283.2518347594964
,283.2373665546684
,282.5502867208096
,280.24808029677155
,282.6537713729796
,282.23114957142275
,280.28474467085226
,281.81632783677844
,283.3004542221258
,283.7251241550524
,282.99273328427915
,282.73061620453257
,283.3814987057031
,283.4034244710036
,283.8384328614537
,283.293139861935
,284.1333228531198
,283.69831667613596
,281.9940401870037
,281.45005434138295
,282.70197391902474
,282.07723989604426
,285.96348662827734
,282.182481349741
,282.1456037136753
