system:time_start,skin_temperature
,282.4346311035042
,281.7333418894419
,282.2871780402062
,281.67043368478767
,281.1151657178025
,282.9774049342211
,283.3702520154668
,282.5810046262942
,282.23716077887065
,282.53390594960973
,282.70794836426705
,283.8211069493064
,282.01363759659426
,282.6458498896549
,283.1579715917428
,282.134069449122
,282.72861816026943
,283.01700042903633
,282.03304469034777
,282.0128560907792
,282.01753413082685
,282.3918728246454
,283.07370716016476
,283.175693148192
,282.63057865562945
,282.7299930706928
,282.13971783614414
,281.67710861008345
,282.1462453778583
,282.4558293186148
,281.48664434468884
,282.3756431390848
,282.3254092653547
,283.44175939409155
