system:time_start,skin_temperature
,287.181558012351
,286.21397662040516
,286.15011322803986
,286.52195904071516
,285.5937080970177
,287.46022718380664
,287.1331566248185
,286.86611676338396
,285.9134473751753
,287.5533424377441
,288.0052624629094
,286.80937771919446
,285.67822862282776
,287.11016796796747
,286.56919195713147
,286.0628450638209
,286.27532426883016
,287.8368616739909
,287.56321935409153
,287.2252508897048
,287.4141703679012
,287.1702823541103
,286.79650802612304
,286.9060774191832
,287.59692901220075
,288.54543523543924
,287.32995728712814
,286.00481539995246
,286.4610702514649
,287.08795604216743
,287.7139688931979
,289.6533421051808
,286.17334438226163
,286.2599792089218
