system:time_start,skin_temperature
,286.8769082653216
,287.26460680827705
,287.4090924273188
,287.4955420824929
,288.01247716357034
,288.09182511309876
,287.49169423160436
,287.13465556885103
,286.95197432399596
,288.9444480036391
,288.7117054927137
,287.36163184973964
,287.676392076298
,287.75017664543896
,287.48482067425255
,286.7433836824782
,287.07258883816064
,288.7790366034999
,288.088345954753
,286.98875128172267
,287.7546886894011
,288.2092572821662
,286.843945977952
,287.46740371369594
,287.78435129968534
,288.2318818582261
,288.8257763047259
,288.16100636758716
,287.33764122862124
,287.8837905939001
,288.6391038774427
,288.8168670051443
,287.17645848207394
,287.0497791887483
