system:time_start,skin_temperature
,277.5100975036621
,275.8335436307467
,276.7054056020884
,276.1354160797902
,275.4367392124274
,277.6483230590821
,277.9898948669434
,277.73162450545874
,276.8836875328651
,277.0889828999837
,277.32396316528326
,278.05331078553814
,275.95435245220483
,277.6506730104104
,276.6844877585387
,276.58616452339373
,276.58605018028845
,277.9284822512896
,277.0313219901843
,276.8406844505897
,277.3548828516251
,276.57726610623877
,278.0357549618452
,277.3992935571915
,277.25326763055267
,277.67783101399743
,277.75308022132293
,276.55782024676984
,276.6764452029497
,277.16654870448974
,276.55588952088965
,277.87400485307745
,277.21282372107873
,277.74873508551184
