system:time_start,evaporation_from_vegetation_transpiration
,-0.0010658039940002104
,-0.0010423544905885742
,-0.0012679878009294045
,-0.001009773858944148
,-0.001240393449431091
,-0.001068067263076955
,-0.0011494352614439172
,-0.0012511823615568576
,-0.0011174462218453602
,-0.0011180337927119883
,-0.0013009367852040061
,-0.0011181382954722114
,-0.0011563189888571892
,-0.0010605171346469433
,-0.0012184973744903496
,-0.0010300307685611187
,-0.0011589067971726763
,-0.0012362306618645866
,-0.0012619312243865959
,-0.0011756160223133825
,-0.001111855238377757
,-0.0012970246298209531
,-0.0010607224379176234
,-0.0010880941417781287
,-0.0011875769335650452
,-0.0011579681237587163
,-0.001226044591930986
,-0.0012033903706954636
,-0.0010927593578647552
,-0.0012214435176550373
,-0.001074459567462327
,-0.0013458699504553804
,-0.001209145247836811
,-0.0010387629442144923
