system:time_start,evaporation_from_vegetation_transpiration
,-2.1440298221041742E-4
,-1.944172818455583E-4
,-2.2022394318090447E-4
,-2.140507433841014E-4
,-1.9945171501251627E-4
,-2.0894518444237962E-4
,-2.3802429055832464E-4
,-2.3652308838953802E-4
,-2.143912788901794E-4
,-2.1411865472682908E-4
,-2.1920506670494177E-4
,-1.937653241923826E-4
,-1.9082833865024533E-4
,-2.0143350668430798E-4
,-2.168908420747965E-4
,-1.932641685786893E-4
,-1.997591638567155E-4
,-2.409569128021707E-4
,-2.2271029341279665E-4
,-2.1758229374445806E-4
,-2.0991187669349042E-4
,-2.2595594298567432E-4
,-2.2400993626193273E-4
,-2.1103760171467022E-4
,-2.180777659884253E-4
,-2.508557227245502E-4
,-2.3416515057496777E-4
,-2.0870160905203024E-4
,-1.9131357766291902E-4
,-2.3759422681234873E-4
,-2.1904499234834466E-4
,-2.515026764869187E-4
,-1.9954716045881714E-4
,-1.8767064762086795E-4
