system:time_start,evaporation_from_vegetation_transpiration
,-6.931441021151841E-7
,-6.646059773629531E-7
,-6.349606943937639E-7
,-5.924969930977871E-7
,-6.298196240095422E-7
,-6.46467621360595E-7
,-5.843060838136201E-7
,-6.331738404696807E-7
,-6.828595360275358E-7
,-6.666875075704107E-7
,-6.503184219279016E-7
,-6.322249343308309E-7
,-6.996039398169766E-7
,-6.505470082629472E-7
,-7.337669861347725E-7
,-7.269779113509381E-7
,-5.979588119468341E-7
,-6.908418678600962E-7
,-7.367931781724716E-7
,-7.496025015522415E-7
,-6.638438208028674E-7
,-7.27280469921728E-7
,-7.641804889620593E-7
,-6.676800694549456E-7
,-7.258198214306807E-7
,-7.511686514286945E-7
,-6.627415132243186E-7
,-7.091566658345982E-7
,-7.643939170520753E-7
,-7.116426180194443E-7
,-8.136824665901562E-7
,-7.783304075322425E-7
,-6.858208507765085E-7
,-7.174876373028383E-7
