system:time_start,evaporation_from_vegetation_transpiration
,-1.838211489564967E-5
,-1.463529391654879E-5
,-1.4841841635587748E-5
,-1.4943588893440525E-5
,-1.583964160501734E-5
,-1.6216472300877138E-5
,-1.660257002468229E-5
,-1.9034113638658658E-5
,-1.715219805296276E-5
,-1.692805583484518E-5
,-1.5844628784367973E-5
,-1.705034350958172E-5
,-1.5805701485956445E-5
,-1.74308174338799E-5
,-1.7488516570519175E-5
,-1.7997005829174214E-5
,-1.5917036706648395E-5
,-1.6525496804028626E-5
,-1.78040662869667E-5
,-1.8692584617244158E-5
,-1.886158757784256E-5
,-1.6939102491284487E-5
,-1.8729062888607265E-5
,-1.6814822293116047E-5
,-1.742812627041924E-5
,-1.851435067744634E-5
,-1.8863766239296444E-5
,-1.6627307667271402E-5
,-1.6416886507867904E-5
,-1.6584632466641416E-5
,-1.761256825901495E-5
,-1.9601046176594044E-5
,-1.682921676470604E-5
,-1.6453576106074646E-5
