system:time_start,evaporation_from_vegetation_transpiration
,-7.854573868826265E-5
,-6.517900257879066E-5
,-7.583150020056765E-5
,-7.037623153236281E-5
,-7.695528741654319E-5
,-7.420408251669465E-5
,-7.559722942258102E-5
,-7.727607822339956E-5
,-7.261301602233692E-5
,-7.45250917033344E-5
,-7.060725885013299E-5
,-7.016919405739625E-5
,-7.827519473519514E-5
,-6.99544262816845E-5
,-7.64907269209895E-5
,-7.327556775433348E-5
,-7.304729660972954E-5
,-7.649367004584443E-5
,-7.637278263751391E-5
,-8.050027968743558E-5
,-7.277890239897209E-5
,-7.443671519366845E-5
,-6.952212566425765E-5
,-7.705924508627504E-5
,-7.369756127041506E-5
,-8.153705109887394E-5
,-8.380119046099328E-5
,-8.286867068818539E-5
,-7.452562982103296E-5
,-8.257186659142867E-5
,-8.21106408087265E-5
,-8.105956466250872E-5
,-7.242293658135977E-5
,-7.590815049398871E-5
