system:time_start,evaporation_from_vegetation_transpiration
,-1.4515357297844304E-4
,-1.294862054375258E-4
,-1.468319137943168E-4
,-1.3248290258960685E-4
,-1.4041627370412849E-4
,-1.4606534896853245E-4
,-1.4834596475504276E-4
,-1.6229243294329729E-4
,-1.3805207135826066E-4
,-1.479763620106193E-4
,-1.4502453422844127E-4
,-1.3650783600469092E-4
,-1.3873015268472955E-4
,-1.4447508860801904E-4
,-1.5354186284226174E-4
,-1.4469934880749366E-4
,-1.4070253112577396E-4
,-1.4204087148589846E-4
,-1.5428868556971958E-4
,-1.5577417418006172E-4
,-1.460384743922711E-4
,-1.440778019748519E-4
,-1.466748366731212E-4
,-1.4663486338880224E-4
,-1.617597783589383E-4
,-1.6192677346473582E-4
,-1.5466881607360185E-4
,-1.4937106014699427E-4
,-1.437881530474635E-4
,-1.5280475092753699E-4
,-1.570143991336932E-4
,-1.756347960095313E-4
,-1.4794317099365412E-4
,-1.527992212548711E-4
