system:time_start,evaporation_from_vegetation_transpiration
,-1.840188494194687E-5
,-1.563721701434891E-5
,-1.8261982465143474E-5
,-1.5546263754610363E-5
,-1.8956262010760838E-5
,-1.7350723373965594E-5
,-1.805947992276439E-5
,-1.8741815286678804E-5
,-1.6517012409167367E-5
,-1.7003665561787784E-5
,-1.803886677104553E-5
,-1.6847366411335924E-5
,-1.8357723214042683E-5
,-1.7310562573887484E-5
,-1.7894738387743322E-5
,-1.73154179113529E-5
,-1.7974093589145925E-5
,-1.7411259220049637E-5
,-1.8696599090617384E-5
,-1.8046252231821807E-5
,-1.6847934997106977E-5
,-1.8295114296051905E-5
,-1.62567398850418E-5
,-1.7060362673267566E-5
,-1.7749659915959154E-5
,-1.7938822626698917E-5
,-1.9472849726298594E-5
,-1.9404323878309997E-5
,-1.730725183127409E-5
,-1.9718537987500895E-5
,-1.7689804735709913E-5
,-1.8623647823308904E-5
,-1.7946914097895688E-5
,-1.8146570770719942E-5
