system:time_start,evaporation_from_vegetation_transpiration
,-7.59909080284416E-5
,-7.139564592684298E-5
,-7.167767821534791E-5
,-8.334264932424226E-5
,-7.532624974976308E-5
,-7.253488427946794E-5
,-7.528988698713675E-5
,-7.93048042599092E-5
,-7.9318557872716E-5
,-8.086033201043142E-5
,-7.269139463140244E-5
,-7.255979670036357E-5
,-7.380672817849377E-5
,-7.564988981789774E-5
,-7.36577562411219E-5
,-7.757016219904183E-5
,-7.840773629239017E-5
,-7.06678648128189E-5
,-7.464210951397255E-5
,-7.535147913601877E-5
,-7.163327150137228E-5
,-7.31467095331998E-5
,-7.562275161033753E-5
,-7.650187368803665E-5
,-7.248844631021918E-5
,-7.581162893323406E-5
,-8.136489448095159E-5
,-8.288874827495137E-5
,-7.845470589611927E-5
,-7.583401723295786E-5
,-7.614552931734643E-5
,-7.98111224459304E-5
,-8.368840165540632E-5
,-8.537399032268585E-5
