system:time_start,evaporation_from_vegetation_transpiration
,-3.171427166447616E-5
,-3.161299390250441E-5
,-3.4035378750839016E-5
,-3.276604062799985E-5
,-3.493471131850338E-5
,-3.1886763444606164E-5
,-3.54520091441839E-5
,-3.750538517357572E-5
,-3.2270419046070834E-5
,-3.3168838271171226E-5
,-3.4845166691155056E-5
,-3.17321135718465E-5
,-3.184724009304027E-5
,-3.276166500234887E-5
,-3.277679722183772E-5
,-3.098560780647229E-5
,-3.381548147165002E-5
,-3.61576771982259E-5
,-3.677108249506161E-5
,-3.243761791684217E-5
,-3.275569069489556E-5
,-3.7434231158747425E-5
,-3.253713200534455E-5
,-3.275812695135709E-5
,-3.5289974314368104E-5
,-3.4457045680588075E-5
,-3.6792264929830796E-5
,-3.3841581614232826E-5
,-3.246569411156741E-5
,-3.482001589779826E-5
,-3.281278128643186E-5
,-4.11889073476255E-5
,-3.302448861247215E-5
,-3.071978440297803E-5
