system:time_start,evaporation_from_vegetation_transpiration
,-5.483126111131165E-6
,-4.832716253336652E-6
,-5.5416324794217404E-6
,-4.901165117762536E-6
,-5.606169963603918E-6
,-5.098987551322446E-6
,-5.565445982418688E-6
,-5.603119238529647E-6
,-5.481551099511463E-6
,-5.35677115158084E-6
,-5.867844602074337E-6
,-5.1583697063756265E-6
,-5.968627475663481E-6
,-5.316633364717022E-6
,-5.598490876627526E-6
,-5.111893920785229E-6
,-5.6237988759769505E-6
,-5.776306112478538E-6
,-6.015442825931434E-6
,-5.535621345761717E-6
,-5.317259010453299E-6
,-5.9680353246514955E-6
,-5.013179004944148E-6
,-5.198531639824055E-6
,-5.313298610777205E-6
,-5.833582750650808E-6
,-5.908448529958933E-6
,-6.283189963968129E-6
,-5.446060963833002E-6
,-5.7971052102226045E-6
,-5.392661011846474E-6
,-5.963970189830953E-6
,-5.830087479224834E-6
,-5.334800931157274E-6
