system:time_start,evaporation_from_vegetation_transpiration
,-2.0084507323939734E-5
,-1.7724375085774826E-5
,-1.9374818109784254E-5
,-1.6974426451658444E-5
,-2.0027800036338335E-5
,-1.7452641347861824E-5
,-1.8410194308317373E-5
,-1.9643254496797237E-5
,-1.7448119687652025E-5
,-1.8098429409769185E-5
,-2.1353379803047384E-5
,-1.8124291426410606E-5
,-1.944644820932229E-5
,-1.7969822246744386E-5
,-1.9679609711479468E-5
,-1.7138440986006952E-5
,-2.0492322452336706E-5
,-2.0051692107893798E-5
,-2.18066409782769E-5
,-1.817526141705239E-5
,-1.8709387585205944E-5
,-2.1074848154285914E-5
,-1.5715339658653265E-5
,-1.7315851968550907E-5
,-1.9250818487794807E-5
,-2.0331532815883322E-5
,-2.0781858149028214E-5
,-2.1353609227343843E-5
,-1.854953062024067E-5
,-2.0706152041684243E-5
,-1.7462528795180474E-5
,-2.306397131560039E-5
,-2.077949268615644E-5
,-1.9464188472340354E-5
