system:time_start,evaporation_from_vegetation_transpiration
,-1.6333596516536394E-4
,-1.4613641829378646E-4
,-1.5821528937117873E-4
,-1.4772726434683945E-4
,-1.4294146539113072E-4
,-1.4513490661758826E-4
,-1.797597358139077E-4
,-1.9041606582403703E-4
,-1.5759995787650245E-4
,-1.6518325266790475E-4
,-1.5714243814323305E-4
,-1.505009931861423E-4
,-1.3623746276102288E-4
,-1.5301460888521334E-4
,-1.484967973940204E-4
,-1.3145468122578073E-4
,-1.3893106180249662E-4
,-1.5229118224750792E-4
,-1.6013900943410894E-4
,-1.6708196514324906E-4
,-1.541866067176064E-4
,-1.6077570188725884E-4
,-1.5999232790717442E-4
,-1.5721798732152415E-4
,-1.6849894612581314E-4
,-1.775947603164241E-4
,-1.7103347878825542E-4
,-1.6135265800080054E-4
,-1.3999065166798473E-4
,-1.5955006040005375E-4
,-1.5687153225169622E-4
,-2.0263665335530984E-4
,-1.3517041326041284E-4
,-1.4061396820276668E-4
