system:time_start,evaporation_from_vegetation_transpiration
,-7.057011207696937E-5
,-7.040801583949967E-5
,-7.153612484482134E-5
,-7.029930051771772E-5
,-7.63673834664284E-5
,-7.128938626503138E-5
,-7.389024267467903E-5
,-7.676024611669165E-5
,-6.99038402842689E-5
,-7.153662699010965E-5
,-6.694237807399381E-5
,-6.91041096937776E-5
,-7.43417718448806E-5
,-6.965420072901908E-5
,-7.537543525396964E-5
,-7.526245788843274E-5
,-7.012255141110776E-5
,-8.081599709915585E-5
,-7.93876770615043E-5
,-7.946864156830695E-5
,-6.941907317544368E-5
,-6.999557611682879E-5
,-7.290858894748455E-5
,-7.068174276507005E-5
,-8.111733081742994E-5
,-8.351246127820863E-5
,-7.326463231531004E-5
,-7.810989548791744E-5
,-7.489376120399054E-5
,-7.915580492105317E-5
,-9.184244243935306E-5
,-8.413391103090362E-5
,-7.809777056877466E-5
,-7.559543693484254E-5
