system:time_start,evaporation_from_vegetation_transpiration
,-2.666470262276773E-4
,-2.4488169649112456E-4
,-2.473327341230063E-4
,-2.4853910857013106E-4
,-2.606707547209185E-4
,-2.483771879075371E-4
,-2.4989164403926373E-4
,-2.538264628866216E-4
,-2.602955190521744E-4
,-2.670588739590359E-4
,-2.5906994495658163E-4
,-2.485527331221881E-4
,-2.596767814994979E-4
,-2.4019564977465963E-4
,-2.4519000272219427E-4
,-2.574089474278716E-4
,-2.572544094306012E-4
,-2.584934431194937E-4
,-2.5897550127038256E-4
,-2.714306651288189E-4
,-2.542854930990106E-4
,-2.478495335970286E-4
,-2.4464068176357194E-4
,-2.6097022020794776E-4
,-2.527219680392953E-4
,-2.6996724512188907E-4
,-2.7452260405978106E-4
,-2.676515540745297E-4
,-2.6905017636803905E-4
,-2.699929228564444E-4
,-2.6646239850665435E-4
,-2.675195498573259E-4
,-2.627544615432103E-4
,-2.5650106403577355E-4
