system:time_start,evaporation_from_vegetation_transpiration
,-1.0484039056688689E-4
,-9.849703016186551E-5
,-1.0042682492756117E-4
,-9.803606442655728E-5
,-1.0012976604837383E-4
,-1.0080222300229224E-4
,-1.0092653129016977E-4
,-9.989268911200624E-5
,-1.0002143337617544E-4
,-1.0688844503114751E-4
,-9.750467541266088E-5
,-9.930210114542856E-5
,-1.0010676951436735E-4
,-9.424671427908749E-5
,-1.0529581981550427E-4
,-1.0088209668998054E-4
,-9.874629990427628E-5
,-1.064320685763023E-4
,-1.0895655155183507E-4
,-1.1183394480071653E-4
,-1.0140800890139118E-4
,-9.845355313958845E-5
,-9.773531771146866E-5
,-1.0343342095047508E-4
,-1.0494609566097188E-4
,-1.1304894063711768E-4
,-1.0839817309877648E-4
,-1.0656517030110074E-4
,-1.047395627384505E-4
,-1.0606267234752342E-4
,-1.1031755901004232E-4
,-1.0519716251096058E-4
,-1.0062998907164707E-4
,-1.0168795318101198E-4
