system:time_start,evaporation_from_vegetation_transpiration
,-1.4475374910310192E-5
,-1.338182692327819E-5
,-1.236770869140993E-5
,-1.1788758759697279E-5
,-1.3311433797229478E-5
,-1.3896037478733694E-5
,-1.2947292403127491E-5
,-1.3550483124686941E-5
,-1.4312403712238215E-5
,-1.4122016705875991E-5
,-1.354874069820102E-5
,-1.2991810294668982E-5
,-1.3444428160172802E-5
,-1.4080088779640692E-5
,-1.3729095481914667E-5
,-1.4872494857902923E-5
,-1.2983046072997352E-5
,-1.3770750669981213E-5
,-1.4451006791205145E-5
,-1.507525606333123E-5
,-1.4304521976031756E-5
,-1.5603843359823454E-5
,-1.473710020063939E-5
,-1.4091130817012692E-5
,-1.4540897333945118E-5
,-1.4520887292967403E-5
,-1.5056278987851163E-5
,-1.4418877540403186E-5
,-1.4132750562346317E-5
,-1.501260466642579E-5
,-1.5622449857553214E-5
,-1.648509819598544E-5
,-1.4057044278491627E-5
,-1.3918778594498608E-5
