system:time_start,evaporation_from_vegetation_transpiration
,-1.155329725103608E-5
,-1.039033789614526E-5
,-1.0976305323614119E-5
,-1.0681700587156229E-5
,-1.142960536526516E-5
,-1.1415059513334805E-5
,-1.1038174610196924E-5
,-1.132443200428194E-5
,-1.098680210513218E-5
,-1.193050350896859E-5
,-1.083220195141621E-5
,-1.0418859649992859E-5
,-1.1606852543385079E-5
,-1.0337851563235745E-5
,-1.1454366055356028E-5
,-1.0441441797108078E-5
,-1.069588991716349E-5
,-1.1193623625634549E-5
,-1.1286915347833807E-5
,-1.1937350791413337E-5
,-1.07885928931258E-5
,-1.0730320354923606E-5
,-1.0274548913002945E-5
,-1.1187217751285061E-5
,-1.1046036282399049E-5
,-1.218803966670142E-5
,-1.3007345842197537E-5
,-1.180393883259967E-5
,-1.1106112045429958E-5
,-1.190122808717812E-5
,-1.2619493039286075E-5
,-1.204912769026123E-5
,-1.0272806321154349E-5
,-1.0859557733056135E-5
