system:time_start,evaporation_from_vegetation_transpiration
,-7.126852025150748E-5
,-7.225184858067346E-5
,-7.32180252112403E-5
,-7.143885061030355E-5
,-7.261381118130526E-5
,-6.9155637031377E-5
,-7.76626905355309E-5
,-7.067064745737999E-5
,-6.856824190293803E-5
,-7.418684365285939E-5
,-6.745030167883367E-5
,-7.893535267403158E-5
,-7.040724695961177E-5
,-7.084731559730519E-5
,-7.493509492709968E-5
,-7.357786364401662E-5
,-7.255731199040407E-5
,-7.385269236506025E-5
,-6.930706554476213E-5
,-7.045248428308386E-5
,-7.189653516181945E-5
,-7.086989034048671E-5
,-7.585079967129003E-5
,-7.254258311942607E-5
,-6.999984929737928E-5
,-7.847955006079154E-5
,-6.659061537539032E-5
,-6.911426523404483E-5
,-7.457739136716864E-5
,-7.301102363384307E-5
,-6.664308589945819E-5
,-7.050512392449481E-5
,-6.75402019074799E-5
,-7.639278515292286E-5
