system:time_start,evaporation_from_vegetation_transpiration
,-2.7078832707567405E-7
,-2.853646687331742E-7
,-2.961444503550107E-7
,-2.9222464945632966E-7
,-2.7731009703573015E-7
,-2.7527204933687154E-7
,-2.72645047516562E-7
,-2.958117831786651E-7
,-3.254542597070602E-7
,-2.7229576690366405E-7
,-2.7568858058657496E-7
,-2.7450225302129096E-7
,-3.0249762598292104E-7
,-2.830980693466873E-7
,-3.113136612921066E-7
,-3.282150178815105E-7
,-2.8046173004743955E-7
,-2.997973102277943E-7
,-3.116210012064714E-7
,-3.209688397224194E-7
,-2.8777075862135027E-7
,-2.8041658446281437E-7
,-2.710409933656808E-7
,-2.6768643043137017E-7
,-2.965942604489447E-7
,-3.227440001431941E-7
,-2.5061273758876177E-7
,-3.312825442879416E-7
,-3.30009667474466E-7
,-3.038058431619512E-7
,-3.704028564416581E-7
,-3.236078815202095E-7
,-3.249876802631964E-7
,-3.16464051831558E-7
