system:time_start,evaporation_from_vegetation_transpiration
,-7.782834413840159E-5
,-7.679852073572649E-5
,-7.497315668645213E-5
,-7.66670668636452E-5
,-7.91589451630674E-5
,-7.643515580612997E-5
,-7.595949027218275E-5
,-7.804683383269087E-5
,-7.516781972325575E-5
,-7.92797489576396E-5
,-7.326610909818766E-5
,-7.377225474160894E-5
,-7.82793149509403E-5
,-7.200394972207268E-5
,-8.067444504231915E-5
,-7.820642738121366E-5
,-7.752508806689824E-5
,-8.500484650869402E-5
,-8.574187228025065E-5
,-8.65479744538459E-5
,-7.62772265011006E-5
,-7.725694620972533E-5
,-7.864794118348441E-5
,-7.948467531789809E-5
,-8.556354527620672E-5
,-8.743509631355099E-5
,-8.36037052700387E-5
,-8.421834252763748E-5
,-8.166683989090243E-5
,-8.551989063246014E-5
,-9.001295361815499E-5
,-8.210960601728943E-5
,-7.919653531195987E-5
,-7.970363730092305E-5
