system:time_start,evaporation_from_vegetation_transpiration
,-4.208272154452667E-5
,-3.981928101118818E-5
,-4.603459533596092E-5
,-3.690789886874242E-5
,-4.63148328182999E-5
,-4.013483147799787E-5
,-4.119300993571178E-5
,-4.594186864576639E-5
,-3.972509970211562E-5
,-4.1534302235285626E-5
,-4.832563347547505E-5
,-3.813938012710962E-5
,-4.228355387399292E-5
,-3.912841027529255E-5
,-4.602164675883681E-5
,-3.976243526806313E-5
,-4.626292714722998E-5
,-4.4980042427293185E-5
,-4.8320111259440806E-5
,-4.220880610874803E-5
,-4.1981773190653054E-5
,-4.911890546618788E-5
,-3.72332998368721E-5
,-3.85776165111801E-5
,-4.22537165529017E-5
,-4.362496723910293E-5
,-4.6201827865809685E-5
,-4.460498133051226E-5
,-4.0963874535346234E-5
,-4.548510962733955E-5
,-3.9126508387131185E-5
,-5.119846799870073E-5
,-4.544179834435151E-5
,-4.159399580843187E-5
