system:time_start,evaporation_from_vegetation_transpiration
,-3.84068516723346E-6
,-3.08217810622106E-6
,-3.4063486964441836E-6
,-3.3108293185553825E-6
,-3.265527993789874E-6
,-3.464479959802702E-6
,-3.6007252977772928E-6
,-3.950212582518968E-6
,-3.540947242678764E-6
,-3.6086700371621796E-6
,-3.3144672973624742E-6
,-3.558621150053417E-6
,-3.17343377294795E-6
,-3.6811379686696455E-6
,-3.4236636565765366E-6
,-3.499839901148031E-6
,-3.258796520337152E-6
,-3.4757534497960782E-6
,-3.6723843853299818E-6
,-3.840391703609687E-6
,-3.6921173887094483E-6
,-3.478158153787566E-6
,-3.7836010354415825E-6
,-3.631138194274778E-6
,-3.740956041535052E-6
,-3.878434047995445E-6
,-3.961748613316256E-6
,-3.4595238200078407E-6
,-3.4100570095082125E-6
,-3.500571741218058E-6
,-3.6220390029484406E-6
,-4.166504368185997E-6
,-3.4700775965272137E-6
,-3.4912627597805113E-6
