system:time_start,evaporation_from_vegetation_transpiration
,-4.981240396840153E-5
,-5.1119885867354335E-5
,-4.9861736714377026E-5
,-4.855993019000797E-5
,-5.082169466256602E-5
,-4.74724540433099E-5
,-5.640323503645146E-5
,-5.081301475990044E-5
,-4.9623442648546E-5
,-5.0997506714232625E-5
,-4.7723400848387466E-5
,-5.435968886102944E-5
,-4.947848061469681E-5
,-4.942128555199695E-5
,-5.120442209566473E-5
,-5.0815347432694255E-5
,-5.186375488274422E-5
,-5.038119651480116E-5
,-4.927852491925195E-5
,-5.073698327667413E-5
,-5.150201670709677E-5
,-5.319964759762285E-5
,-5.637909697114693E-5
,-5.1392711380733656E-5
,-4.9527256691759376E-5
,-5.854178028537362E-5
,-4.988303509381155E-5
,-4.971439593838359E-5
,-5.1609305931628866E-5
,-5.083224449374757E-5
,-4.8705734542483555E-5
,-5.0618568235034956E-5
,-4.865894118414937E-5
,-5.465076643466794E-5
