system:time_start,evaporation_from_vegetation_transpiration
,-1.0777502969479731E-4
,-1.0517751828350204E-4
,-1.1348235087401312E-4
,-1.030784466517313E-4
,-1.1688785707519855E-4
,-1.1402835995492447E-4
,-1.1510702825034967E-4
,-1.1971928779530573E-4
,-1.0827207552210893E-4
,-1.1008838585742826E-4
,-1.0642817081437292E-4
,-1.0942520596775769E-4
,-1.1378047747712118E-4
,-1.0586301323201042E-4
,-1.209931330474016E-4
,-1.127747315573894E-4
,-1.0956282009525846E-4
,-1.221930142492056E-4
,-1.2030596371914726E-4
,-1.2338232166560678E-4
,-1.1106375435095592E-4
,-1.0816289280531541E-4
,-1.102969360241938E-4
,-1.0983068871913322E-4
,-1.2628767914672304E-4
,-1.2414768358818645E-4
,-1.2002294170088135E-4
,-1.16500626669828E-4
,-1.086872246863398E-4
,-1.2609343533161638E-4
,-1.3080467366914186E-4
,-1.3233009425069517E-4
,-1.1612396914036556E-4
,-1.1154613609202593E-4
