system:time_start,evaporation_from_vegetation_transpiration
,-1.1899236874847301E-7
,-1.2566728931536394E-7
,-1.3041396742765855E-7
,-1.2845453688391396E-7
,-1.221286664885055E-7
,-1.210946657516211E-7
,-1.1973791439838047E-7
,-1.3015752150143575E-7
,-1.4301538284497738E-7
,-1.1993255889643075E-7
,-1.2163872042947335E-7
,-1.2082313105565848E-7
,-1.3329974990483606E-7
,-1.2487141829195835E-7
,-1.371001493074194E-7
,-1.4432292674529085E-7
,-1.2364637314021823E-7
,-1.3199110071582257E-7
,-1.3708765007120544E-7
,-1.4143686636695446E-7
,-1.2695352956547546E-7
,-1.2401078998259942E-7
,-1.1973184478443323E-7
,-1.1766529597581312E-7
,-1.3067292709618212E-7
,-1.422395838643651E-7
,-1.1088594773253944E-7
,-1.4583927547088632E-7
,-1.4527215499684746E-7
,-1.3391050086081833E-7
,-1.6307020208235673E-7
,-1.425899856460294E-7
,-1.4275910113307572E-7
,-1.3944135920003953E-7
