system:time_start,evaporation_from_vegetation_transpiration
,-2.9808484613201007E-7
,-3.1415012863203225E-7
,-3.2602287989759226E-7
,-3.216806490264277E-7
,-3.052796832012143E-7
,-3.0302300346145207E-7
,-3.001202793185305E-7
,-3.2563435014341384E-7
,-3.582603025470713E-7
,-2.997559708443045E-7
,-3.035075407528335E-7
,-3.0218521523669265E-7
,-3.3301071916388246E-7
,-3.116578099842739E-7
,-3.4270712938833686E-7
,-3.613102531393483E-7
,-3.087578462375524E-7
,-3.300372139946966E-7
,-3.430362388219994E-7
,-3.533410690898451E-7
,-3.168105761512395E-7
,-3.0872403537311277E-7
,-2.984044138493277E-7
,-2.946737623189396E-7
,-3.2651003398074715E-7
,-3.5529458392901637E-7
,-2.759138704022277E-7
,-3.646902226599897E-7
,-3.6328475018084993E-7
,-3.344480080015369E-7
,-4.0775095138151454E-7
,-3.562516116959924E-7
,-3.577397684127566E-7
,-3.483859185699226E-7
