system:time_start,evaporation_from_vegetation_transpiration
,-9.524100327565582E-6
,-8.260468552913336E-6
,-9.15980239397875E-6
,-8.864432709023552E-6
,-9.390402801516249E-6
,-9.037649711659864E-6
,-9.174352532519794E-6
,-9.32310092682109E-6
,-9.367334194591471E-6
,-9.670106517787223E-6
,-9.205549187839118E-6
,-8.774311654562989E-6
,-9.721495379655904E-6
,-8.599287069983809E-6
,-9.441279498011942E-6
,-9.177684935207783E-6
,-9.313566489402356E-6
,-9.250998316069185E-6
,-9.736229334831556E-6
,-9.9474619469396E-6
,-9.266404973008208E-6
,-9.11912006143726E-6
,-8.869243259162663E-6
,-9.295029168390822E-6
,-9.27034384650431E-6
,-1.0164926515449048E-5
,-1.0333199081865733E-5
,-1.0087655634076025E-5
,-9.532294141592515E-6
,-1.0112722365608865E-5
,-9.997051785986097E-6
,-9.486579934433789E-6
,-9.054238288690402E-6
,-9.14663731011331E-6
