system:time_start,evaporation_from_vegetation_transpiration
,-3.180446142461292E-6
,-3.036427821798222E-6
,-3.348272002767771E-6
,-2.9569011641080687E-6
,-3.3595090027312944E-6
,-3.1050926874300018E-6
,-3.4944535427987855E-6
,-3.5739499942406616E-6
,-3.2346142688766118E-6
,-3.2407390818028063E-6
,-3.5680561929687182E-6
,-3.1709645775139723E-6
,-3.4694994335013414E-6
,-3.2341660809117565E-6
,-3.3904186486986214E-6
,-3.0719463459470053E-6
,-3.3882504133295947E-6
,-3.414797571498308E-6
,-3.7190771267474205E-6
,-3.3682473727050377E-6
,-3.2520753544910495E-6
,-3.4819439117034725E-6
,-3.052191790299151E-6
,-3.1724579126933925E-6
,-3.323087157420532E-6
,-3.4891197697795704E-6
,-3.6309411922102854E-6
,-3.691512547172324E-6
,-3.354851342561288E-6
,-3.4655041059577894E-6
,-3.2712268324702922E-6
,-3.6726860619665147E-6
,-3.6150299958094503E-6
,-3.3445053718010467E-6
