system:time_start,evaporation_from_vegetation_transpiration
,-4.216124753514374E-5
,-3.8850043217562364E-5
,-4.22055581808383E-5
,-3.844375339335332E-5
,-4.118750187269158E-5
,-4.232112694925177E-5
,-4.224065241144496E-5
,-4.594210833219174E-5
,-4.1213923927712434E-5
,-4.2952708163443676E-5
,-4.171506925186481E-5
,-3.9845800247402146E-5
,-4.052851812564087E-5
,-4.14658134104684E-5
,-4.462083876599307E-5
,-4.2630858412226904E-5
,-4.062278543249024E-5
,-4.228558208795444E-5
,-4.4842640823706425E-5
,-4.591889067698333E-5
,-4.2259998980631144E-5
,-4.146462825909175E-5
,-4.223687854030085E-5
,-4.207901624715561E-5
,-4.709728037006133E-5
,-4.721212141506499E-5
,-4.3818345796762785E-5
,-4.3147610463351777E-5
,-4.2160982420097506E-5
,-4.701922987497546E-5
,-4.667814447037667E-5
,-5.111550195600459E-5
,-4.268125661976271E-5
,-4.5454705281510584E-5
