system:time_start,evaporation_from_vegetation_transpiration
,-1.1541703821017614E-5
,-1.2156721721920701E-5
,-1.197497887780493E-5
,-1.2335156767491114E-5
,-1.1780297292581827E-5
,-1.1681463513889833E-5
,-1.1548304125123348E-5
,-1.2626416315065904E-5
,-1.290979781953394E-5
,-1.1739496888670448E-5
,-1.1614028187102154E-5
,-1.1425328988547403E-5
,-1.2772537418102191E-5
,-1.2051479643560015E-5
,-1.2125211233743121E-5
,-1.3097508296292896E-5
,-1.1171628405766871E-5
,-1.2396269085002132E-5
,-1.2836934156776233E-5
,-1.2784623592139084E-5
,-1.1311344038673539E-5
,-1.170649361652236E-5
,-1.1990390029731552E-5
,-1.1423915633780846E-5
,-1.2727268633036011E-5
,-1.3688373521155746E-5
,-1.0851142077525665E-5
,-1.38826075676156E-5
,-1.3209895971360513E-5
,-1.2591442740543885E-5
,-1.502262838820806E-5
,-1.3036621129248052E-5
,-1.2833226786891896E-5
,-1.2680735785074326E-5
