system:time_start,evaporation_from_vegetation_transpiration
,-9.893354128907073E-6
,-9.435780630451704E-6
,-9.004793407175903E-6
,-8.845997199830713E-6
,-1.0087851271562362E-5
,-9.783561348208091E-6
,-9.933069899178498E-6
,-9.846090262460455E-6
,-1.103837891376286E-5
,-1.0539973199621178E-5
,-9.394983360065882E-6
,-1.0286466354822241E-5
,-1.0705875710544472E-5
,-1.0698447046551582E-5
,-1.017555251468647E-5
,-1.0887191332053256E-5
,-9.791866114398095E-6
,-9.94947358998527E-6
,-1.0227917374596303E-5
,-1.122571725355238E-5
,-1.067375334850948E-5
,-1.0891553150334708E-5
,-1.0992690321716776E-5
,-1.1272855964654914E-5
,-1.062901352950546E-5
,-1.0177457188842895E-5
,-1.0965167562765018E-5
,-1.0486357762313607E-5
,-1.0631866991492481E-5
,-1.0590521539812265E-5
,-1.0381903286646613E-5
,-1.1588242152238235E-5
,-1.0284030313932005E-5
,-1.0580658018011675E-5
