system:time_start,evaporation_from_vegetation_transpiration
,-8.90108155241857E-6
,-8.507378273255503E-6
,-8.003457575493181E-6
,-8.498950289019072E-6
,-8.276583685074002E-6
,-8.36412497543885E-6
,-8.731064250847945E-6
,-8.67970629769843E-6
,-9.22136738760552E-6
,-8.735655380102495E-6
,-8.443984673552526E-6
,-8.08230834081769E-6
,-8.445445322043573E-6
,-8.869244387218108E-6
,-8.982532259930546E-6
,-9.255846938079534E-6
,-8.957288931317938E-6
,-8.522075101306351E-6
,-8.926326700020581E-6
,-8.894432539818808E-6
,-8.895634285484752E-6
,-9.288155827865316E-6
,-9.181940792283664E-6
,-8.956369735339345E-6
,-9.025393713576099E-6
,-9.03595658504249E-6
,-9.373377300410842E-6
,-9.149078323389404E-6
,-9.423497128106343E-6
,-9.094491664048595E-6
,-9.5837846553574E-6
,-9.328323358204216E-6
,-9.419030296461036E-6
,-9.156825399259105E-6
