system:time_start,evaporation_from_vegetation_transpiration
,-1.5141370178233564E-5
,-1.5950754430608837E-5
,-1.4713259992681235E-5
,-1.581493669950832E-5
,-1.662492895630994E-5
,-1.5785129641973608E-5
,-1.767887520795089E-5
,-1.5742124863512192E-5
,-1.531865480443692E-5
,-1.6105755195086302E-5
,-1.5471228055373232E-5
,-1.742491298904901E-5
,-1.5656811199964037E-5
,-1.619655605671661E-5
,-1.622906919302685E-5
,-1.574432812164545E-5
,-1.5473307593354202E-5
,-1.5699410343788462E-5
,-1.513295469594018E-5
,-1.5312693774051566E-5
,-1.532893501072457E-5
,-1.639526497109771E-5
,-1.7251673044585106E-5
,-1.6460235605740712E-5
,-1.608728070139131E-5
,-1.7117514405057706E-5
,-1.583270276901275E-5
,-1.5859095929911182E-5
,-1.6583431369370024E-5
,-1.547277939347883E-5
,-1.5181133979543422E-5
,-1.5668341947030204E-5
,-1.599081902924578E-5
,-1.7195774720647254E-5
