system:time_start,evaporation_from_vegetation_transpiration
,-1.2476800822835486E-4
,-1.2616158664504273E-4
,-1.1933521664353698E-4
,-1.2860125844834334E-4
,-1.2491633929917966E-4
,-1.2360663297646124E-4
,-1.4332293415016622E-4
,-1.3152649988243265E-4
,-1.2150950141243386E-4
,-1.278296872070772E-4
,-1.2397853147777985E-4
,-1.3266325748921288E-4
,-1.2047151896243366E-4
,-1.2555457472536083E-4
,-1.1758580126405346E-4
,-1.2951919444158282E-4
,-1.254492395632639E-4
,-1.2884011168105594E-4
,-1.2811625306587563E-4
,-1.2626082639010695E-4
,-1.2842113513158524E-4
,-1.384462872082477E-4
,-1.3358358678097906E-4
,-1.2677759386578642E-4
,-1.1931586962751693E-4
,-1.4171386238013227E-4
,-1.2443467526267033E-4
,-1.2819426758730568E-4
,-1.2688523506265966E-4
,-1.263946732618565E-4
,-1.2612054726698967E-4
,-1.2348306164952584E-4
,-1.275508085156432E-4
,-1.3038951361594113E-4
