system:time_start,evaporation_from_vegetation_transpiration
,-3.5976174720215367E-4
,-3.4967225543301473E-4
,-4.084056337416297E-4
,-3.638012748928708E-4
,-3.761663992076204E-4
,-3.526622179513787E-4
,-4.0219003029859677E-4
,-4.4106094576448047E-4
,-3.924240020043928E-4
,-3.657058524805945E-4
,-3.830951683354484E-4
,-3.4807129343419175E-4
,-3.5574479704370823E-4
,-3.407714894078877E-4
,-4.13809265528134E-4
,-3.5152031829999977E-4
,-3.4290115989413743E-4
,-4.5229192932715197E-4
,-4.0634474943443714E-4
,-4.167027693963771E-4
,-3.713718251842861E-4
,-4.3247870541597E-4
,-3.946048625241221E-4
,-3.901605306156045E-4
,-3.837736557620196E-4
,-4.4204642559904004E-4
,-4.473850708563986E-4
,-3.830624725398795E-4
,-3.42429916566255E-4
,-4.250022235047018E-4
,-3.800764377585976E-4
,-4.7350612092284585E-4
,-3.830714959399807E-4
,-3.2288220284128866E-4
