system:time_start,evaporation_from_vegetation_transpiration
,-6.81444823082226E-5
,-7.006390418003623E-5
,-6.862960011252046E-5
,-6.97163359291153E-5
,-7.367465574740588E-5
,-7.208961505966727E-5
,-7.175770345687245E-5
,-7.58468213462038E-5
,-7.22507132498625E-5
,-7.214166665410933E-5
,-6.604088715297014E-5
,-6.941791313389938E-5
,-7.543982064817101E-5
,-6.845506807925024E-5
,-7.418615314236376E-5
,-7.472054251896527E-5
,-6.901978667883668E-5
,-7.664926185195024E-5
,-7.681717094480216E-5
,-7.993801348978498E-5
,-6.907493783122239E-5
,-7.159682415173545E-5
,-7.000072461475308E-5
,-7.048400948406197E-5
,-7.626558666136891E-5
,-7.816617411056843E-5
,-6.742935511283576E-5
,-8.010083001863677E-5
,-7.809129844342048E-5
,-7.740121206249266E-5
,-9.222092921845615E-5
,-7.870308096850447E-5
,-7.700209910884344E-5
,-7.260491838678718E-5
