system:time_start,evaporation_from_vegetation_transpiration
,-1.5937584109781828E-4
,-1.5375603607097543E-4
,-1.583578853022547E-4
,-1.4171323287162123E-4
,-1.6636947738045142E-4
,-1.5319503084060542E-4
,-1.5469527931880585E-4
,-1.5395981636550626E-4
,-1.585642299575261E-4
,-1.3590379543274413E-4
,-1.618712741056606E-4
,-1.5199721352374539E-4
,-1.6234517414218268E-4
,-1.5328912720554552E-4
,-1.645441808857679E-4
,-1.4520381601142984E-4
,-1.6265873114531412E-4
,-1.4865215485039104E-4
,-1.673954809458507E-4
,-1.5291764527053503E-4
,-1.5951213389337992E-4
,-1.608801216425239E-4
,-1.460830862853918E-4
,-1.592567323459436E-4
,-1.5791709270669972E-4
,-1.4957455750622955E-4
,-1.7011346481273502E-4
,-1.5448768439063116E-4
,-1.5465043488262434E-4
,-1.830940639257516E-4
,-1.421774967907942E-4
,-1.5823230394703487E-4
,-1.583715368863164E-4
,-1.5900473020659506E-4
