system:time_start,evaporation_from_vegetation_transpiration
,-1.0118596401298419E-4
,-9.381147053015108E-5
,-1.0356599826385111E-4
,-9.851538076569948E-5
,-1.0500174964060231E-4
,-9.598258354041415E-5
,-1.0761261061513021E-4
,-1.2070219236193225E-4
,-1.0178086328475426E-4
,-1.0269837548548821E-4
,-9.724184504496709E-5
,-9.883613044318433E-5
,-8.702024388185237E-5
,-1.0107335826129808E-4
,-1.0181534586687728E-4
,-9.259607880570304E-5
,-9.565144743343505E-5
,-1.0232516009030708E-4
,-1.0897867468884215E-4
,-1.0447311312115441E-4
,-9.83473419182701E-5
,-1.0773081946050904E-4
,-1.0617465644221132E-4
,-1.0069549292287168E-4
,-1.0856792080934004E-4
,-1.0570550330157857E-4
,-1.125579886623503E-4
,-9.765940740180667E-5
,-9.399288865097333E-5
,-1.0061344922481415E-4
,-1.016471517990188E-4
,-1.2639787079630574E-4
,-9.724397083725005E-5
,-9.455040465885152E-5
