system:time_start,evaporation_from_vegetation_transpiration
,-1.2744613004975862E-5
,-1.116311198399801E-5
,-1.2539660366157822E-5
,-1.1042839278594502E-5
,-1.3086498992855746E-5
,-1.1852989354381514E-5
,-1.2442824559652112E-5
,-1.2684323553999308E-5
,-1.2000532435541528E-5
,-1.2032106800082449E-5
,-1.2959015380363865E-5
,-1.1703244516476322E-5
,-1.3315538169644284E-5
,-1.2255286319053819E-5
,-1.268061783949157E-5
,-1.1678813583178755E-5
,-1.2464120161547768E-5
,-1.2726583788337717E-5
,-1.3291376013685727E-5
,-1.2319233497865276E-5
,-1.2027484834626582E-5
,-1.3379383658286227E-5
,-1.1228257963444947E-5
,-1.1732973126483903E-5
,-1.2192046467264713E-5
,-1.3050604528481406E-5
,-1.3490330058543587E-5
,-1.3897225428428055E-5
,-1.2282016454957468E-5
,-1.3446907923069026E-5
,-1.2343841566083332E-5
,-1.3106033553153143E-5
,-1.255395528416903E-5
,-1.222584025873359E-5
