system:time_start,evaporation_from_vegetation_transpiration
,-3.919717574974176E-6
,-3.131469804010031E-6
,-3.4782172009820497E-6
,-3.378873281270409E-6
,-3.3094144946050783E-6
,-3.5268483257730113E-6
,-3.6842441962411008E-6
,-4.017806228754732E-6
,-3.574034076919839E-6
,-3.696806253663873E-6
,-3.368104630797648E-6
,-3.6348497488712055E-6
,-3.2313018891727556E-6
,-3.7495375671334423E-6
,-3.502034931630195E-6
,-3.55802785634296E-6
,-3.301821216621484E-6
,-3.5451200276908753E-6
,-3.734336482571402E-6
,-3.921231906973005E-6
,-3.7627654213186665E-6
,-3.5681921825669583E-6
,-3.869621044335266E-6
,-3.7036017182309966E-6
,-3.7995284331443072E-6
,-3.98477275153616E-6
,-4.033611754167419E-6
,-3.528795717172146E-6
,-3.4850071852605865E-6
,-3.548333738879778E-6
,-3.6861501006896087E-6
,-4.242050729375572E-6
,-3.5538229358513863E-6
,-3.5527707204425664E-6
