system:time_start,evaporation_from_vegetation_transpiration
,-1.8241158564914967E-4
,-1.811201009413996E-4
,-1.7341140913439007E-4
,-1.8584317901439783E-4
,-1.8003742128182553E-4
,-1.7734245329314934E-4
,-1.956132396842369E-4
,-1.8161642371240008E-4
,-1.6832031154934382E-4
,-1.8260962357982615E-4
,-1.7509943785611956E-4
,-1.8190986571231952E-4
,-1.758159391082314E-4
,-1.7980169045949993E-4
,-1.7073302982169801E-4
,-1.8372887219625614E-4
,-1.8092954015903382E-4
,-1.7961816267537874E-4
,-1.8009781822825882E-4
,-1.766913288195931E-4
,-1.8191288154051127E-4
,-1.9219059462084588E-4
,-1.8186667527871853E-4
,-1.8136605007978125E-4
,-1.6386826177238256E-4
,-1.9375651387633954E-4
,-1.772416990536411E-4
,-1.8259675766551205E-4
,-1.7972840894412036E-4
,-1.7638399937451184E-4
,-1.7719299762711832E-4
,-1.720921574061488E-4
,-1.8276516690220404E-4
,-1.836737877179126E-4
