system:time_start,evaporation_from_vegetation_transpiration
,-9.182488167890086E-5
,-8.531481111660588E-5
,-9.032223302444964E-5
,-8.562266820802545E-5
,-8.724148726730281E-5
,-8.419398271078465E-5
,-9.04762464355338E-5
,-9.00011515480293E-5
,-8.078308258564068E-5
,-8.850822064898034E-5
,-9.759480128221231E-5
,-8.5378151122916E-5
,-9.036379186159278E-5
,-9.030739041903598E-5
,-9.200099093323327E-5
,-8.198756924177438E-5
,-8.855442504885682E-5
,-9.43124222621844E-5
,-1.0110509631945537E-4
,-8.584607725514484E-5
,-9.457332283322779E-5
,-9.702288822006531E-5
,-8.149062781303475E-5
,-8.837953259307304E-5
,-8.628246234603055E-5
,-9.002842941594232E-5
,-9.17901711727298E-5
,-8.544813486682611E-5
,-8.363360909887955E-5
,-9.909965972721595E-5
,-8.7328076632289E-5
,-9.623462281918636E-5
,-9.063672995608861E-5
,-8.521575043375824E-5
