system:time_start,evaporation_from_vegetation_transpiration
,-6.0085737354671215E-5
,-5.875768082845334E-5
,-6.467829981726418E-5
,-6.298477073815778E-5
,-6.191296510610099E-5
,-6.116508754307835E-5
,-6.657277767275697E-5
,-7.411249731955804E-5
,-6.0894613192737136E-5
,-6.0887621196002665E-5
,-6.060146523606421E-5
,-5.806138233042489E-5
,-5.544514845826445E-5
,-6.203419371534847E-5
,-6.211988318864851E-5
,-5.6481308916413334E-5
,-5.732286131085181E-5
,-7.218567695248712E-5
,-6.830851556928136E-5
,-6.2910018832044E-5
,-6.388409901693652E-5
,-6.386512776232012E-5
,-6.498063738352433E-5
,-6.207310602495242E-5
,-6.613689690142709E-5
,-6.878752168722981E-5
,-7.581512137251094E-5
,-6.414300152546194E-5
,-6.272801743805028E-5
,-6.710475023486823E-5
,-6.403910940910339E-5
,-7.723485897288308E-5
,-5.9526902214604416E-5
,-5.4270854851622114E-5
