system:time_start,evaporation_from_vegetation_transpiration
,-4.3108595965198525E-5
,-4.235285271647627E-5
,-4.6426915654744036E-5
,-4.139994953789028E-5
,-4.446306715522042E-5
,-4.580416229297649E-5
,-4.7843058505729154E-5
,-5.0553135177248506E-5
,-4.4492539321557466E-5
,-4.308977646398186E-5
,-4.709184979863797E-5
,-4.3224529377994265E-5
,-4.439272512968273E-5
,-4.443900195383322E-5
,-4.426639052705165E-5
,-4.4050597116059485E-5
,-4.340777374522987E-5
,-4.528424218127233E-5
,-4.886226131854225E-5
,-4.61518745188035E-5
,-4.498403863332594E-5
,-4.677153410170831E-5
,-4.297848190049081E-5
,-4.4490573050855645E-5
,-4.5415494933346664E-5
,-4.4196043594032133E-5
,-5.0507075106528035E-5
,-5.002635705864123E-5
,-4.497612917475636E-5
,-4.835302362948824E-5
,-4.415188333458294E-5
,-5.196127495802709E-5
,-4.59233023093475E-5
,-4.559423047112432E-5
