system:time_start,evaporation_from_vegetation_transpiration
,-6.799003919392514E-5
,-5.611018726388769E-5
,-6.341429010111217E-5
,-5.850814765532656E-5
,-6.822813096126386E-5
,-6.220622890396044E-5
,-6.154005859571043E-5
,-6.532860364435085E-5
,-5.806840575435975E-5
,-6.137540973819948E-5
,-6.287991042578749E-5
,-5.955130048581244E-5
,-6.38735327811446E-5
,-6.129164285084698E-5
,-6.360130343333974E-5
,-5.7307665580689594E-5
,-6.192501556749146E-5
,-6.312808485139006E-5
,-6.292431862675585E-5
,-6.090225239555972E-5
,-6.115145818815411E-5
,-6.51721117416552E-5
,-5.578684067586437E-5
,-5.9826409900172926E-5
,-6.284991832217202E-5
,-6.423885921928256E-5
,-7.167700944895235E-5
,-6.843973339224856E-5
,-6.215202544505398E-5
,-7.158826398760236E-5
,-6.797555943194311E-5
,-6.719372625714944E-5
,-6.106966247898526E-5
,-6.377764839271549E-5
