system:time_start,evaporation_from_vegetation_transpiration
,-5.6584979271671415E-6
,-5.12188703901807E-6
,-5.473358073181265E-6
,-5.673855695123266E-6
,-5.7147952854090064E-6
,-5.577546754567366E-6
,-6.29952608303736E-6
,-5.890573973172447E-6
,-5.578456168425167E-6
,-5.885932276012479E-6
,-5.504399531572643E-6
,-6.426125684002827E-6
,-5.14608642940099E-6
,-6.183076725897586E-6
,-5.606381617124295E-6
,-5.821338143303161E-6
,-5.570442428708904E-6
,-6.168760470851945E-6
,-5.452200598988889E-6
,-5.960299030347313E-6
,-5.8275927181562614E-6
,-5.8818151349745065E-6
,-6.623834067593433E-6
,-6.025632602460165E-6
,-6.123776499104375E-6
,-6.240423317649402E-6
,-5.889034380541286E-6
,-5.513276887035721E-6
,-5.851464892556478E-6
,-5.647455125452123E-6
,-5.346571116307233E-6
,-5.7394431577348665E-6
,-5.795505462123806E-6
,-5.881903093217666E-6
