system:time_start,evaporation_from_vegetation_transpiration
,-4.862645922843455E-4
,-4.665567010171211E-4
,-4.639863263601621E-4
,-5.14389739695053E-4
,-4.737933225500348E-4
,-4.6018040758930495E-4
,-4.8761060957064117E-4
,-4.8595518045218384E-4
,-4.5478800937963154E-4
,-4.966634787229862E-4
,-4.476621185905473E-4
,-4.591370408731559E-4
,-4.6663378144773057E-4
,-4.647590843990522E-4
,-4.509966322407219E-4
,-4.799255981462307E-4
,-5.282691711476523E-4
,-4.458357427545602E-4
,-4.62485975573507E-4
,-4.572770008383181E-4
,-4.730327335529674E-4
,-4.623794916070113E-4
,-4.726709324594434E-4
,-4.8447955435934316E-4
,-4.5337120383925114E-4
,-4.619692126369311E-4
,-4.906014423983888E-4
,-4.973409380013133E-4
,-4.749815104363782E-4
,-4.5142409418410487E-4
,-4.5191126506388256E-4
,-4.7362693481117855E-4
,-5.048904354069452E-4
,-4.841374876718506E-4
