system:time_start,evaporation_from_vegetation_transpiration
,-1.028688464430161E-5
,-9.667191649593103E-6
,-9.2257400683593E-6
,-9.921692350568871E-6
,-9.821115648567987E-6
,-9.727562476958458E-6
,-1.0154728418759382E-5
,-1.0225767327938229E-5
,-1.07528906907343E-5
,-1.0129481161129661E-5
,-9.825368567059435E-6
,-9.491294113104232E-6
,-9.935120275865E-6
,-1.0300179710611702E-5
,-1.0152621568219426E-5
,-1.0823503204543766E-5
,-1.0531964435358533E-5
,-9.848880023734336E-6
,-1.0414992041963463E-5
,-1.0469444993456514E-5
,-1.0447371508538102E-5
,-1.078178431877556E-5
,-1.0482175566721708E-5
,-1.038026181049645E-5
,-1.0367646270121136E-5
,-1.0581375026958995E-5
,-1.0912445480547226E-5
,-1.0513447802319813E-5
,-1.0903288033053589E-5
,-1.0320497240172698E-5
,-1.1120513687880402E-5
,-1.0759639286940608E-5
,-1.0607474784289177E-5
,-1.0593669430818408E-5
