system:time_start,evaporation_from_vegetation_transpiration
,-8.685502596291505E-6
,-8.574718390002675E-6
,-7.949051257452377E-6
,-8.78259977499751E-6
,-8.74257724633977E-6
,-8.263149455202416E-6
,-9.277055570477722E-6
,-8.552329479149695E-6
,-8.083515344826563E-6
,-8.798759750036346E-6
,-8.219785469145267E-6
,-8.698108673740336E-6
,-8.410911269838206E-6
,-8.718777217868122E-6
,-8.043367175225451E-6
,-8.78381236142214E-6
,-8.691320074611777E-6
,-8.264040969089396E-6
,-8.602977702359002E-6
,-8.520668829099112E-6
,-8.612367043403129E-6
,-9.021364725224979E-6
,-8.687121883657259E-6
,-8.723234944112448E-6
,-7.918490766691133E-6
,-9.138820310365462E-6
,-8.67548982276422E-6
,-8.852143477186515E-6
,-8.622696608570593E-6
,-8.201831186507378E-6
,-8.364862298611992E-6
,-8.39709301366927E-6
,-8.979185392605755E-6
,-8.727328820206257E-6
