system:time_start,evaporation_from_vegetation_transpiration
,-8.976739720675629E-5
,-7.548830954480547E-5
,-8.60667661578369E-5
,-8.521070155441412E-5
,-8.162139154567834E-5
,-8.131412613099875E-5
,-9.263377335092759E-5
,-1.0690987385659794E-4
,-9.18947142239313E-5
,-9.98085625435157E-5
,-8.898275313243539E-5
,-8.31101283626169E-5
,-7.263444706222624E-5
,-7.990413585705813E-5
,-7.743090721128278E-5
,-7.499863359943841E-5
,-8.145430610905131E-5
,-8.111616186924266E-5
,-8.326729417729736E-5
,-8.4271423405108E-5
,-8.17976865868127E-5
,-8.36256030836202E-5
,-8.581776051348674E-5
,-7.799120396819622E-5
,-8.822182638217393E-5
,-9.510926972257976E-5
,-8.900809531377377E-5
,-8.783789925369715E-5
,-7.628962175291727E-5
,-8.323410787237414E-5
,-8.041972133547E-5
,-1.0021543501764799E-4
,-7.128397486768727E-5
,-7.578109349383859E-5
