system:time_start,evaporation_from_vegetation_transpiration
,-3.993931932200212E-5
,-3.3488974319576904E-5
,-3.897102881940858E-5
,-3.597841411343931E-5
,-3.938897922732091E-5
,-3.803659759190244E-5
,-3.924783353189317E-5
,-3.890954455224952E-5
,-3.711725427516891E-5
,-3.818454873301865E-5
,-3.652530358522199E-5
,-3.552917769411579E-5
,-3.998277801050184E-5
,-3.444601740435852E-5
,-3.934866193352112E-5
,-3.689648049961155E-5
,-3.699408383302701E-5
,-3.8592600200596884E-5
,-3.9614854661825426E-5
,-4.0664079885270134E-5
,-3.6502431006132006E-5
,-3.700878551171627E-5
,-3.4953416009860426E-5
,-3.818824795113566E-5
,-3.72251306544058E-5
,-4.068051263554177E-5
,-4.1781187974265777E-5
,-4.0936537819410056E-5
,-3.685391008427056E-5
,-4.150036390152915E-5
,-4.08697681753741E-5
,-4.098161904645773E-5
,-3.615228767254545E-5
,-3.813220185596341E-5
