system:time_start,evaporation_from_vegetation_transpiration
,-7.172934610501951E-6
,-6.11977080725843E-6
,-7.164315216609143E-6
,-6.0560813186124765E-6
,-7.443105243423597E-6
,-6.77742746553295E-6
,-7.060292600293732E-6
,-7.388125249278909E-6
,-6.499959618806661E-6
,-6.638831369595469E-6
,-7.064747236048182E-6
,-6.567354198306843E-6
,-7.1665924007815875E-6
,-6.762161189856538E-6
,-7.063415302712069E-6
,-6.781512032224175E-6
,-7.041858424643231E-6
,-6.801301995957536E-6
,-7.336681647714048E-6
,-7.106348199331912E-6
,-6.5890252915865156E-6
,-7.194785194726482E-6
,-6.435258685433793E-6
,-6.690315491314755E-6
,-6.943022145562627E-6
,-7.014073361504068E-6
,-7.638962883252783E-6
,-7.61907183567971E-6
,-6.796270238174612E-6
,-7.70542487554762E-6
,-6.941253949272712E-6
,-7.3095764361953876E-6
,-6.977777853275516E-6
,-7.07699766194093E-6
