system:time_start,evaporation_from_vegetation_transpiration
,-4.463116310288824E-5
,-3.882756417468798E-5
,-4.549557675787369E-5
,-4.278334537203747E-5
,-4.5956283396630136E-5
,-4.1025092958751646E-5
,-4.784152139387794E-5
,-5.47014808673978E-5
,-4.422570841475012E-5
,-4.476945170674364E-5
,-4.513528441387829E-5
,-4.308653939284619E-5
,-3.828748753926243E-5
,-4.551325386077027E-5
,-4.325151065393846E-5
,-4.18206209278569E-5
,-4.259739832812081E-5
,-4.246501321340638E-5
,-4.8171491151741656E-5
,-4.771006640546582E-5
,-4.151689086234205E-5
,-4.68370882601022E-5
,-4.5890515196390936E-5
,-4.426474233778291E-5
,-4.9400715110718635E-5
,-5.008376116690284E-5
,-4.876222261078215E-5
,-4.174078456524692E-5
,-4.0937272379770544E-5
,-4.318335872544144E-5
,-4.592033679023394E-5
,-5.7024054209856935E-5
,-4.413648593571952E-5
,-4.174826175880593E-5
