system:time_start,evaporation_from_vegetation_transpiration
,-8.508137862140691E-5
,-7.424435326369797E-5
,-7.15953013412587E-5
,-7.859240028757495E-5
,-6.810195491593534E-5
,-8.203063051674373E-5
,-7.433765924782864E-5
,-7.287893967641403E-5
,-7.570821171743708E-5
,-8.075774834045053E-5
,-7.085496883150155E-5
,-7.509030863571832E-5
,-7.77908780551313E-5
,-8.009697370837692E-5
,-7.71102213679958E-5
,-8.512520403398769E-5
,-8.217049893890204E-5
,-7.214042618242262E-5
,-7.819585086996295E-5
,-8.589540371705905E-5
,-8.352096449306228E-5
,-7.905639248075084E-5
,-8.313582952394137E-5
,-7.892053561564367E-5
,-7.928084132668184E-5
,-8.33261598492517E-5
,-8.247262614558153E-5
,-7.966725989599186E-5
,-7.932340923761711E-5
,-8.033604881084234E-5
,-7.887163596076763E-5
,-8.678842027291175E-5
,-7.854403992351382E-5
,-8.59946004324677E-5
