system:time_start,evaporation_from_vegetation_transpiration
,-1.3217031709496373E-5
,-1.3323102986918379E-5
,-1.2820043000671003E-5
,-1.1893555160170672E-5
,-1.2426994879311626E-5
,-1.2661029095529493E-5
,-1.1637547950026667E-5
,-1.2800047440670322E-5
,-1.303102810092294E-5
,-1.3332365644759113E-5
,-1.2825409936814813E-5
,-1.2473972513533595E-5
,-1.3575958442031508E-5
,-1.319486087015611E-5
,-1.3879586815850077E-5
,-1.4045151091641345E-5
,-1.2223461361418888E-5
,-1.3374103703730119E-5
,-1.3408013934246773E-5
,-1.4616208966839148E-5
,-1.3066537212580444E-5
,-1.4210863398899243E-5
,-1.4457034342120862E-5
,-1.2895618327593845E-5
,-1.3642659620888044E-5
,-1.4350785383704943E-5
,-1.3846640662898383E-5
,-1.4153135205139034E-5
,-1.4627918033616827E-5
,-1.4281288689665458E-5
,-1.6347505650470416E-5
,-1.5222067868571554E-5
,-1.4410704202221142E-5
,-1.4257427242030289E-5
