system:time_start,evaporation_from_vegetation_transpiration
,-2.302546514935481E-6
,-1.9917218499661735E-6
,-2.350869181100279E-6
,-1.9398576114326715E-6
,-2.449446886506242E-6
,-2.1914196016344554E-6
,-2.289560749583567E-6
,-2.4636331848644963E-6
,-2.155213830216477E-6
,-2.1432406356325373E-6
,-2.304888160627646E-6
,-2.1085537203665203E-6
,-2.3126079516562945E-6
,-2.1869509509997442E-6
,-2.3654920369153842E-6
,-2.212589000312922E-6
,-2.300166064136041E-6
,-2.199392838519998E-6
,-2.409488539948749E-6
,-2.3613295828302703E-6
,-2.139377708469207E-6
,-2.380184620657625E-6
,-2.1753391289773085E-6
,-2.1924637015520907E-6
,-2.2558057632219666E-6
,-2.2756278970822072E-6
,-2.5061926862690598E-6
,-2.507396250924406E-6
,-2.2372902700832733E-6
,-2.4949179836160815E-6
,-2.2792319214204326E-6
,-2.4022683646762744E-6
,-2.220080205006525E-6
,-2.27573703644642E-6
