system:time_start,evaporation_from_vegetation_transpiration
,-8.903246756138591E-6
,-8.453391880417863E-6
,-8.166468129881347E-6
,-7.787079084664583E-6
,-8.807119229459204E-6
,-8.36592577494836E-6
,-8.949316300762197E-6
,-8.46590228320565E-6
,-1.0512235652034482E-5
,-9.329743988928385E-6
,-8.442950274911709E-6
,-9.202616638503969E-6
,-9.77616097467641E-6
,-9.317757455088819E-6
,-9.543349733576179E-6
,-9.917472198139876E-6
,-8.906454847116644E-6
,-9.005939015575374E-6
,-9.700920903317941E-6
,-1.0172519978368655E-5
,-9.673454163324399E-6
,-1.0279889465891756E-5
,-9.790667415169688E-6
,-9.815413553345328E-6
,-9.819388651521876E-6
,-9.200815232664658E-6
,-9.718911921178611E-6
,-9.195874857444627E-6
,-9.982190628458435E-6
,-9.928059929128116E-6
,-9.935753647975313E-6
,-1.0787162561124811E-5
,-9.236231562681496E-6
,-9.885534382192418E-6
