system:time_start,evaporation_from_vegetation_transpiration
,-5.993923539291227E-6
,-5.525043568067143E-6
,-6.111516103926844E-6
,-5.3104321719444E-6
,-6.276480680931925E-6
,-5.689312042794007E-6
,-6.155394764980028E-6
,-6.378593182079403E-6
,-5.740633687488369E-6
,-5.695923748277767E-6
,-6.307356635065219E-6
,-5.743739380062941E-6
,-6.483373463019162E-6
,-5.771860278579042E-6
,-6.192930181985539E-6
,-5.800943850487125E-6
,-6.107166543598378E-6
,-5.96509401956984E-6
,-6.509116015056897E-6
,-5.9568632351846306E-6
,-5.750361357486861E-6
,-6.461801532685628E-6
,-5.5328204254300205E-6
,-5.524998378663725E-6
,-6.211351587005672E-6
,-6.179454002823844E-6
,-6.566047815402843E-6
,-6.604077355529857E-6
,-5.790197368090351E-6
,-6.517292693423966E-6
,-5.81658480537133E-6
,-6.332660846323158E-6
,-6.32872762056935E-6
,-6.158901740883605E-6
