system:time_start,evaporation_from_vegetation_transpiration
,-2.643976427398407E-5
,-2.519458814954394E-5
,-2.648375647920914E-5
,-2.5424591940998865E-5
,-2.607624314716268E-5
,-2.5489721248923872E-5
,-2.6018334870505163E-5
,-2.6653547833762675E-5
,-2.3634969318877928E-5
,-2.5755009119166055E-5
,-2.823804195085198E-5
,-2.4583086693989266E-5
,-2.5981784578927506E-5
,-2.5809987735056872E-5
,-2.7142639273912274E-5
,-2.4191134316959714E-5
,-2.5349039163962052E-5
,-2.8021372831883088E-5
,-2.8860725715097867E-5
,-2.380758900578846E-5
,-2.7312744065306566E-5
,-2.8028736653818752E-5
,-2.3818325376744135E-5
,-2.5563098318468522E-5
,-2.5141933328282615E-5
,-2.5893676477197932E-5
,-2.619395712042437E-5
,-2.5736396327927507E-5
,-2.46846457586941E-5
,-2.7421354656433E-5
,-2.6103796413985498E-5
,-3.0012717776544913E-5
,-2.6480680978292023E-5
,-2.5787422779174834E-5
