system:time_start,evaporation_from_vegetation_transpiration
,-3.334240600372021E-5
,-2.7820659502574457E-5
,-3.126044793000867E-5
,-2.9003060902860764E-5
,-3.3752863459431E-5
,-3.0696229347232306E-5
,-3.0326119680679742E-5
,-3.1927552276964606E-5
,-2.861178092884875E-5
,-3.0443109955399464E-5
,-3.098162150413423E-5
,-2.9211727843288815E-5
,-3.1527146799910496E-5
,-3.036346048496025E-5
,-3.140182553983251E-5
,-2.8429906706041284E-5
,-3.051560865841885E-5
,-3.09520711622332E-5
,-3.105353180157914E-5
,-3.010221282615552E-5
,-3.0165851460454084E-5
,-3.215321268915556E-5
,-2.7512413011652375E-5
,-2.95675550682415E-5
,-3.067683371060749E-5
,-3.1567390391314366E-5
,-3.513723087442691E-5
,-3.353422722623959E-5
,-3.055975839956058E-5
,-3.5301403304124105E-5
,-3.32468479945416E-5
,-3.26295921880985E-5
,-2.9796496252258207E-5
,-3.13064291980312E-5
