system:time_start,evaporation_from_vegetation_transpiration
,-1.1998424815828912E-4
,-1.1450208936973165E-4
,-1.2749921734211966E-4
,-1.163904332012559E-4
,-1.2036664581197935E-4
,-1.2535398188144123E-4
,-1.3505390052159782E-4
,-1.387014550952396E-4
,-1.2573577259900048E-4
,-1.2411443276505452E-4
,-1.2816111908856934E-4
,-1.2505536869866773E-4
,-1.2225794489495456E-4
,-1.2789575218145424E-4
,-1.337564317509532E-4
,-1.2561903713503852E-4
,-1.2300460063367305E-4
,-1.2582947541280495E-4
,-1.3446757050890787E-4
,-1.2999912663265908E-4
,-1.2619863991858438E-4
,-1.3065518032817636E-4
,-1.2802886825132495E-4
,-1.2889320654115485E-4
,-1.3423317432170734E-4
,-1.3043339761982983E-4
,-1.3976135839281292E-4
,-1.3198151039735725E-4
,-1.2615700628278623E-4
,-1.3643125081822896E-4
,-1.3128399829535434E-4
,-1.4985503245649548E-4
,-1.2811950485532483E-4
,-1.2106399663025513E-4
