system:time_start,evaporation_from_vegetation_transpiration
,-0.0011914570531149204
,-0.0010328320470115756
,-0.001452600484383192
,-0.0010043516420220082
,-0.0013498201453228424
,-0.0010565923242697077
,-0.001343140317121323
,-0.001320439515238028
,-0.0012393852634649152
,-0.001205482113944008
,-0.0012478094574387899
,-0.0012498058460046909
,-0.0011790654495185831
,-0.0011115589163874615
,-0.0013200741336530989
,-0.0010147668835851944
,-0.0011907514544727163
,-0.001352044046413711
,-0.0013488274935407828
,-0.0013728478592544625
,-0.0011261901917858478
,-0.0014758417168064099
,-0.0011009648909069266
,-0.0012805952128875804
,-0.001269561730145047
,-0.001320763660384315
,-0.0013007605194437215
,-0.001300217274233199
,-0.0010713610230245157
,-0.0013833011570857042
,-0.0011168815125927496
,-0.0015760914185197193
,-0.001244416632965087
,-0.0010580500469345624
