system:time_start,evaporation_from_vegetation_transpiration
,-1.1912464817950625E-5
,-1.0310578065125913E-5
,-1.1201665093689698E-5
,-1.0698810152115082E-5
,-1.1131516598662057E-5
,-1.1222779833071277E-5
,-1.1990485205078928E-5
,-1.2730999699992296E-5
,-1.1817585047454264E-5
,-1.2451258381651481E-5
,-1.2096609716383941E-5
,-1.1212421327161743E-5
,-9.360511201299971E-6
,-1.2097372025479827E-5
,-1.1461706808270946E-5
,-1.0324990106933257E-5
,-1.1363445601301107E-5
,-1.1044506563791498E-5
,-1.230726127542467E-5
,-1.303642635565069E-5
,-1.1478506109694461E-5
,-1.3319251282410662E-5
,-1.2381049011493139E-5
,-1.2327539876476929E-5
,-1.2466895871281241E-5
,-1.347936330578474E-5
,-1.2181578437110458E-5
,-1.1656723703407589E-5
,-1.0782067098944503E-5
,-1.2229097464604624E-5
,-1.1584516924628266E-5
,-1.5235679602940894E-5
,-1.2279204923553521E-5
,-1.2433228573937112E-5
