system:time_start,evaporation_from_vegetation_transpiration
,-2.6283839057820537E-6
,-2.4305536499014124E-6
,-2.28596096955395E-6
,-2.3418706405209377E-6
,-2.326662070117891E-6
,-2.362468876526691E-6
,-2.3060795986869684E-6
,-2.2645769301258647E-6
,-2.7181952949225283E-6
,-2.416126638612089E-6
,-2.3817810870241374E-6
,-2.2934976489826417E-6
,-2.587662796334674E-6
,-2.5278786779381335E-6
,-2.7224687073612586E-6
,-2.8016353705121824E-6
,-2.4089840735541657E-6
,-2.4115591562197856E-6
,-2.6893546115995073E-6
,-2.677867087186314E-6
,-2.508009856683202E-6
,-2.6322656291692206E-6
,-2.6990389111839854E-6
,-2.5489795613490665E-6
,-2.7169996125545972E-6
,-2.6121379050891846E-6
,-2.5021630184104047E-6
,-2.6065863494295627E-6
,-2.6996185624739155E-6
,-2.5444539157130444E-6
,-2.7818477974506095E-6
,-2.795179170789197E-6
,-2.581121710439523E-6
,-2.848770842926266E-6
