system:time_start,evaporation_from_vegetation_transpiration
,-5.376783997741607E-5
,-5.34179968482693E-5
,-5.215349798220943E-5
,-5.250741148656944E-5
,-5.593391763093804E-5
,-5.1036082566878116E-5
,-5.806032895208517E-5
,-5.374644821691187E-5
,-5.2433543436766335E-5
,-5.6937307453002646E-5
,-5.080230734126932E-5
,-5.8633599719201016E-5
,-5.0226600564801614E-5
,-5.590134442225757E-5
,-5.501748979704733E-5
,-5.551951143028063E-5
,-5.1750480050153455E-5
,-5.387014343561322E-5
,-5.2338515662116475E-5
,-5.4218903872454044E-5
,-5.1750171494014584E-5
,-5.452527639653335E-5
,-6.011229776449647E-5
,-5.568217935059642E-5
,-5.5967697707452835E-5
,-5.7009624465816834E-5
,-5.3039240966195495E-5
,-5.310279973791627E-5
,-5.542592224177376E-5
,-5.201182351545675E-5
,-4.97521825201288E-5
,-5.325312821769258E-5
,-5.337015832518827E-5
,-5.636278800635816E-5
