system:time_start,evaporation_from_vegetation_transpiration
,-9.177579436455011E-5
,-9.780279264428191E-5
,-9.412548786658186E-5
,-9.72016504814682E-5
,-9.647106186478164E-5
,-9.695850682708594E-5
,-9.721524478037434E-5
,-1.0129033938552278E-4
,-1.001516268608659E-4
,-9.807958163519776E-5
,-9.207861482138321E-5
,-9.284390338365122E-5
,-1.0005077341880085E-4
,-9.441415817217597E-5
,-1.0004887769686747E-4
,-1.0074434704479956E-4
,-9.372719628974893E-5
,-1.0126445279348318E-4
,-1.0434417119752205E-4
,-1.0609878867411764E-4
,-9.797528192905632E-5
,-1.0091335711319915E-4
,-9.602241533048455E-5
,-9.6152117805893E-5
,-1.0359543163107631E-4
,-1.0239482744508026E-4
,-9.142587331917578E-5
,-1.0788463864985505E-4
,-1.095445438024848E-4
,-1.0006641450970861E-4
,-1.1810719081309823E-4
,-1.0449917893161305E-4
,-1.049237786315525E-4
,-1.0155214612389519E-4
