system:time_start,evaporation_from_vegetation_transpiration
,-4.3770614865934476E-5
,-4.386121630280589E-5
,-4.821440779778641E-5
,-4.162529694440309E-5
,-4.8198580770986155E-5
,-4.401793436651739E-5
,-4.487039586820174E-5
,-5.1777882011568486E-5
,-4.440373110507304E-5
,-4.441541386768222E-5
,-5.301223124358027E-5
,-4.356277046705751E-5
,-5.0400728772122726E-5
,-4.4089658937688604E-5
,-4.5813945083258055E-5
,-4.4145923311589286E-5
,-4.7353944561715856E-5
,-4.8021251132013276E-5
,-5.039395303659452E-5
,-4.392564793912849E-5
,-4.7105343279933244E-5
,-5.108962189600182E-5
,-4.3951946281595156E-5
,-4.260822485472696E-5
,-4.5821543608326465E-5
,-4.591543135272028E-5
,-5.0413200976133034E-5
,-5.21293889808779E-5
,-4.606161019182764E-5
,-4.64192447301078E-5
,-4.3160919934355967E-5
,-5.5366772357956506E-5
,-4.9819197859809115E-5
,-4.4374757029193766E-5
