system:time_start,evaporation_from_vegetation_transpiration
,-5.539496366206246E-6
,-5.598448600115565E-6
,-5.919018197649469E-6
,-5.187361845552611E-6
,-5.87863602656095E-6
,-5.5660790773496655E-6
,-6.278850075129109E-6
,-6.630766317054319E-6
,-5.422630541337033E-6
,-5.589984842420866E-6
,-6.200471640719722E-6
,-5.6337479084807756E-6
,-6.100640045284915E-6
,-5.745124629659888E-6
,-5.92624686153916E-6
,-5.448649365765353E-6
,-5.8299568384730565E-6
,-5.719616334924164E-6
,-6.587047513069895E-6
,-5.890127795282751E-6
,-5.73966705511945E-6
,-5.9713687126835184E-6
,-5.404179925487067E-6
,-5.52932579012122E-6
,-6.1810921276143444E-6
,-5.984111339785159E-6
,-6.448712762600432E-6
,-6.1672047498480724E-6
,-5.806613141127552E-6
,-6.233915579893316E-6
,-5.669972476122591E-6
,-6.3094697300887974E-6
,-6.361073853137593E-6
,-6.15199314779602E-6
