system:time_start,evaporation_from_vegetation_transpiration
,-1.541627370768907E-6
,-1.191806617537216E-6
,-1.3954022054846154E-6
,-1.431334496360992E-6
,-1.3126318276106835E-6
,-1.317853810771778E-6
,-1.5489529571223489E-6
,-1.7452459605468488E-6
,-1.4586314640102035E-6
,-1.6037539992000947E-6
,-1.440296437841483E-6
,-1.437111890520603E-6
,-1.238452781801746E-6
,-1.3370041441129426E-6
,-1.3340815312661732E-6
,-1.2958487090184055E-6
,-1.3753177759325106E-6
,-1.3440752396581309E-6
,-1.4186762007042528E-6
,-1.4369880057316511E-6
,-1.383735323555979E-6
,-1.4608633640083544E-6
,-1.4787934521743235E-6
,-1.4195283907894967E-6
,-1.4920383912646575E-6
,-1.634531725629015E-6
,-1.5984059123409884E-6
,-1.4787730820731306E-6
,-1.2923091878505186E-6
,-1.315936079915078E-6
,-1.3168013512432668E-6
,-1.681628625147236E-6
,-1.2536434848266092E-6
,-1.285487268052348E-6
