system:time_start,evaporation_from_vegetation_transpiration
,-1.2915162738459505E-4
,-1.2280484091004633E-4
,-1.3053669643644147E-4
,-1.1990878713024562E-4
,-1.3406578839041886E-4
,-1.3472591697589247E-4
,-1.3336871400800496E-4
,-1.4087781520781087E-4
,-1.2652929053223893E-4
,-1.282600554885802E-4
,-1.2305489829284648E-4
,-1.2840712247452754E-4
,-1.2942925756457652E-4
,-1.2519057243783513E-4
,-1.4049056234297392E-4
,-1.325581639674864E-4
,-1.278880276155784E-4
,-1.394988923443129E-4
,-1.4003308006572802E-4
,-1.3967944553567376E-4
,-1.3071463114202846E-4
,-1.2456610900497052E-4
,-1.2722053103667955E-4
,-1.2993958186295154E-4
,-1.472948623460171E-4
,-1.4630796956933208E-4
,-1.4652442079447306E-4
,-1.3496556708661147E-4
,-1.265774691192847E-4
,-1.4857805917421906E-4
,-1.509106477644511E-4
,-1.5623683829188746E-4
,-1.3184121750479486E-4
,-1.3198947347821863E-4
