system:time_start,evaporation_from_vegetation_transpiration
,-6.173848669277504E-5
,-6.01748730938804E-5
,-6.606160847392555E-5
,-6.533144672478859E-5
,-6.515757801632087E-5
,-6.402924433738615E-5
,-6.825257757251772E-5
,-7.620335478956501E-5
,-6.498075830071078E-5
,-6.601529639738146E-5
,-6.433960758537675E-5
,-6.031341278382266E-5
,-5.73087454540655E-5
,-6.618456063733902E-5
,-6.308512274699751E-5
,-5.659591928027415E-5
,-5.804950766711651E-5
,-7.358970954859008E-5
,-6.854013069338787E-5
,-6.610299230184562E-5
,-6.490306865695554E-5
,-6.59226667873251E-5
,-6.701958409394138E-5
,-6.267103890422732E-5
,-6.910011264456746E-5
,-7.011526455850496E-5
,-7.968164512324923E-5
,-6.36699223832693E-5
,-6.318618701091812E-5
,-7.14447542122798E-5
,-6.62816097853162E-5
,-8.02956801635446E-5
,-6.428941439177531E-5
,-5.626618136981657E-5
