system:time_start,evaporation_from_vegetation_transpiration
,-2.1679176130927898E-6
,-2.127855173399752E-6
,-2.1432134485866137E-6
,-2.1698815544368695E-6
,-2.106740813820012E-6
,-2.0190804676648466E-6
,-2.0101604174562197E-6
,-2.1443241861053012E-6
,-2.1247679767604436E-6
,-2.150139143165972E-6
,-2.0379319261904727E-6
,-2.0098331753948143E-6
,-2.1429001912286864E-6
,-2.1554076992806485E-6
,-2.0815740196755338E-6
,-2.3266809836958823E-6
,-2.050382400123072E-6
,-2.3582102311524732E-6
,-2.322485142353652E-6
,-2.352068481887991E-6
,-2.209670402476394E-6
,-2.127481654683198E-6
,-2.2347998193224833E-6
,-2.067110824188398E-6
,-2.200373684548052E-6
,-2.506281640718601E-6
,-2.0294781240399288E-6
,-2.4938562023390826E-6
,-2.299390431407148E-6
,-2.321123110470913E-6
,-2.7568021714712383E-6
,-2.496638786709887E-6
,-2.402261382104048E-6
,-2.4139016820681136E-6
