system:time_start,evaporation_from_vegetation_transpiration
,-3.075164236995476E-5
,-2.591068336280445E-5
,-2.9012115565143548E-5
,-2.6348810980636743E-5
,-3.1256435902786245E-5
,-2.8369663666056182E-5
,-2.8332502552075308E-5
,-2.9745754009360473E-5
,-2.6712488854686035E-5
,-2.8022069529516812E-5
,-2.899253073943934E-5
,-2.726644346787511E-5
,-2.942586560003782E-5
,-2.834548943680532E-5
,-2.924198414779639E-5
,-2.6543328950095038E-5
,-2.836708522525628E-5
,-2.8887135181904363E-5
,-2.9255139592211122E-5
,-2.7967821808534864E-5
,-2.798032530849107E-5
,-3.004734730310678E-5
,-2.5596312647954062E-5
,-2.7363918492576493E-5
,-2.8658192185013413E-5
,-2.9602501830921916E-5
,-3.243575081750094E-5
,-3.14189314966102E-5
,-2.8557971652331525E-5
,-3.237750561078055E-5
,-3.048051215815716E-5
,-3.0480885424110915E-5
,-2.7891308351312404E-5
,-2.9012084269197658E-5
