system:time_start,evaporation_from_vegetation_transpiration
,-4.2463172627774085E-5
,-3.737472684021005E-5
,-4.2620801326909526E-5
,-3.799549933504195E-5
,-4.1835572458586605E-5
,-4.099428757800231E-5
,-4.2440144149987764E-5
,-4.421859900868304E-5
,-3.895530424179117E-5
,-4.185413055923979E-5
,-4.022542867912466E-5
,-3.914799388974252E-5
,-4.3104521818488626E-5
,-3.9305673469197386E-5
,-4.28872305238363E-5
,-4.1427695994231826E-5
,-4.17574740457776E-5
,-4.2513406753775496E-5
,-4.450069415421846E-5
,-4.302539142208123E-5
,-4.100317683534257E-5
,-4.200500172301784E-5
,-4.015550951145873E-5
,-4.2122116677497905E-5
,-4.204354785553095E-5
,-4.3247767573151484E-5
,-4.75488669112539E-5
,-4.695889193154898E-5
,-4.112309924067697E-5
,-4.6955896806206004E-5
,-4.43536170632026E-5
,-4.379681354422467E-5
,-4.123614787003735E-5
,-4.268295018291456E-5
