system:time_start,evaporation_from_vegetation_transpiration
,-1.25510499517487E-5
,-1.0413124367486863E-5
,-1.1158487072237881E-5
,-1.1490094226139585E-5
,-1.1349855189930131E-5
,-1.081604459970692E-5
,-1.199101498237795E-5
,-1.2462885104683024E-5
,-1.214941725194484E-5
,-1.1890853793196512E-5
,-1.1850588385177794E-5
,-1.1519129291663572E-5
,-9.92801559571971E-6
,-1.1936829187285254E-5
,-1.12045472365828E-5
,-1.0573424101583476E-5
,-1.1307754796101054E-5
,-1.1161498337862534E-5
,-1.2865684472190503E-5
,-1.288957622034336E-5
,-1.1667675714895321E-5
,-1.2821601772242608E-5
,-1.2849056421306587E-5
,-1.2461005419883055E-5
,-1.2664252947205585E-5
,-1.405108405735661E-5
,-1.3594785581089503E-5
,-1.2385457520234495E-5
,-1.0854592186232739E-5
,-1.196776923404518E-5
,-1.211918329407162E-5
,-1.5343262359737327E-5
,-1.1673335188342939E-5
,-1.194937394578957E-5
