system:time_start,evaporation_from_vegetation_transpiration
,-1.24246154116822E-4
,-1.1965118376298178E-4
,-1.349474466239866E-4
,-1.2299702834034658E-4
,-1.3941285294749196E-4
,-1.2361918545553762E-4
,-1.342829593277042E-4
,-1.506901562128118E-4
,-1.2629325152502453E-4
,-1.3145999343434691E-4
,-1.4229306974524855E-4
,-1.230711306178771E-4
,-1.2814231597172023E-4
,-1.2850332853288324E-4
,-1.3039712674773845E-4
,-1.2211905653346453E-4
,-1.2997083372044327E-4
,-1.4633965327990602E-4
,-1.468230822004108E-4
,-1.316161931499026E-4
,-1.3201221538525844E-4
,-1.4754142355007373E-4
,-1.2854010147796206E-4
,-1.3132531309741337E-4
,-1.3780492369270386E-4
,-1.3753034309366626E-4
,-1.458829413566395E-4
,-1.373935534310907E-4
,-1.2903263389792605E-4
,-1.393128124235725E-4
,-1.2705294996027204E-4
,-1.622367117785248E-4
,-1.3679143851556564E-4
,-1.256685884168531E-4
