system:time_start,evaporation_from_vegetation_transpiration
,-5.438247778026077E-6
,-5.373756721382961E-6
,-6.234196916921064E-6
,-5.569312027849567E-6
,-5.984118009412971E-6
,-5.5120878338736174E-6
,-6.236023788612026E-6
,-6.755373760825023E-6
,-5.765003152191639E-6
,-5.879213252531675E-6
,-6.207384406782997E-6
,-5.533582831655319E-6
,-5.268292322095173E-6
,-5.867868215621759E-6
,-6.1543002326895175E-6
,-5.669797246810049E-6
,-5.873206949521166E-6
,-5.776906618848443E-6
,-6.261774615268223E-6
,-5.936933424284992E-6
,-5.8291085830812035E-6
,-6.0234560805838555E-6
,-5.799047357868403E-6
,-5.812184705670613E-6
,-6.475016562035307E-6
,-5.951685428347749E-6
,-6.61456639742634E-6
,-6.000410091170731E-6
,-5.687596058123745E-6
,-5.871592293260619E-6
,-5.902142220293172E-6
,-7.355879157936822E-6
,-5.96483914705459E-6
,-5.702600901713595E-6
