system:time_start,evaporation_from_vegetation_transpiration
,-1.7920299624903066E-5
,-1.7100857230042832E-5
,-1.9800557810912827E-5
,-1.637532566107709E-5
,-1.8776367117400676E-5
,-1.8185724944520222E-5
,-1.9504510730568966E-5
,-2.042071523360105E-5
,-1.8333553918375142E-5
,-1.7515392149410527E-5
,-1.884577005995681E-5
,-1.7615831746150286E-5
,-1.825484304316814E-5
,-1.8006539543060718E-5
,-1.948697065001381E-5
,-1.7413069095660784E-5
,-1.7771515607868473E-5
,-1.833025282951542E-5
,-2.0787195066700117E-5
,-2.0026738827443484E-5
,-1.8637418859496164E-5
,-1.932062358563443E-5
,-1.7965537907756543E-5
,-1.8567479151193064E-5
,-1.9492332145861697E-5
,-1.831751813386307E-5
,-2.144482356458399E-5
,-2.10509056610586E-5
,-1.7944074332607106E-5
,-2.1199247147468426E-5
,-1.8765286595963345E-5
,-2.1284304607802738E-5
,-1.8555648771858238E-5
,-1.921026983296002E-5
