system:time_start,evaporation_from_vegetation_transpiration
,-6.210825360140433E-5
,-6.088035628617266E-5
,-5.9770953874954134E-5
,-6.927184490991363E-5
,-6.199783108416558E-5
,-5.804878681747049E-5
,-6.282584693580183E-5
,-6.35697882726183E-5
,-6.253664065259061E-5
,-6.784266096070269E-5
,-5.79952577071885E-5
,-5.963114545190594E-5
,-6.076973637512641E-5
,-6.24869729302166E-5
,-5.921029757955665E-5
,-6.304958191067951E-5
,-6.667006500904551E-5
,-6.060233536481718E-5
,-6.009276248757579E-5
,-6.068512347558826E-5
,-6.023091376183582E-5
,-5.935326687735701E-5
,-6.250998482358558E-5
,-6.151837310992629E-5
,-5.867013720561396E-5
,-6.164786232461528E-5
,-6.56180950192523E-5
,-6.532107203356766E-5
,-6.263647033693017E-5
,-6.0540702232936954E-5
,-6.0388803995321164E-5
,-6.244521257657986E-5
,-6.609572165638219E-5
,-6.368231676850564E-5
