system:time_start,evaporation_from_vegetation_transpiration
,-3.5801834504430495E-5
,-3.449324079459378E-5
,-3.8417773491043285E-5
,-3.535962969181128E-5
,-3.7158059058128856E-5
,-3.791470347399203E-5
,-4.161839206062723E-5
,-4.3119228697226695E-5
,-3.7200647057034075E-5
,-3.70666663608669E-5
,-3.997440277695811E-5
,-3.755616914228691E-5
,-3.664893423168299E-5
,-3.816305130991774E-5
,-3.9250048454656884E-5
,-3.835306233668234E-5
,-3.656324649152035E-5
,-3.743604065675754E-5
,-4.139125970444487E-5
,-3.9134866407645554E-5
,-3.85937364626443E-5
,-3.884377717137492E-5
,-3.8084948149238094E-5
,-3.818963159574196E-5
,-4.1198507460649125E-5
,-3.8911885591611885E-5
,-4.365752526306702E-5
,-3.979590534678815E-5
,-3.78635468223365E-5
,-4.006521157862153E-5
,-3.882712068540665E-5
,-4.5702715093890824E-5
,-3.8790511098341085E-5
,-3.62585008891377E-5
