system:time_start,evaporation_from_vegetation_transpiration
,-3.880681288137566E-5
,-3.545865244329131E-5
,-3.9974000780299925E-5
,-3.65419297547002E-5
,-3.9905334536645874E-5
,-4.015859667561017E-5
,-4.3359339542803355E-5
,-4.664227587151496E-5
,-3.961144284403417E-5
,-4.0464346966473386E-5
,-4.083490178648693E-5
,-3.9467718427962005E-5
,-3.738583412390047E-5
,-3.9905284211272374E-5
,-4.042352823792802E-5
,-3.897682351331847E-5
,-3.87454783776775E-5
,-3.938269643792106E-5
,-4.252064475925484E-5
,-4.205274672131054E-5
,-4.0506235867117844E-5
,-4.154784680091931E-5
,-4.088211305012616E-5
,-4.0552329664933495E-5
,-4.377456449825937E-5
,-4.3082503907498904E-5
,-4.536680171440821E-5
,-4.0639061505013764E-5
,-4.015436509992772E-5
,-4.0728210175681547E-5
,-4.1232299433128596E-5
,-4.853562859352678E-5
,-4.236576690648993E-5
,-3.954464470249756E-5
