system:time_start,evaporation_from_vegetation_transpiration
,-2.3530518692930485E-5
,-2.0732841884407888E-5
,-2.2326883352112502E-5
,-2.1883288539270043E-5
,-2.2994336275407894E-5
,-2.2371856389407868E-5
,-2.2660258467605093E-5
,-2.267791633361251E-5
,-2.2736597771026618E-5
,-2.3774863345171056E-5
,-2.270568345331414E-5
,-2.1639517397909632E-5
,-2.3624135551252273E-5
,-2.1279629757374714E-5
,-2.2976273248282143E-5
,-2.2743337651478848E-5
,-2.3007853062188432E-5
,-2.313483468670533E-5
,-2.383342340551676E-5
,-2.4260032638007983E-5
,-2.2832423131024265E-5
,-2.2375191537385743E-5
,-2.1481480271427093E-5
,-2.299928775658667E-5
,-2.2702317890922794E-5
,-2.4778912519121615E-5
,-2.497837388239505E-5
,-2.4272670677676008E-5
,-2.319029382357614E-5
,-2.489665494934609E-5
,-2.464787360851934E-5
,-2.3410804646556763E-5
,-2.2457234116365975E-5
,-2.2323421322594813E-5
