system:time_start,evaporation_from_vegetation_transpiration
,-3.818352580514775E-6
,-3.729219154710565E-6
,-4.0434227595470064E-6
,-3.560035940212971E-6
,-4.040701514277069E-6
,-3.7705634969490946E-6
,-4.247377094908517E-6
,-4.40053808153211E-6
,-3.8262717303072365E-6
,-3.875994312990343E-6
,-4.279882819146287E-6
,-3.836921294561119E-6
,-4.180981333626492E-6
,-3.913149770114058E-6
,-4.076127298089175E-6
,-3.7146262441631914E-6
,-4.048507762985735E-6
,-4.038039379975708E-6
,-4.494599731212172E-6
,-4.050184425749011E-6
,-3.924740457211995E-6
,-4.155104699723588E-6
,-3.6881885819571088E-6
,-3.8097742264876528E-6
,-4.095915032013757E-6
,-4.163785857587204E-6
,-4.392889627060682E-6
,-4.360959928508114E-6
,-4.0178277472756345E-6
,-4.214105167787295E-6
,-3.919867236110965E-6
,-4.385693890591419E-6
,-4.3575826715155304E-6
,-4.103672984697647E-6
