system:time_start,evaporation_from_vegetation_transpiration
,-1.5702470383921375E-5
,-1.2262233500031902E-5
,-1.448863963959044E-5
,-1.546754538139794E-5
,-1.3557491783693987E-5
,-1.3742721389382749E-5
,-1.520638806253198E-5
,-1.7442106917243156E-5
,-1.3036296462687141E-5
,-1.56399272096327E-5
,-1.3925288217969383E-5
,-1.4286662151693905E-5
,-1.2020333981541755E-5
,-1.466982668493425E-5
,-1.3654754136376524E-5
,-1.367757603905997E-5
,-1.4134551141372262E-5
,-1.4481218705329587E-5
,-1.4672643597454257E-5
,-1.4933897609967461E-5
,-1.50739370407169E-5
,-1.3753704096368318E-5
,-1.5187056736689745E-5
,-1.38762972806274E-5
,-1.4742373662700534E-5
,-1.59199396939744E-5
,-1.60230901791804E-5
,-1.4071358747426991E-5
,-1.4010578014309879E-5
,-1.2834315368723892E-5
,-1.342239406847256E-5
,-1.6596366230371863E-5
,-1.4109483105896384E-5
,-1.403648035959218E-5
