system:time_start,evaporation_from_vegetation_transpiration
,-3.441518641229664E-6
,-3.2260737396291435E-6
,-3.5986488845400267E-6
,-3.1576182494140184E-6
,-3.741926186216844E-6
,-3.3210711525586316E-6
,-3.6667861762754704E-6
,-3.7723162631805973E-6
,-3.615483914801526E-6
,-3.5020977769948604E-6
,-3.920041112948392E-6
,-3.4025408376267216E-6
,-3.7244456017159965E-6
,-3.4191023904813536E-6
,-3.659038601742007E-6
,-3.2989585143749702E-6
,-3.7210924619162524E-6
,-3.7865226667550625E-6
,-3.9922304840786E-6
,-3.603682747882112E-6
,-3.518876469584553E-6
,-3.9576138917362534E-6
,-3.2556695018868132E-6
,-3.4234374048945573E-6
,-3.5098778553389744E-6
,-3.769635747129176E-6
,-3.848165542990146E-6
,-4.065220896209042E-6
,-3.6690185636041162E-6
,-3.745852381344943E-6
,-3.4868205269919043E-6
,-4.086922573120075E-6
,-3.989723916680514E-6
,-3.529176771913864E-6
