system:time_start,evaporation_from_vegetation_transpiration
,-6.312279970127066E-6
,-6.1258686888855086E-6
,-6.647807605547874E-6
,-5.764818532161446E-6
,-7.048063278903359E-6
,-6.185004675231159E-6
,-6.739868103607929E-6
,-7.167357469414837E-6
,-6.600163289333812E-6
,-6.364111264741368E-6
,-7.264285938043544E-6
,-6.304409819166745E-6
,-6.842190373698716E-6
,-6.258944395923581E-6
,-6.71702762056132E-6
,-6.10759514105553E-6
,-6.8378170055739814E-6
,-6.862102855628844E-6
,-7.379599095247737E-6
,-6.571243684546426E-6
,-6.526336168522031E-6
,-7.451724051127177E-6
,-5.98594450646113E-6
,-6.2686726963194854E-6
,-6.687188119804841E-6
,-6.816038452484771E-6
,-7.057503853625805E-6
,-7.309443094342668E-6
,-6.752042471518587E-6
,-7.054347862645058E-6
,-6.290109915307692E-6
,-7.579878425644585E-6
,-7.495770716860192E-6
,-6.6530707503320664E-6
