system:time_start,evaporation_from_vegetation_transpiration
,-1.3440497544555305E-5
,-1.326596066064667E-5
,-1.4197107399619805E-5
,-1.2209020496811718E-5
,-1.532380095644233E-5
,-1.3260111397054667E-5
,-1.4283350537880324E-5
,-1.5507638939501096E-5
,-1.4100217716380333E-5
,-1.3471487060693713E-5
,-1.5607087334501557E-5
,-1.3483588190865703E-5
,-1.4560435981062861E-5
,-1.3250774524446266E-5
,-1.430243234305332E-5
,-1.305845641278817E-5
,-1.4616935004596598E-5
,-1.4573712178389542E-5
,-1.5762199230569724E-5
,-1.3911818314227276E-5
,-1.3988531767002618E-5
,-1.625612397522976E-5
,-1.272889069999413E-5
,-1.3327189662959427E-5
,-1.4493522030534223E-5
,-1.438320214219857E-5
,-1.4965739561982142E-5
,-1.5428940969286487E-5
,-1.4434789288012931E-5
,-1.5252783972149095E-5
,-1.3218805785678947E-5
,-1.6331551402496796E-5
,-1.6246832577356447E-5
,-1.4328996257972904E-5
