system:time_start,evaporation_from_vegetation_transpiration
,-4.443072373626917E-5
,-4.699269397526921E-5
,-4.378698968601815E-5
,-4.4210385675472995E-5
,-4.7306530496173293E-5
,-4.560865246959486E-5
,-4.9289300194928305E-5
,-4.61656409808228E-5
,-4.501076841091876E-5
,-4.734190672620904E-5
,-4.4403935479323144E-5
,-4.96529631723951E-5
,-4.386061734145331E-5
,-4.8689277888516405E-5
,-4.71861491813936E-5
,-4.57095496639633E-5
,-4.537913077320156E-5
,-4.5825724519501796E-5
,-4.569908004396497E-5
,-4.7793624483444856E-5
,-4.649872629423784E-5
,-4.947311030736978E-5
,-5.05609247435738E-5
,-4.7263010280613916E-5
,-4.807960122904614E-5
,-4.952109921467095E-5
,-4.7699147581743035E-5
,-4.7407543160400136E-5
,-4.9726457969666365E-5
,-4.545702637383046E-5
,-4.5174853022027456E-5
,-4.730908342210923E-5
,-4.8100660244870465E-5
,-5.055176400463425E-5
