system:time_start,evaporation_from_vegetation_transpiration
,-3.056975401705131E-7
,-3.2215696895339835E-7
,-3.3433207136113197E-7
,-3.298937372164801E-7
,-3.130602029462655E-7
,-3.107543307123706E-7
,-3.0778937798459083E-7
,-3.339409886393696E-7
,-3.6740978733481217E-7
,-3.073952636138226E-7
,-3.1122969327649724E-7
,-3.098909170754875E-7
,-3.41493432642892E-7
,-3.19589768575194E-7
,-3.514420920206855E-7
,-3.7053177948109806E-7
,-3.166193588792036E-7
,-3.38450869700561E-7
,-3.5178830633716035E-7
,-3.623420828565334E-7
,-3.2487211380309117E-7
,-3.165623638778925E-7
,-3.0598797214527923E-7
,-3.0219719822828967E-7
,-3.348286554683E-7
,-3.6434418386003625E-7
,-2.829159105507036E-7
,-3.739884656776364E-7
,-3.7254782607002806E-7
,-3.429656014001618E-7
,-4.1814685876791674E-7
,-3.6532704446775216E-7
,-3.66879248758778E-7
,-3.572610391226287E-7
