system:time_start,evaporation_from_vegetation_transpiration
,-2.9919262918778453E-5
,-2.675190335777874E-5
,-2.9082214980156774E-5
,-2.8022831456146165E-5
,-2.7315551093837372E-5
,-2.8646912721730497E-5
,-3.016752954906027E-5
,-3.286590416744155E-5
,-3.0006154744827314E-5
,-3.1848505546293925E-5
,-3.0402609420979763E-5
,-2.7384253057762873E-5
,-2.4937268295744025E-5
,-3.023805018326837E-5
,-2.8582888836880506E-5
,-2.8103176409573356E-5
,-2.8326790265831554E-5
,-2.8888546486932525E-5
,-3.035699346423427E-5
,-3.2999878693937064E-5
,-3.034495579658147E-5
,-3.278809766159515E-5
,-3.076936327648071E-5
,-3.0811131932351966E-5
,-3.2379781908685154E-5
,-3.430175997120429E-5
,-3.0514670454482384E-5
,-2.9800295714378812E-5
,-2.9280861611246564E-5
,-3.241665724903885E-5
,-3.271537545451633E-5
,-3.7563346161769855E-5
,-3.160016159300641E-5
,-3.166888301267237E-5
