system:time_start,evaporation_from_vegetation_transpiration
,-1.1324489313676481E-5
,-9.774039067395527E-6
,-1.1085662000918945E-5
,-9.297972801392955E-6
,-1.1300181012987275E-5
,-1.0258844903782355E-5
,-1.0583796267136125E-5
,-1.130763700563909E-5
,-9.712761760808608E-6
,-1.056670726590968E-5
,-1.217462293560082E-5
,-9.552731452133208E-6
,-1.089138225515741E-5
,-1.0051974337936068E-5
,-1.0881946079201573E-5
,-9.977513400372118E-6
,-1.1964669362368799E-5
,-1.1345357052050531E-5
,-1.1996530758304647E-5
,-1.0254335876074217E-5
,-1.06868574670286E-5
,-1.1833235026799992E-5
,-8.836612907521437E-6
,-9.608459044506566E-6
,-1.0793697808288544E-5
,-1.1395220694176704E-5
,-1.1691149722290352E-5
,-1.1268730686199966E-5
,-1.0581257743911852E-5
,-1.1496552933412776E-5
,-1.0002886842868729E-5
,-1.2679139655557702E-5
,-1.1603548719668416E-5
,-1.0827122816498345E-5
