system:time_start,evaporation_from_vegetation_transpiration
,-2.0650345807856258E-5
,-1.8237913536722772E-5
,-1.9910242068969335E-5
,-1.747027393624497E-5
,-2.0591545762727037E-5
,-1.7917312410039205E-5
,-1.891572719614487E-5
,-2.018167955005386E-5
,-1.7947771993931383E-5
,-1.8584928208535228E-5
,-2.194626601218867E-5
,-1.8677956783600774E-5
,-1.999904816329945E-5
,-1.8481262183437746E-5
,-2.024787985040651E-5
,-1.760098894010298E-5
,-2.1043151718913577E-5
,-2.061406303255353E-5
,-2.2440308384830132E-5
,-1.8686900148168206E-5
,-1.9227589291404E-5
,-2.1671794456779025E-5
,-1.6159659329180915E-5
,-1.7813697922974825E-5
,-1.9797091833121765E-5
,-2.0908758718481597E-5
,-2.1369057018697884E-5
,-2.200502482689141E-5
,-1.906422767206095E-5
,-2.1301030452984076E-5
,-1.7944371696406353E-5
,-2.3734761877373483E-5
,-2.1372197200738203E-5
,-2.0022085057765555E-5
