system:time_start,evaporation_from_vegetation_transpiration
,-1.9546144410788876E-6
,-1.8860741636937757E-6
,-2.1027365120781393E-6
,-1.7998622439015328E-6
,-2.027907702698534E-6
,-2.023544353009625E-6
,-2.064940994031363E-6
,-2.1655984306993406E-6
,-2.068132072698053E-6
,-1.9583347755081478E-6
,-1.9512705222033886E-6
,-2.0148744431825243E-6
,-1.9882107995381228E-6
,-1.9420825912535047E-6
,-2.2207479294583197E-6
,-1.9990928710733998E-6
,-1.970193073100259E-6
,-2.034000986475067E-6
,-2.167493752514964E-6
,-2.2291970400289775E-6
,-1.956538601142493E-6
,-1.992622049281325E-6
,-2.028861133761437E-6
,-2.0613069839284244E-6
,-2.2859541195304937E-6
,-2.25707097808842E-6
,-2.2704990785687614E-6
,-2.112260885913818E-6
,-2.014230816582085E-6
,-2.257051635666663E-6
,-2.244424827579029E-6
,-2.5475162520222806E-6
,-2.0826429980274643E-6
,-2.0432300776975697E-6
