system:time_start,evaporation_from_vegetation_transpiration
,-7.220362960651982E-5
,-6.964321391327152E-5
,-7.506044872570783E-5
,-6.694399688664513E-5
,-7.536735921651901E-5
,-7.534719584024667E-5
,-7.534658415049003E-5
,-7.905187841970473E-5
,-7.307149617796919E-5
,-7.187554789804078E-5
,-7.002203924154552E-5
,-7.312213752205328E-5
,-7.31434448971413E-5
,-7.05285084162218E-5
,-8.000417952037726E-5
,-7.411076932233603E-5
,-7.203021557264341E-5
,-7.75792707039121E-5
,-7.896257743899089E-5
,-8.015550796699244E-5
,-7.287420480376265E-5
,-7.108848195154376E-5
,-7.248775366557918E-5
,-7.408031364320777E-5
,-8.334944580080144E-5
,-8.267783598663907E-5
,-8.287445173967474E-5
,-7.643685072252992E-5
,-7.200013676386637E-5
,-8.31159312656382E-5
,-8.432337611642046E-5
,-9.006229391767798E-5
,-7.51703906765518E-5
,-7.411500992020592E-5
