system:time_start,evaporation_from_vegetation_transpiration
,-1.0502957078036464E-5
,-9.733245921476433E-6
,-9.038558800966712E-6
,-8.64105704749818E-6
,-9.798633709579007E-6
,-1.0136327819054712E-5
,-9.56486989404463E-6
,-9.891717490972951E-6
,-1.0569332425802714E-5
,-1.03388702882512E-5
,-9.88245225623056E-6
,-9.627057230924643E-6
,-9.971926465368596E-6
,-1.0427700393241443E-5
,-1.0029107306763764E-5
,-1.0864629530260574E-5
,-9.562083020379456E-6
,-1.0097429822053527E-5
,-1.0582961598023152E-5
,-1.1100258113098485E-5
,-1.0508167815714841E-5
,-1.1371152534896586E-5
,-1.0824542550835759E-5
,-1.0393577000892644E-5
,-1.0648112462755914E-5
,-1.0550569095357787E-5
,-1.102545587248945E-5
,-1.0530571519969573E-5
,-1.044282765481815E-5
,-1.0968759579554898E-5
,-1.1283968312151653E-5
,-1.2026378984349623E-5
,-1.02620444825637E-5
,-1.0244552595395363E-5
