system:time_start,evaporation_from_vegetation_transpiration
,-9.841880455496721E-6
,-9.399290017123954E-6
,-9.557007312347801E-6
,-9.215322885817537E-6
,-9.273512963166771E-6
,-9.289894781735105E-6
,-1.0262115514099909E-5
,-9.995149108969295E-6
,-9.395179707401743E-6
,-1.0418310921522789E-5
,-9.138278983300552E-6
,-1.0270717514989277E-5
,-8.813518434180878E-6
,-1.047084151650779E-5
,-9.696731164391773E-6
,-1.0228235623799264E-5
,-9.860864035241926E-6
,-9.856645192485303E-6
,-1.0024184424158497E-5
,-1.0281681170454249E-5
,-9.714146775271123E-6
,-1.0361707002933448E-5
,-1.0520247087697499E-5
,-9.997989764087833E-6
,-1.0117397929813402E-5
,-1.0521655591825644E-5
,-1.041007817548234E-5
,-1.005750467205265E-5
,-1.047868984945429E-5
,-9.726504989278814E-6
,-9.953710105037317E-6
,-1.0245380205257485E-5
,-1.017375385951406E-5
,-1.0316012170126973E-5
