system:time_start,evaporation_from_vegetation_transpiration
,-3.5317686221484714E-6
,-3.3214564609806985E-6
,-3.1153795134741813E-6
,-3.396313938234622E-6
,-3.3358470924819508E-6
,-3.4880455738554397E-6
,-3.555499764236932E-6
,-3.5046468838118017E-6
,-3.2752747453438738E-6
,-3.486416365679664E-6
,-3.280150849604979E-6
,-3.549614120856859E-6
,-3.302749367624832E-6
,-3.7010425633828468E-6
,-3.380343817601291E-6
,-3.6632112217679E-6
,-3.540404577506706E-6
,-3.3003094965048754E-6
,-3.489006000260512E-6
,-3.6182670252552875E-6
,-3.547545323575226E-6
,-3.6965908899825686E-6
,-3.6202127375872806E-6
,-3.6444119662822536E-6
,-3.498393198242411E-6
,-3.6968261459454275E-6
,-3.707191960226434E-6
,-3.6838130957524604E-6
,-3.6591718526324257E-6
,-3.452426729685006E-6
,-3.5088050935883075E-6
,-3.7532639301692447E-6
,-3.6209318447314822E-6
,-3.718401785590686E-6
