system:time_start,evaporation_from_vegetation_transpiration
,-1.269191099019581E-5
,-1.2121279212723034E-5
,-1.1405141039670055E-5
,-1.2345927756708083E-5
,-1.2103428566155746E-5
,-1.2038423555839982E-5
,-1.2400255311113856E-5
,-1.249354546398892E-5
,-1.3602148766973317E-5
,-1.2601099620547351E-5
,-1.22486834180902E-5
,-1.1710137234592894E-5
,-1.2602325809626456E-5
,-1.281993103641986E-5
,-1.2961277831231662E-5
,-1.360634862328499E-5
,-1.3101999939904772E-5
,-1.2440409050421984E-5
,-1.3045789315357645E-5
,-1.3150465723680291E-5
,-1.304053014143921E-5
,-1.3687018306680127E-5
,-1.3314249170232666E-5
,-1.3107188113792372E-5
,-1.3232655856329217E-5
,-1.3223028551746049E-5
,-1.368954236253189E-5
,-1.3238339805884248E-5
,-1.389766662422297E-5
,-1.3139548422723058E-5
,-1.3993627980870368E-5
,-1.3688444251706672E-5
,-1.3496895215901689E-5
,-1.3535755701299172E-5
