system:time_start,evaporation_from_vegetation_transpiration
,-4.421034342764567E-6
,-4.040950443595648E-6
,-4.553665348794311E-6
,-3.818774227208148E-6
,-4.986566030614388E-6
,-4.131207485139991E-6
,-4.522501209673162E-6
,-4.8328874981962144E-6
,-4.507232006289996E-6
,-4.305444842126842E-6
,-4.958350473316386E-6
,-4.235224575192357E-6
,-4.62704823197176E-6
,-4.194518623990007E-6
,-4.556013664114289E-6
,-3.971445039496757E-6
,-4.681961703075406E-6
,-4.5668596915978315E-6
,-4.9619854204744724E-6
,-4.366311259218492E-6
,-4.397221346152946E-6
,-5.1808917002441985E-6
,-3.91013903329925E-6
,-4.205450750305317E-6
,-4.5154950688205036E-6
,-4.541464174205127E-6
,-4.683775235510741E-6
,-4.8654346755938604E-6
,-4.5577356407496454E-6
,-5.00947680848185E-6
,-4.0966533561004326E-6
,-5.090814738650806E-6
,-5.1618608267745E-6
,-4.599543899530545E-6
