system:time_start,evaporation_from_vegetation_transpiration
,-3.6458218043359615E-5
,-3.0082519515417516E-5
,-3.161125581148857E-5
,-2.9495000489987433E-5
,-3.372304369501459E-5
,-3.382712202437688E-5
,-3.4347287510172464E-5
,-3.782778003369458E-5
,-3.5598726147630565E-5
,-3.631380786828231E-5
,-3.223462711806254E-5
,-3.652521324208161E-5
,-3.354472937644459E-5
,-3.7505598205219336E-5
,-3.6260571505408734E-5
,-3.710494092956651E-5
,-3.291993016318884E-5
,-3.387860973210385E-5
,-3.716219180205371E-5
,-3.932690682025471E-5
,-3.839395200581445E-5
,-3.5928348855425916E-5
,-3.943482746156709E-5
,-3.502225869548662E-5
,-3.696700089979762E-5
,-3.632146702633084E-5
,-3.860482502204832E-5
,-3.4790854745854936E-5
,-3.4652481796607994E-5
,-3.4590967819288686E-5
,-3.5768804082181305E-5
,-3.956260964817678E-5
,-3.503418277735667E-5
,-3.528964407450985E-5
