system:time_start,evaporation_from_vegetation_transpiration
,-3.633701150344374E-6
,-3.056999654897178E-6
,-3.049385365253935E-6
,-2.9071943572489545E-6
,-3.0876302237932882E-6
,-3.314533993640604E-6
,-3.132730247064804E-6
,-3.05805224343203E-6
,-3.476355535288652E-6
,-3.4267250157427043E-6
,-3.019253199454397E-6
,-3.294373527751304E-6
,-3.465272432852847E-6
,-3.449613965737323E-6
,-3.417146217543632E-6
,-3.688754683632093E-6
,-3.227890071381504E-6
,-3.205102984793484E-6
,-3.380990165169351E-6
,-3.6734678966846937E-6
,-3.4755479039934776E-6
,-3.4387030609650537E-6
,-3.5837432127057887E-6
,-3.412018486415036E-6
,-3.515124262776226E-6
,-3.3582521912952266E-6
,-3.5017067906058705E-6
,-3.2327619313340015E-6
,-3.4007456027514613E-6
,-3.3091704002193487E-6
,-3.3339256333420053E-6
,-3.5644782959328345E-6
,-3.2528029502524682E-6
,-3.503644620650448E-6
