system:time_start,evaporation_from_vegetation_transpiration
,-4.5839642552891746E-5
,-4.019103774529261E-5
,-4.4101946211109556E-5
,-3.947897312173154E-5
,-4.533020849824728E-5
,-3.974784158344846E-5
,-4.101031178530926E-5
,-4.314520022793052E-5
,-3.876276059600059E-5
,-4.103969877178315E-5
,-4.7309302317444235E-5
,-4.184161419592177E-5
,-4.372085641080048E-5
,-4.0708248585967034E-5
,-4.340307289870301E-5
,-3.7880999419333726E-5
,-4.736159947545578E-5
,-4.460927812033333E-5
,-4.8162261009565555E-5
,-4.090395183690513E-5
,-4.232649856324618E-5
,-4.6904850023565814E-5
,-3.5673803116272516E-5
,-3.9856534688927546E-5
,-4.40101945666053E-5
,-4.650737355404999E-5
,-4.7107712816796266E-5
,-4.793042050247701E-5
,-4.214322871121112E-5
,-4.584282396535855E-5
,-3.972955346398521E-5
,-5.239760078742014E-5
,-4.635387995222118E-5
,-4.385944096914803E-5
