system:time_start,evaporation_from_vegetation_transpiration
,-1.350685450947864E-4
,-1.3165654567942695E-4
,-1.3511312804057016E-4
,-1.268956638712643E-4
,-1.3558947860210793E-4
,-1.2384436401399648E-4
,-1.3905550466890382E-4
,-1.3654911077747356E-4
,-1.2073601558022968E-4
,-1.3670638856859104E-4
,-1.442178488425293E-4
,-1.2693557149578394E-4
,-1.35505674258307E-4
,-1.3391825820273931E-4
,-1.3683883933033748E-4
,-1.2795492096010207E-4
,-1.317398419811875E-4
,-1.3933837884753098E-4
,-1.539555059141754E-4
,-1.311009047634588E-4
,-1.42724942648398E-4
,-1.4099644803851146E-4
,-1.1720593839156119E-4
,-1.3147607300526373E-4
,-1.2805223336287902E-4
,-1.3370617121791068E-4
,-1.3798189278718936E-4
,-1.289071994146399E-4
,-1.272392159069149E-4
,-1.486573947344555E-4
,-1.261558366159334E-4
,-1.3860211922258364E-4
,-1.3394617726759784E-4
,-1.248091662615774E-4
