system:time_start,evaporation_from_vegetation_transpiration
,-1.5789446637103001E-4
,-1.5496177621225938E-4
,-1.6921165986913853E-4
,-1.5221254976185186E-4
,-1.7289622611110818E-4
,-1.6738812369711844E-4
,-1.704312556870182E-4
,-1.768507060286672E-4
,-1.6113147358392009E-4
,-1.6227070805743018E-4
,-1.5813345760747776E-4
,-1.618025344355409E-4
,-1.6935616515339046E-4
,-1.5699661810848097E-4
,-1.7916961558004786E-4
,-1.6535063211146428E-4
,-1.6293446820472046E-4
,-1.8163373786155148E-4
,-1.7749283744720288E-4
,-1.8327364151171123E-4
,-1.640411825036601E-4
,-1.5967547266720162E-4
,-1.6387066385194806E-4
,-1.6278667929207782E-4
,-1.8711625878410794E-4
,-1.832062501399173E-4
,-1.765588269843774E-4
,-1.725488081312731E-4
,-1.617788439316498E-4
,-1.8605556593232788E-4
,-1.9239340605942508E-4
,-1.9674451753297231E-4
,-1.7253482257038112E-4
,-1.6395907891995917E-4
