system:time_start,evaporation_from_vegetation_transpiration
,-2.2653908024073678E-5
,-2.1894407811689438E-5
,-2.404309360052274E-5
,-2.1100059307678348E-5
,-2.386594491731052E-5
,-2.1385046878734743E-5
,-2.2290127794298718E-5
,-2.3212837336190948E-5
,-2.0588386733935396E-5
,-2.2583228041252437E-5
,-2.60689622016933E-5
,-2.1540619214916928E-5
,-2.2721221091193945E-5
,-2.2013752834903213E-5
,-2.449134421180201E-5
,-2.195691439299952E-5
,-2.5754646626578672E-5
,-2.411709832543878E-5
,-2.5626635222040395E-5
,-2.184680307369423E-5
,-2.3036216353594448E-5
,-2.5056995927688723E-5
,-1.9797246725122226E-5
,-2.176823394014112E-5
,-2.3043936009883143E-5
,-2.477234463387706E-5
,-2.652958100615824E-5
,-2.4743768125079913E-5
,-2.2719680045055513E-5
,-2.4076589094571922E-5
,-2.1752505896680912E-5
,-2.7363294664071333E-5
,-2.3338430857485814E-5
,-2.318985069972836E-5
