system:time_start,evaporation_from_vegetation_transpiration
,-3.6275779673091975E-4
,-3.477598765958204E-4
,-3.459109593995933E-4
,-3.8395422097060335E-4
,-3.538655356804958E-4
,-3.438347341484622E-4
,-3.640606055117964E-4
,-3.630062962134476E-4
,-3.3971481562944687E-4
,-3.7102054655227816E-4
,-3.347942677453134E-4
,-3.4319423590599163E-4
,-3.4835494601287675E-4
,-3.4755610006453717E-4
,-3.3668522032409234E-4
,-3.580551114467367E-4
,-3.9427288372761386E-4
,-3.322520784086923E-4
,-3.454065354935766E-4
,-3.416661764834294E-4
,-3.538255529304205E-4
,-3.4590858814834645E-4
,-3.5315055386973403E-4
,-3.6209931402699327E-4
,-3.389934495967487E-4
,-3.4537672160663886E-4
,-3.672460908445229E-4
,-3.7195900791992437E-4
,-3.552438646401036E-4
,-3.3741425149148445E-4
,-3.3802238116006043E-4
,-3.5428409306068433E-4
,-3.775857457795618E-4
,-3.621904871004944E-4
