system:time_start,evaporation_from_vegetation_transpiration
,-2.7291989145175114E-5
,-2.680173976188645E-5
,-2.8918207345458748E-5
,-2.5761220268367862E-5
,-2.7917659211268E-5
,-2.889391467201326E-5
,-3.051687506227515E-5
,-3.182158574278359E-5
,-2.7424401406068893E-5
,-2.6651387065029645E-5
,-2.9603830999127615E-5
,-2.7057683884124395E-5
,-2.8341777765607007E-5
,-2.8484747790804624E-5
,-2.7538125603034412E-5
,-2.7082037960122437E-5
,-2.7496413540808506E-5
,-2.817984542884798E-5
,-3.060502524768265E-5
,-2.8461807699223314E-5
,-2.7805012928766722E-5
,-2.9329625435937676E-5
,-2.667227965083349E-5
,-2.686374834108089E-5
,-2.8723832329911278E-5
,-2.845502207585527E-5
,-3.151638625590399E-5
,-3.152724431670205E-5
,-2.8261266356238568E-5
,-3.079699488294771E-5
,-2.6840893042390235E-5
,-3.187340676865857E-5
,-2.889199582475554E-5
,-2.876732448315194E-5
