system:time_start,evaporation_from_vegetation_transpiration
,-6.421888432597887E-5
,-5.537933083913088E-5
,-6.142545937430388E-5
,-5.4399969539029856E-5
,-6.284975687794584E-5
,-5.508374584571677E-5
,-5.561345963488908E-5
,-5.9982293654077986E-5
,-5.3864673431877135E-5
,-5.682951912461374E-5
,-6.618676398633683E-5
,-5.726181620511674E-5
,-6.103732099005605E-5
,-5.650783799972166E-5
,-6.133216445995653E-5
,-5.2467271024058804E-5
,-6.92958689136967E-5
,-6.350770697691569E-5
,-6.615033512121848E-5
,-5.723073441984917E-5
,-5.869963816247249E-5
,-6.672545479138054E-5
,-5.047264619183717E-5
,-5.675872828350311E-5
,-6.154110415795289E-5
,-6.429923056809153E-5
,-6.607188975869897E-5
,-6.721793119247784E-5
,-5.8270549083781416E-5
,-6.398240116943593E-5
,-5.474777887737967E-5
,-7.36412029807837E-5
,-6.29314472818948E-5
,-5.895156760636704E-5
