system:time_start,evaporation_from_vegetation_transpiration
,-2.6636501649181546E-5
,-2.5676141004299348E-5
,-2.8071556916771518E-5
,-2.465228224760371E-5
,-2.7899229658218866E-5
,-2.5191993380870197E-5
,-2.633528397142838E-5
,-2.7084030728883854E-5
,-2.426755787244432E-5
,-2.66017439422519E-5
,-3.063283900552285E-5
,-2.5299230805507654E-5
,-2.6718847118644858E-5
,-2.6035064769934656E-5
,-2.8828053686009413E-5
,-2.604788074166751E-5
,-3.03759713636266E-5
,-2.830314566934418E-5
,-2.9756519192052263E-5
,-2.5409487082401004E-5
,-2.724907541338134E-5
,-2.9238038898884094E-5
,-2.3077190793660597E-5
,-2.563110010350213E-5
,-2.6912483731686403E-5
,-2.8907519493136984E-5
,-3.128137821115469E-5
,-2.905553069281561E-5
,-2.6551578097315695E-5
,-2.8253160085194136E-5
,-2.5580808748297084E-5
,-3.199821460770159E-5
,-2.712298497201586E-5
,-2.723977227185714E-5
