system:time_start,evaporation_from_vegetation_transpiration
,-3.853699318455307E-4
,-3.4258740141305177E-4
,-3.5708690383067074E-4
,-3.565593246596626E-4
,-3.8001827500677265E-4
,-3.6368531088142204E-4
,-3.6658132879192364E-4
,-3.685780266727542E-4
,-3.8628265199636954E-4
,-3.8902120124762477E-4
,-3.722595634067228E-4
,-3.6360079851677544E-4
,-3.778977540503965E-4
,-3.435557977755148E-4
,-3.648011864094352E-4
,-3.6960663419327805E-4
,-3.7185122113750504E-4
,-3.818088566598264E-4
,-3.769161639390153E-4
,-3.9561745199537805E-4
,-3.628686630054811E-4
,-3.5481207423874057E-4
,-3.4535832696556425E-4
,-3.80964718298924E-4
,-3.641854451149636E-4
,-4.066150869079295E-4
,-3.91570204706465E-4
,-3.892048415255928E-4
,-3.821379684519553E-4
,-4.009309022781077E-4
,-3.9501330311949944E-4
,-3.8267904678257036E-4
,-3.7488102355446413E-4
,-3.6423559979300863E-4
