system:time_start,evaporation_from_vegetation_transpiration
,-6.17701152805239E-6
,-5.410293548872384E-6
,-5.369485734263435E-6
,-5.28894876576184E-6
,-5.50437895678139E-6
,-6.052332537365146E-6
,-5.478730599861592E-6
,-5.8614308121226104E-6
,-6.944936709866549E-6
,-6.214936244456719E-6
,-5.594566876728398E-6
,-5.93079190972882E-6
,-6.447283643259046E-6
,-6.600633544924979E-6
,-6.44863515238588E-6
,-6.742016315304984E-6
,-5.931104169576429E-6
,-5.518663480567436E-6
,-6.319043677649461E-6
,-6.537947532099982E-6
,-6.314309454561832E-6
,-6.785927325836383E-6
,-6.537882048481454E-6
,-6.385652644288105E-6
,-6.1297074959535775E-6
,-6.08378104516305E-6
,-6.499309165519662E-6
,-6.135658622952178E-6
,-6.379331656110783E-6
,-6.110034519224428E-6
,-6.113588218189155E-6
,-6.822897679133651E-6
,-6.0745302713864175E-6
,-6.732618809716466E-6
