system:time_start,evaporation_from_vegetation_transpiration
,-4.800609531230293E-6
,-3.7821185039568013E-6
,-4.225897541663002E-6
,-4.11229492866286E-6
,-4.052378354765207E-6
,-4.2639715530006495E-6
,-4.507494216368562E-6
,-4.96415230538167E-6
,-4.355446435511112E-6
,-4.442391731241845E-6
,-4.11909949241707E-6
,-4.476886219477323E-6
,-3.93569834241961E-6
,-4.530027691737015E-6
,-4.29455143823747E-6
,-4.371548818722438E-6
,-3.983260533211499E-6
,-4.305329033134815E-6
,-4.5298749241875624E-6
,-4.847292461129131E-6
,-4.573908771624591E-6
,-4.295370011029511E-6
,-4.728916020681164E-6
,-4.504180844488666E-6
,-4.702659790575236E-6
,-4.888130426865466E-6
,-4.919784866312208E-6
,-4.325033015365163E-6
,-4.241964757745859E-6
,-4.380209082393611E-6
,-4.460904165171087E-6
,-5.241524900845958E-6
,-4.363671189022363E-6
,-4.295347053178403E-6
