system:time_start,evaporation_from_vegetation_transpiration
,-1.74390381895743E-4
,-1.6045913980633486E-4
,-1.4938751701265574E-4
,-1.630018881163172E-4
,-1.593538672750583E-4
,-1.6187385820861286E-4
,-1.6579008661210537E-4
,-1.641181582575276E-4
,-1.5356644992910637E-4
,-1.6909911998178964E-4
,-1.5839787192817312E-4
,-1.6057245617654795E-4
,-1.561257280021285E-4
,-1.7746696418422894E-4
,-1.6161285445074705E-4
,-1.6434994722658303E-4
,-1.7038204835747214E-4
,-1.5532611420591516E-4
,-1.6642188832823498E-4
,-1.669199161066596E-4
,-1.7243959822129304E-4
,-1.7629986420312585E-4
,-1.7108706379076466E-4
,-1.6497493561473675E-4
,-1.6834948534475794E-4
,-1.6410008720413316E-4
,-1.7514462342660408E-4
,-1.7692832140407214E-4
,-1.7041418686858378E-4
,-1.666002196240394E-4
,-1.6144253762225466E-4
,-1.7608309948021392E-4
,-1.672137041168753E-4
,-1.734897153558753E-4
