system:time_start,evaporation_from_vegetation_transpiration
,-8.192194521446557E-5
,-7.94127712045641E-5
,-7.808599002601113E-5
,-8.94341865205206E-5
,-8.450846144114621E-5
,-8.353663664214157E-5
,-8.639040242996998E-5
,-8.63954440622668E-5
,-8.245754361269064E-5
,-8.768483409464049E-5
,-8.178429379768204E-5
,-8.312603191977057E-5
,-8.205359699786641E-5
,-8.536173239311513E-5
,-7.753139834676404E-5
,-8.288885267878261E-5
,-9.314844889255862E-5
,-7.587169784528669E-5
,-8.384585999010596E-5
,-8.309543894332212E-5
,-8.970712891217165E-5
,-8.711424743523821E-5
,-8.468763311005507E-5
,-9.079359976264338E-5
,-8.279698704427574E-5
,-8.678308586240746E-5
,-9.292992278157423E-5
,-9.284589335341782E-5
,-8.878568345001743E-5
,-8.077270285866689E-5
,-8.486858435693041E-5
,-8.84722315580196E-5
,-9.439521151459E-5
,-9.090584111011897E-5
