system:time_start,evaporation_from_vegetation_transpiration
,-1.0796002529924876E-5
,-8.869151850266268E-6
,-9.526788077588813E-6
,-9.931149179465137E-6
,-9.686314330214042E-6
,-9.159932828465984E-6
,-1.0308412432398958E-5
,-1.0789133970816198E-5
,-1.0364093219378088E-5
,-1.0279568000855345E-5
,-1.0245001833413191E-5
,-9.834840900359926E-6
,-8.420012994919847E-6
,-1.0112513689708784E-5
,-9.628974900503333E-6
,-8.83431529280532E-6
,-9.584529526006063E-6
,-9.521225431605919E-6
,-1.0960221885453035E-5
,-1.0887096615271841E-5
,-1.0035437519422194E-5
,-1.0890903054546055E-5
,-1.1056316604178086E-5
,-1.0695291127900197E-5
,-1.082512991905043E-5
,-1.198198394073794E-5
,-1.1658246016436765E-5
,-1.0519750646904646E-5
,-9.211564997024129E-6
,-1.0169219096882662E-5
,-1.0274104616572993E-5
,-1.3079283951700552E-5
,-9.82855186025104E-6
,-1.0113112765600705E-5
