system:time_start,evaporation_from_vegetation_transpiration
,-2.419401547134233E-6
,-2.114078095127341E-6
,-2.471738982768286E-6
,-2.059498192032888E-6
,-2.557329519601938E-6
,-2.316274410640333E-6
,-2.4163008631495313E-6
,-2.5960651068349503E-6
,-2.268609317806771E-6
,-2.265046818398072E-6
,-2.425955244689249E-6
,-2.2212402525058548E-6
,-2.4422728269460746E-6
,-2.306914237643858E-6
,-2.49344993790146E-6
,-2.3326800666317083E-6
,-2.4210214871259054E-6
,-2.3217243107778596E-6
,-2.5477268493324076E-6
,-2.4788362982993326E-6
,-2.2735851373346076E-6
,-2.5037549806126795E-6
,-2.2958165486454073E-6
,-2.3219605368684006E-6
,-2.396333123518464E-6
,-2.396804605571864E-6
,-2.6532443284633615E-6
,-2.646161963292841E-6
,-2.356213891679155E-6
,-2.6349872011148062E-6
,-2.412663733204162E-6
,-2.5249888581345745E-6
,-2.344450400587881E-6
,-2.4106467684586756E-6
