system:time_start,evaporation_from_vegetation_transpiration
,-8.902160320134249E-6
,-7.942900457933052E-6
,-8.049846513256173E-6
,-8.48681994801725E-6
,-8.406623665531001E-6
,-8.437931433482113E-6
,-9.079753177573758E-6
,-9.6435798303562E-6
,-8.301312774682289E-6
,-8.93781440276607E-6
,-8.80086276190602E-6
,-8.659884449169862E-6
,-7.634949475223216E-6
,-8.893010339770448E-6
,-8.065179167269711E-6
,-9.027155672311874E-6
,-8.060236473729852E-6
,-8.723375275639781E-6
,-8.958018667066888E-6
,-9.327542976083636E-6
,-9.137524566362045E-6
,-8.722454867001587E-6
,-9.661235512170356E-6
,-8.734205895213081E-6
,-9.046230165860798E-6
,-9.487591716392405E-6
,-9.838767023300568E-6
,-8.732243312646032E-6
,-8.758645765506205E-6
,-8.361232247290328E-6
,-8.865559364351737E-6
,-9.636369106695331E-6
,-9.268600550450513E-6
,-8.930382154729017E-6
