system:time_start,evaporation_from_vegetation_transpiration
,-6.245905381998395E-6
,-6.1690127217954745E-6
,-7.141791492011075E-6
,-6.375528504192731E-6
,-6.8417567468359045E-6
,-6.331780943908346E-6
,-7.163799112062613E-6
,-7.77055626484041E-6
,-6.6187966865065275E-6
,-6.74459843731171E-6
,-7.107660692086731E-6
,-6.342872705029482E-6
,-6.028059151577782E-6
,-6.7316225950645905E-6
,-7.041799625863578E-6
,-6.487426595058201E-6
,-6.748045030335339E-6
,-6.621129806610146E-6
,-7.180395955882391E-6
,-6.80223442534812E-6
,-6.682015870266209E-6
,-6.893454858398148E-6
,-6.658510726519739E-6
,-6.647734205135356E-6
,-7.43550128568242E-6
,-6.841816640389435E-6
,-7.586977798330817E-6
,-6.869541898706258E-6
,-6.485843142599617E-6
,-6.728545035061906E-6
,-6.7590359114872366E-6
,-8.433114089712035E-6
,-6.851269041007759E-6
,-6.507673292876054E-6
