system:time_start,evaporation_from_vegetation_transpiration
,-5.198597001235968E-5
,-5.01776761595073E-5
,-4.88754545478835E-5
,-5.61583477546639E-5
,-5.286852705039029E-5
,-5.2864645790667084E-5
,-5.446351529184647E-5
,-5.43325660663529E-5
,-5.175736334743252E-5
,-5.513395323456886E-5
,-5.131064865375212E-5
,-5.24482342121237E-5
,-5.1807138922466786E-5
,-5.401341292656748E-5
,-4.904073744803421E-5
,-5.2595815527727645E-5
,-5.863695061598978E-5
,-4.7824801132425334E-5
,-5.2853818916071975E-5
,-5.255902101007272E-5
,-5.655404657220203E-5
,-5.495610650327494E-5
,-5.354536266417662E-5
,-5.714906703859943E-5
,-5.201908061280847E-5
,-5.4976800289724074E-5
,-5.838156300574066E-5
,-5.836723286455369E-5
,-5.585477258279627E-5
,-5.0812200510442973E-5
,-5.353434900433629E-5
,-5.5681532032002565E-5
,-5.920953113744355E-5
,-5.70094972299914E-5
