system:time_start,evaporation_from_vegetation_transpiration
,-1.0337696515610636E-4
,-9.445607186838363E-5
,-1.0142963146790861E-4
,-9.06871182451141E-5
,-1.0077422308919873E-4
,-9.223955172880476E-5
,-9.10168576713962E-5
,-9.60324434042074E-5
,-9.002653029407763E-5
,-9.394831804456771E-5
,-1.0827077442930507E-4
,-9.60643798559128E-5
,-9.959064385232825E-5
,-9.694309634748302E-5
,-1.0227217426290737E-4
,-9.160431764030363E-5
,-1.0699672108482141E-4
,-1.008309379358252E-4
,-1.1006377202041524E-4
,-9.272037138240799E-5
,-9.802313992016327E-5
,-1.0544939095780138E-4
,-8.405041683848443E-5
,-9.558944320815499E-5
,-9.316680410241437E-5
,-9.630248869143544E-5
,-1.0560065123475699E-4
,-1.0510488206515825E-4
,-8.862582083869104E-5
,-1.0941886393993626E-4
,-9.024553764902521E-5
,-1.1111045942016064E-4
,-1.0241452161305159E-4
,-9.814152732966856E-5
