system:time_start,evaporation_from_vegetation_transpiration
,-1.9666601476300746E-5
,-2.096777051033072E-5
,-2.006083135193008E-5
,-2.0784413862705817E-5
,-2.0800119579132262E-5
,-2.0725194011188993E-5
,-2.0859104229175388E-5
,-2.1748817543741095E-5
,-2.1526286288707947E-5
,-2.1039340711445923E-5
,-1.964276363003892E-5
,-2.005610939840538E-5
,-2.1576716514017306E-5
,-2.0283929704326148E-5
,-2.1418143051559253E-5
,-2.1749836755196525E-5
,-1.9929763708209135E-5
,-2.1708608600672265E-5
,-2.228186850263266E-5
,-2.2849668483713948E-5
,-2.0754392329153345E-5
,-2.1536503170990115E-5
,-2.0608696643003287E-5
,-2.0454646891888564E-5
,-2.2267846675134366E-5
,-2.2283436699629573E-5
,-1.9551093239743383E-5
,-2.3315259319974317E-5
,-2.3562279011826093E-5
,-2.155065265692829E-5
,-2.565553032542721E-5
,-2.2521782201596555E-5
,-2.2614578831973886E-5
,-2.1828389765759796E-5
