system:time_start,evaporation_from_vegetation_transpiration
,-7.452594585707959E-5
,-7.682103950470005E-5
,-7.49832170370358E-5
,-7.277971749552292E-5
,-7.652215136994144E-5
,-7.126963494198629E-5
,-8.350308163773706E-5
,-7.48880482649282E-5
,-7.359579835648784E-5
,-7.702418716789007E-5
,-7.195314425276974E-5
,-8.332314782617247E-5
,-7.48315368905211E-5
,-7.452316938303966E-5
,-7.857764577004009E-5
,-7.607486879657097E-5
,-7.644566682152347E-5
,-7.534797272499628E-5
,-7.35236916742857E-5
,-7.536911968538221E-5
,-7.516292805544515E-5
,-7.823726678001753E-5
,-8.337253134009212E-5
,-7.628741807036325E-5
,-7.449187544611048E-5
,-8.409742881650401E-5
,-7.310835431434913E-5
,-7.378680078676246E-5
,-7.708222022357087E-5
,-7.509497276483176E-5
,-7.049185952807399E-5
,-7.542106304150673E-5
,-7.20042942448497E-5
,-8.101692195894785E-5
