system:time_start,evaporation_from_vegetation_transpiration
,-5.43765021428393E-5
,-4.8602590591098765E-5
,-5.2688918334421366E-5
,-5.0233367783037456E-5
,-5.2149867420813846E-5
,-5.256092834205254E-5
,-5.416820626711766E-5
,-5.312762811507753E-5
,-4.965994445559443E-5
,-5.465892472141541E-5
,-4.872893237695804E-5
,-4.841401651084207E-5
,-5.527275994848085E-5
,-4.6695535789382634E-5
,-5.449248399397928E-5
,-5.077901347028798E-5
,-4.9266876720304765E-5
,-5.316305552439346E-5
,-5.309874449258041E-5
,-5.653822426202077E-5
,-5.0755919011238025E-5
,-5.017850542737341E-5
,-4.8036041334853514E-5
,-5.131784465365028E-5
,-5.0483362906791204E-5
,-5.6117905585025925E-5
,-5.868510844367039E-5
,-5.472386729165047E-5
,-4.958240813978436E-5
,-5.658179203476381E-5
,-5.7300217939873536E-5
,-5.628679491105641E-5
,-4.8700889642027E-5
,-5.2228155750940054E-5
