system:time_start,evaporation_from_vegetation_transpiration
,-2.8688824146553063E-4
,-2.566564207947264E-4
,-2.9214509200808865E-4
,-2.508003564904584E-4
,-3.017646523402149E-4
,-2.8870606083424195E-4
,-2.914086727976159E-4
,-2.939441464903575E-4
,-2.5977663505968813E-4
,-2.720212562915572E-4
,-2.902001009820725E-4
,-2.687831423238401E-4
,-2.95815340201496E-4
,-2.813432172651286E-4
,-3.053161330931275E-4
,-2.566933347584932E-4
,-2.862864353319305E-4
,-2.877282714201092E-4
,-2.951168322107564E-4
,-2.7426618766784454E-4
,-2.7488272338950336E-4
,-3.039743604373939E-4
,-2.3932025361950244E-4
,-2.694200684773237E-4
,-2.7470981741460127E-4
,-2.860038372483919E-4
,-3.0696987586736364E-4
,-2.895249528387052E-4
,-2.773521163477823E-4
,-3.185346183392101E-4
,-2.79492708876179E-4
,-2.951470434126099E-4
,-2.718508493786198E-4
,-2.8144688626558596E-4
