system:time_start,evaporation_from_vegetation_transpiration
,-0.0016457216212681185
,-0.0015250605041122374
,-0.0014894843231256043
,-0.0014601764263109847
,-0.001530378275977758
,-0.0015486451175092952
,-0.0015808821572136367
,-0.0016101818764582276
,-0.001569731976511927
,-0.0016373579922704569
,-0.0014554263367851188
,-0.001596639166867438
,-0.001501815391141766
,-0.0016010883506775524
,-0.0015369123187459384
,-0.0016183632536315902
,-0.001554026904462565
,-0.0015496516328615446
,-0.0015852665880326338
,-0.0017203310677966026
,-0.0016453949319839012
,-0.001526104069853318
,-0.0017415857188704347
,-0.0016053907517440773
,-0.0016126731904175056
,-0.0016306334188508724
,-0.0016368447195418412
,-0.0015786630265210988
,-0.0015673820574496251
,-0.0015799543404379317
,-0.0015341411265884137
,-0.0016803724781008593
,-0.0015777880089444807
,-0.001605241562477507
