system:time_start,evaporation_from_vegetation_transpiration
,-4.055918301067625E-6
,-3.81177839396211E-6
,-3.6355122574605048E-6
,-3.5324919736012816E-6
,-4.097531927982345E-6
,-4.034503945149481E-6
,-4.075364510451133E-6
,-3.953720806748606E-6
,-4.494511813391E-6
,-4.1990097088273615E-6
,-3.932246424180145E-6
,-4.1662284881264595E-6
,-4.336226993473247E-6
,-4.500053667773803E-6
,-4.024208465125412E-6
,-4.360061211627908E-6
,-4.01002823006517E-6
,-4.135810740990564E-6
,-4.305314481219587E-6
,-4.649031931573215E-6
,-4.346871719462797E-6
,-4.501703491162819E-6
,-4.47465390607249E-6
,-4.3926290042387945E-6
,-4.330314065252121E-6
,-4.106937922188081E-6
,-4.483628193459784E-6
,-4.220042076970761E-6
,-4.454264247518343E-6
,-4.405797881190665E-6
,-4.2428261319097755E-6
,-4.7900969851374E-6
,-4.1029464531069E-6
,-4.281464498490095E-6
