system:time_start,evaporation_from_vegetation_transpiration
,-6.018698071534791E-5
,-5.203829416988061E-5
,-5.866448790423901E-5
,-5.4008069021031534E-5
,-5.836201414828846E-5
,-5.778472137428574E-5
,-5.931197765497856E-5
,-6.07212530702978E-5
,-5.4713038087927495E-5
,-5.87793012313983E-5
,-5.4860274080876437E-5
,-5.440745846107009E-5
,-6.031486747601507E-5
,-5.460492481207064E-5
,-5.925010801173116E-5
,-5.747151515285676E-5
,-5.749808081543283E-5
,-5.9773616193720674E-5
,-6.047416821934794E-5
,-6.094512137482809E-5
,-5.727829089914403E-5
,-5.750913342304629E-5
,-5.535131704699084E-5
,-5.7960458398869665E-5
,-5.766500579935097E-5
,-6.113409750362146E-5
,-6.565682458897879E-5
,-6.434784329173328E-5
,-5.667550299132891E-5
,-6.492454011487438E-5
,-6.284633566204268E-5
,-6.03975771025266E-5
,-5.620028188037823E-5
,-5.961880143492154E-5
