system:time_start,evaporation_from_vegetation_transpiration
,-6.356089379685862E-4
,-6.307180807063425E-4
,-7.120290265851913E-4
,-6.159445282079375E-4
,-7.063025204843144E-4
,-6.479372536112486E-4
,-6.81063550601485E-4
,-7.462466781429679E-4
,-6.568464910136149E-4
,-6.612524654310957E-4
,-7.492632479423063E-4
,-6.442136668165741E-4
,-6.665659309672063E-4
,-6.563636758343178E-4
,-6.814730362815749E-4
,-6.311695884236273E-4
,-6.659233490575355E-4
,-7.449082266921997E-4
,-7.400376119524786E-4
,-6.805587184283435E-4
,-6.698300221749513E-4
,-7.499942000625499E-4
,-6.404751613310374E-4
,-6.52501842409105E-4
,-6.96802534339777E-4
,-6.969411847994371E-4
,-7.304476288145115E-4
,-7.10354989455987E-4
,-6.627057223441726E-4
,-7.127003530681747E-4
,-6.46758511343419E-4
,-8.045081253469646E-4
,-7.08148722764303E-4
,-6.226716201328801E-4
