system:time_start,evaporation_from_vegetation_transpiration
,-4.350028599670374E-5
,-4.1407743650717406E-5
,-4.3489049181889874E-5
,-4.021302117282299E-5
,-4.118568794626462E-5
,-4.0730508701996696E-5
,-4.548050435557195E-5
,-4.5055746830677475E-5
,-4.063547408478394E-5
,-4.640371937570401E-5
,-4.318818928290539E-5
,-4.571859906127818E-5
,-3.672814525796436E-5
,-4.5964556154344755E-5
,-4.169222766228277E-5
,-4.364135213077872E-5
,-4.053403717678629E-5
,-4.4670618438578815E-5
,-4.592890059612751E-5
,-4.659450365175467E-5
,-4.440980146138562E-5
,-4.422091781937828E-5
,-5.119583495712489E-5
,-4.157425176414948E-5
,-4.528032879269996E-5
,-4.865479108685445E-5
,-4.7576135151229035E-5
,-4.586887457546068E-5
,-4.509113788917913E-5
,-4.2287944188890244E-5
,-4.414621999342508E-5
,-4.639969478391408E-5
,-4.5381203998324484E-5
,-4.5227342906221944E-5
