system:time_start,evaporation_from_vegetation_transpiration
,-5.202882711469725E-5
,-4.579085647242655E-5
,-5.0688803800285846E-5
,-4.477506712753572E-5
,-5.1558850899192635E-5
,-4.54451502959915E-5
,-4.616107980837115E-5
,-4.9390116128408545E-5
,-4.431636069271275E-5
,-4.71053453129214E-5
,-5.477806357079067E-5
,-4.6891698016849E-5
,-4.9956318417018475E-5
,-4.669163461264415E-5
,-5.093157953667162E-5
,-4.4017962685685755E-5
,-5.6875899627259196E-5
,-5.2221282185557494E-5
,-5.437807019060368E-5
,-4.697742905609273E-5
,-4.8579906219589146E-5
,-5.468166187604177E-5
,-4.1685251655472514E-5
,-4.678466122605446E-5
,-5.0381524238664676E-5
,-5.2887098147538406E-5
,-5.495172049182549E-5
,-5.49017390499905E-5
,-4.80481745648385E-5
,-5.243589261868585E-5
,-4.5350722169079E-5
,-6.0227194398084616E-5
,-5.127271163241947E-5
,-4.865166310457211E-5
