system:time_start,evaporation_from_vegetation_transpiration
,-1.1789168811879962E-5
,-1.06707960055376E-5
,-1.1404336397563816E-5
,-1.1817188871126355E-5
,-1.190024678570418E-5
,-1.161544978025458E-5
,-1.3128909163892138E-5
,-1.2265456115571958E-5
,-1.1613572063478863E-5
,-1.2270976921648809E-5
,-1.1463945806359074E-5
,-1.340676109456191E-5
,-1.0720873043672848E-5
,-1.2879451051481912E-5
,-1.1681846877936983E-5
,-1.2128365120761806E-5
,-1.162305055740511E-5
,-1.286589888747715E-5
,-1.1338333154396554E-5
,-1.2404248904896944E-5
,-1.2142291650109525E-5
,-1.2235990132986833E-5
,-1.3793464209551791E-5
,-1.2555253436273362E-5
,-1.2747344867204359E-5
,-1.300515413320335E-5
,-1.225251946293394E-5
,-1.1467297684118552E-5
,-1.2178596426522183E-5
,-1.1748495169394163E-5
,-1.1107196682825727E-5
,-1.1947597678434768E-5
,-1.206778246601711E-5
,-1.2245827227681212E-5
