system:time_start,evaporation_from_vegetation_transpiration
,-4.119758935936121E-4
,-3.6823265351448045E-4
,-4.03698781841751E-4
,-3.7471670025446236E-4
,-4.3994052059761427E-4
,-3.9324238452607296E-4
,-3.970708684637666E-4
,-3.981562385802459E-4
,-3.666618103169972E-4
,-3.863905965662578E-4
,-3.928047340202667E-4
,-3.638116993945895E-4
,-4.0146106336916813E-4
,-3.967888111368605E-4
,-4.141580665480954E-4
,-3.726574706243941E-4
,-3.9271584211300625E-4
,-3.884050061330792E-4
,-3.9891768335494765E-4
,-3.899003193475122E-4
,-3.886293014198711E-4
,-4.068334306982469E-4
,-3.513077409549361E-4
,-3.81222293451486E-4
,-3.7561010204071476E-4
,-3.9119021495516936E-4
,-4.2950774619839564E-4
,-4.048277258365914E-4
,-3.8307724656338766E-4
,-4.5375167747677787E-4
,-4.01851547781047E-4
,-3.902781603286582E-4
,-3.653832978109228E-4
,-3.9259334079066034E-4
