system:time_start,evaporation_from_vegetation_transpiration
,-1.1303160699397124E-4
,-1.0434869841892755E-4
,-9.730875935216032E-5
,-1.0682809717728365E-4
,-1.0392633289573532E-4
,-1.0576136232617394E-4
,-1.0826407567804504E-4
,-1.0717689370971594E-4
,-1.0040839405002201E-4
,-1.1025823871879015E-4
,-1.0314938046184241E-4
,-1.048222427426463E-4
,-1.0210041581754637E-4
,-1.1515925425377573E-4
,-1.048316754866962E-4
,-1.0724589247176624E-4
,-1.1173770155223525E-4
,-1.007953368232348E-4
,-1.0831507347129268E-4
,-1.0865340764033973E-4
,-1.1258755662043662E-4
,-1.1456448755423338E-4
,-1.1128906172576962E-4
,-1.0826170977916083E-4
,-1.091836143756404E-4
,-1.0752545277486491E-4
,-1.1442056490398269E-4
,-1.1548940921213715E-4
,-1.1118951949231582E-4
,-1.0795686448902559E-4
,-1.0554101433680283E-4
,-1.1450415880900954E-4
,-1.0986297863436286E-4
,-1.1312076764856921E-4
