system:time_start,evaporation_from_vegetation_transpiration
,-7.517513314803455E-6
,-7.156601159728043E-6
,-7.803366710379517E-6
,-6.700920041699194E-6
,-7.928810523553116E-6
,-7.2683524964814605E-6
,-7.936344527431256E-6
,-8.31180560458316E-6
,-7.189945959167002E-6
,-7.190935624142487E-6
,-8.005162709634061E-6
,-7.316018237991667E-6
,-8.194284731794452E-6
,-7.341682369110579E-6
,-7.956898751592869E-6
,-7.435054059473614E-6
,-7.717564595242956E-6
,-7.441410388016491E-6
,-8.364809993374231E-6
,-7.5601830334918795E-6
,-7.3285649628218305E-6
,-8.097759539384033E-6
,-7.098543320021163E-6
,-6.982631405917729E-6
,-8.1115308771755E-6
,-7.71009436186105E-6
,-8.428610632859452E-6
,-8.2809854084478E-6
,-7.363232052065777E-6
,-8.324801870027345E-6
,-7.355328668223043E-6
,-8.038984546262312E-6
,-8.088216071926235E-6
,-7.937667664173108E-6
