system:time_start,evaporation_from_vegetation_transpiration
,-1.2149542438203718E-4
,-1.2137132972387785E-4
,-1.153782200944589E-4
,-1.2469369854497162E-4
,-1.2079773765442229E-4
,-1.1875230138868523E-4
,-1.322239941948299E-4
,-1.2306280539927793E-4
,-1.1369894575365937E-4
,-1.2263356468471303E-4
,-1.1800488222262135E-4
,-1.2282232592879973E-4
,-1.1800109716957393E-4
,-1.209390736842585E-4
,-1.1385905478874943E-4
,-1.2372306278396323E-4
,-1.205021950849883E-4
,-1.2079239531689211E-4
,-1.209102991517835E-4
,-1.1938171820651467E-4
,-1.2245150034499632E-4
,-1.3075007537326065E-4
,-1.230542688554325E-4
,-1.2192563139115321E-4
,-1.1035257460882576E-4
,-1.317482597841145E-4
,-1.1921510299280336E-4
,-1.233320731106193E-4
,-1.2113403293926575E-4
,-1.1871707972007368E-4
,-1.1986894924405888E-4
,-1.158258240759783E-4
,-1.228138742511822E-4
,-1.2377114239349907E-4
