system:time_start,evaporation_from_vegetation_transpiration
,-2.2958023085569343E-6
,-2.0756700299292183E-6
,-2.384242179687135E-6
,-2.1204784085663655E-6
,-2.4148363687951737E-6
,-2.1822227912101275E-6
,-2.4503048431749144E-6
,-2.42764387318554E-6
,-2.4141081667039543E-6
,-2.3597719215710336E-6
,-2.5809004000620916E-6
,-2.2474208284014216E-6
,-2.4828217040825016E-6
,-2.292556625131207E-6
,-2.439483068883419E-6
,-2.1806827135151252E-6
,-2.472610503900796E-6
,-2.550490535213612E-6
,-2.6435882318764925E-6
,-2.4225422142383954E-6
,-2.3192284667554E-6
,-2.5484096113359556E-6
,-2.1701962396036834E-6
,-2.2886324586579576E-6
,-2.2513352935978523E-6
,-2.5534979310274744E-6
,-2.57427685331398E-6
,-2.763127971168918E-6
,-2.435440668098939E-6
,-2.427349803231967E-6
,-2.37169721610068E-6
,-2.683892186420659E-6
,-2.585263549311397E-6
,-2.2916974558029324E-6
