system:time_start,evaporation_from_vegetation_transpiration
,-5.6738674966026055E-5
,-5.2812228379219726E-5
,-5.371542033667165E-5
,-5.27881862525837E-5
,-5.363616785286914E-5
,-5.39643021922822E-5
,-5.415034605608122E-5
,-5.3181266018512615E-5
,-5.353620573250383E-5
,-5.725924019179552E-5
,-5.220535412484661E-5
,-5.317113871587721E-5
,-5.352255751320123E-5
,-5.0469996201782525E-5
,-5.64147228059278E-5
,-5.3973599914984585E-5
,-5.263851781408044E-5
,-5.6559639275914436E-5
,-5.843563441207589E-5
,-5.961006573770368E-5
,-5.446735251402797E-5
,-5.298558402757261E-5
,-5.216551483556754E-5
,-5.538862404958918E-5
,-5.567968932510284E-5
,-6.0615285790431415E-5
,-5.878103846806578E-5
,-5.722616849080796E-5
,-5.582783976140637E-5
,-5.692781088415288E-5
,-5.91367260024184E-5
,-5.646482190117377E-5
,-5.3447029305103115E-5
,-5.41667695538949E-5
