system:time_start,evaporation_from_vegetation_transpiration
,-1.289783411203675E-5
,-1.0666944786214442E-5
,-1.0940876950632954E-5
,-1.0798003972138694E-5
,-1.1432200757888329E-5
,-1.160254819976332E-5
,-1.2124044420572277E-5
,-1.3775363244683665E-5
,-1.233939554200417E-5
,-1.2535315202502265E-5
,-1.1523394783873154E-5
,-1.2129667104989956E-5
,-1.1244963652329873E-5
,-1.2337926070369117E-5
,-1.235497256857343E-5
,-1.249782190856861E-5
,-1.118936445567377E-5
,-1.184599511372193E-5
,-1.2591789295427213E-5
,-1.3189595885141272E-5
,-1.3490455440378041E-5
,-1.1988066595305967E-5
,-1.3567851394703932E-5
,-1.2132857884206788E-5
,-1.2362463150210894E-5
,-1.3160954600691144E-5
,-1.3553838757563906E-5
,-1.186182209452475E-5
,-1.1548645643520052E-5
,-1.1671804243413698E-5
,-1.26406476142463E-5
,-1.4080754939557709E-5
,-1.2137674923582087E-5
,-1.1731058521558872E-5
