system:time_start,evaporation_from_vegetation_transpiration
,-8.297734011696328E-5
,-8.09167624725741E-5
,-7.957314171690079E-5
,-8.189287503125533E-5
,-7.97999918858641E-5
,-7.919105507187159E-5
,-8.710251654332323E-5
,-7.84735937570456E-5
,-7.407464753188224E-5
,-8.102633530545376E-5
,-7.661639963623975E-5
,-8.116817918959408E-5
,-7.684219477643337E-5
,-7.875519194778128E-5
,-7.744814858054711E-5
,-8.062310497364462E-5
,-8.336661399981022E-5
,-8.048919614547753E-5
,-8.112502219211304E-5
,-7.702694765930887E-5
,-7.994092098074066E-5
,-8.068120824716904E-5
,-8.058779032738961E-5
,-7.965307797120088E-5
,-7.393819367974051E-5
,-8.311719925532976E-5
,-7.79816597627118E-5
,-7.836523459891798E-5
,-7.846933971170532E-5
,-7.850361737750839E-5
,-7.618677992243449E-5
,-7.69144187450209E-5
,-8.064806967163813E-5
,-8.059862941164425E-5
