system:time_start,evaporation_from_vegetation_transpiration
,-1.350097584193309E-5
,-1.2854035409169607E-5
,-1.316201873260928E-5
,-1.2426744204665442E-5
,-1.262511861294218E-5
,-1.311064335605812E-5
,-1.3024033754353805E-5
,-1.426038373742727E-5
,-1.2847567574778549E-5
,-1.349557795083742E-5
,-1.3768954165741135E-5
,-1.2519389670818121E-5
,-1.276313997098573E-5
,-1.3397562313157154E-5
,-1.3591189925583028E-5
,-1.3779225152329274E-5
,-1.3071291247780329E-5
,-1.3752220492845156E-5
,-1.390102641025863E-5
,-1.4657987879406889E-5
,-1.3839994076164967E-5
,-1.3613998313795383E-5
,-1.3454107760961326E-5
,-1.322934258496389E-5
,-1.4127356271788847E-5
,-1.5431117853435322E-5
,-1.3496226048753774E-5
,-1.3513416036305974E-5
,-1.3836947989645677E-5
,-1.4472773310335927E-5
,-1.536193054367835E-5
,-1.6522655344448117E-5
,-1.3789146252301576E-5
,-1.4707079966649201E-5
