system:time_start,evaporation_from_vegetation_transpiration
,-1.7433450158287383E-5
,-1.5060081212688736E-5
,-1.5864336131026678E-5
,-1.5049221611241257E-5
,-1.554017309058753E-5
,-1.611187496652541E-5
,-1.7131354080222708E-5
,-1.8030526506106158E-5
,-1.66379250590727E-5
,-1.769574185844601E-5
,-1.635584607923789E-5
,-1.781014242457972E-5
,-1.58770297823276E-5
,-1.7901001414703455E-5
,-1.6738158807637902E-5
,-1.7919660842713338E-5
,-1.6757318790237198E-5
,-1.6013822362286297E-5
,-1.777191119868138E-5
,-1.8851118570197405E-5
,-1.798111197688261E-5
,-1.752165745304126E-5
,-1.9377831674602773E-5
,-1.712102558456301E-5
,-1.695059938199808E-5
,-1.7387474790373217E-5
,-1.8231474998800125E-5
,-1.806348622247692E-5
,-1.6816843536392015E-5
,-1.673652289071626E-5
,-1.7327269409678033E-5
,-1.9191527454857212E-5
,-1.777805601871292E-5
,-1.866983409619875E-5
