system:time_start,evaporation_from_vegetation_transpiration
,-5.980974730494858E-5
,-6.084427062193307E-5
,-5.972219766537925E-5
,-5.6832213778046176E-5
,-6.0131983964473327E-5
,-5.5808175703428476E-5
,-6.700397650304007E-5
,-5.966970316916489E-5
,-5.814475169865967E-5
,-6.133850510076833E-5
,-5.6537281084521304E-5
,-6.63528535442879E-5
,-5.874970602284846E-5
,-5.8869597952504997E-5
,-6.232342291029787E-5
,-6.002482545621845E-5
,-6.109690359394405E-5
,-5.975141549637507E-5
,-5.833275842776817E-5
,-6.0463840396188E-5
,-6.0427985480343837E-5
,-6.25924820138088E-5
,-6.704637013045621E-5
,-6.0806392961340856E-5
,-5.9121712270311564E-5
,-6.819618764472041E-5
,-5.859331573438551E-5
,-5.853020292475129E-5
,-6.092414463193871E-5
,-5.989850279601154E-5
,-5.647895417925069E-5
,-6.037945345377592E-5
,-5.716939006599397E-5
,-6.415849973738921E-5
