system:time_start,evaporation_from_vegetation_transpiration
,-2.7596121375002745E-5
,-2.475947811338604E-5
,-2.665177180460887E-5
,-2.599068784547853E-5
,-2.5973110041377367E-5
,-2.63099170751957E-5
,-2.8086719112252467E-5
,-3.187363336110138E-5
,-2.8231920850885217E-5
,-2.965677397999874E-5
,-2.9637772437733172E-5
,-2.640131909477835E-5
,-2.4233560452557867E-5
,-2.8064346603666003E-5
,-2.6551096349673266E-5
,-2.7515575690510254E-5
,-2.6569069405013582E-5
,-2.6125108509707694E-5
,-2.7781096150647503E-5
,-3.115165721586285E-5
,-2.728152420180171E-5
,-3.0084922248837145E-5
,-2.8109447612223448E-5
,-2.8300100590665046E-5
,-2.978709684005783E-5
,-3.25913665619737E-5
,-2.8935363540464703E-5
,-2.800853978139154E-5
,-2.7938409251267633E-5
,-2.9362145975634725E-5
,-3.2004184428539396E-5
,-3.595479453603427E-5
,-2.999141558272337E-5
,-3.052437773476412E-5
