system:time_start,evaporation_from_vegetation_transpiration
,-1.0243483348344653E-4
,-1.0039496038993144E-4
,-1.0796663961061143E-4
,-9.6509271437147E-5
,-1.0835512174167704E-4
,-1.0650866472818618E-4
,-1.0791093106187568E-4
,-1.1367611342406682E-4
,-1.0501133092211733E-4
,-1.038645975484911E-4
,-1.0138661240542178E-4
,-1.0460923766768772E-4
,-1.051782986378648E-4
,-1.0091859202594091E-4
,-1.1432875715241686E-4
,-1.0576739169018631E-4
,-1.036479621056376E-4
,-1.1253305931239849E-4
,-1.1190396369889587E-4
,-1.15023624602E-4
,-1.0589724944388171E-4
,-1.0139630498799859E-4
,-1.0452145721448712E-4
,-1.0578408899533129E-4
,-1.1925234957480047E-4
,-1.1836954683425627E-4
,-1.1602682430036466E-4
,-1.096366935888764E-4
,-1.0485894746270262E-4
,-1.1827173483903026E-4
,-1.2091342533771557E-4
,-1.2944654641298413E-4
,-1.0893879595602377E-4
,-1.0672061231900074E-4
