system:time_start,evaporation_from_vegetation_transpiration
,-5.369211899499494E-5
,-4.8215593958214506E-5
,-5.1587718027436715E-5
,-5.07414033520992E-5
,-5.0825883061261615E-5
,-5.166406125181952E-5
,-5.4577428020824935E-5
,-6.153218670984013E-5
,-5.518942142058188E-5
,-5.884145315909515E-5
,-5.733377301466745E-5
,-5.110124779170753E-5
,-4.727128227062342E-5
,-5.4346263733721986E-5
,-5.074320276815197E-5
,-5.355417076696395E-5
,-5.195507503845926E-5
,-5.108374935276139E-5
,-5.429883146714014E-5
,-6.18326459362821E-5
,-5.341961524452568E-5
,-5.896162814414237E-5
,-5.3946915857164306E-5
,-5.578640136857377E-5
,-5.771585040666466E-5
,-6.302713196427603E-5
,-5.558583438762643E-5
,-5.4670487458931344E-5
,-5.45282127774138E-5
,-5.731395646587327E-5
,-6.239912927156465E-5
,-6.882039311685176E-5
,-5.786833748394381E-5
,-5.9431186620517136E-5
