system:time_start,evaporation_from_vegetation_transpiration
,-5.1718986368440615E-5
,-4.73320584812124E-5
,-5.043520124874905E-5
,-4.793393054569607E-5
,-4.872561819663841E-5
,-4.7698977141408257E-5
,-5.0110995895617336E-5
,-5.047245354540387E-5
,-4.48313391340586E-5
,-4.91538766153907E-5
,-5.420725149936819E-5
,-4.7381475572668335E-5
,-5.024639499929941E-5
,-5.0417001451326854E-5
,-5.117750697536394E-5
,-4.5626804017552385E-5
,-4.921539807077756E-5
,-5.345687249145057E-5
,-5.5749182340352694E-5
,-4.679718707241894E-5
,-5.2580486024251316E-5
,-5.4232015423218E-5
,-4.56662950859431E-5
,-4.906630420009606E-5
,-4.840513469793627E-5
,-5.0378245860984964E-5
,-5.100646194478032E-5
,-4.875006399945253E-5
,-4.663316980845088E-5
,-5.485130168381147E-5
,-4.9776578331754244E-5
,-5.524427049547538E-5
,-5.068010028076565E-5
,-4.819833156943787E-5
