system:time_start,evaporation_from_vegetation_transpiration
,-9.559945565782865E-6
,-7.713220062674167E-6
,-8.79784099970004E-6
,-8.932042417028994E-6
,-8.483782988160558E-6
,-8.047759454819497E-6
,-9.532953888855865E-6
,-1.0846991069952946E-5
,-9.254722682829108E-6
,-1.0174226268665282E-5
,-9.275878194599223E-6
,-8.884079610046076E-6
,-7.593730905467455E-6
,-8.189789704746182E-6
,-8.372553264062618E-6
,-7.912693341515028E-6
,-8.205189354607339E-6
,-8.408553478676044E-6
,-8.693480917680707E-6
,-9.04553074286268E-6
,-8.795809188536279E-6
,-9.382538295813969E-6
,-9.085519756750258E-6
,-8.871100255164883E-6
,-9.69938199671961E-6
,-1.0343883753839397E-5
,-9.572844546514666E-6
,-9.15199833069823E-6
,-7.730553865483044E-6
,-8.605256974528513E-6
,-8.297170437486707E-6
,-1.0548082792821889E-5
,-8.061224364962159E-6
,-7.934488428540506E-6
