system:time_start,evaporation_from_vegetation_transpiration
,-1.8184127871448626E-5
,-1.6491235034522818E-5
,-1.7509433121610617E-5
,-1.820714938087459E-5
,-1.8252122829328754E-5
,-1.7940551721461006E-5
,-2.0065240405482754E-5
,-1.8785475641164666E-5
,-1.7857111618100517E-5
,-1.8771427909994107E-5
,-1.775915426676518E-5
,-2.049284919816616E-5
,-1.6472697875507794E-5
,-1.9695634866514276E-5
,-1.8051728640770974E-5
,-1.8594111360339378E-5
,-1.7940215467615763E-5
,-1.958274169598852E-5
,-1.7537416348139916E-5
,-1.902495738023059E-5
,-1.8546751448700948E-5
,-1.883856004205326E-5
,-2.1172881566441876E-5
,-1.9278291033712128E-5
,-1.9600844449786063E-5
,-1.9867471888786982E-5
,-1.8817805706208768E-5
,-1.7687063083602424E-5
,-1.8706960754779183E-5
,-1.807117427622398E-5
,-1.710560849015974E-5
,-1.8369639796862774E-5
,-1.848424715893438E-5
,-1.896637295245853E-5
