system:time_start,evaporation_from_vegetation_transpiration
,-1.0441307373094224E-4
,-8.711110966457847E-5
,-1.0163353888654253E-4
,-9.332777031098977E-5
,-1.0152871378188305E-4
,-9.951767257787867E-5
,-1.0015743887501319E-4
,-1.032292917562034E-4
,-9.683204014129691E-5
,-9.899001745548378E-5
,-9.353116043691455E-5
,-9.39704075867022E-5
,-1.0479195970362605E-4
,-9.497165354269813E-5
,-1.0129021759953624E-4
,-9.802907236662855E-5
,-9.786620509424476E-5
,-1.0215032209744372E-4
,-1.0145629375042988E-4
,-1.073698687303135E-4
,-9.729195237669324E-5
,-1.0095414515256648E-4
,-9.323078475794862E-5
,-1.0119686861053266E-4
,-9.913316173938377E-5
,-1.0659943219318662E-4
,-1.1262960029588441E-4
,-1.1115035461050003E-4
,-1.0030882890271317E-4
,-1.1018067709015508E-4
,-1.0828293681237712E-4
,-1.065832089612232E-4
,-9.62724326022542E-5
,-1.0228792679895536E-4
