system:time_start,evaporation_from_vegetation_transpiration
,-6.223207678520067E-5
,-6.220962299183199E-5
,-6.378412449678229E-5
,-6.132152075538058E-5
,-6.867214495747018E-5
,-6.454018142088397E-5
,-6.441271607295727E-5
,-6.75866557758545E-5
,-6.362424762207002E-5
,-6.467992440367856E-5
,-6.0377483633005634E-5
,-6.266709966314074E-5
,-6.615814299425699E-5
,-6.134992835196216E-5
,-6.856108486589484E-5
,-6.445478649619946E-5
,-6.383358731386841E-5
,-7.159027660529171E-5
,-7.137553677302063E-5
,-7.133174050517711E-5
,-6.251127729490104E-5
,-6.408192005427287E-5
,-6.453269333147106E-5
,-6.424219829840558E-5
,-7.166029005104024E-5
,-7.06651751835156E-5
,-6.501329374876295E-5
,-6.908574666350882E-5
,-6.685404520700606E-5
,-7.282977566810795E-5
,-7.993442152931902E-5
,-7.21084161968661E-5
,-6.830814755244057E-5
,-6.489439312289683E-5
