system:time_start,evaporation_from_vegetation_transpiration
,-3.107482613510607E-5
,-2.962735403017201E-5
,-3.3395675414701545E-5
,-2.8147635907188465E-5
,-3.317876577896711E-5
,-3.012346244829062E-5
,-3.091050772733676E-5
,-3.6081491765425875E-5
,-3.0386283283289045E-5
,-3.0302464298214403E-5
,-3.704320741421842E-5
,-3.02859086961969E-5
,-3.4179520624979304E-5
,-2.9902491242421838E-5
,-3.252318558038379E-5
,-3.0124445122335324E-5
,-3.2955842517623794E-5
,-3.2637052824541636E-5
,-3.545741226564412E-5
,-3.055124024962051E-5
,-3.23959128040886E-5
,-3.5084488421815855E-5
,-2.8385199467988852E-5
,-2.9325330708674392E-5
,-3.182189823583497E-5
,-3.217427542833134E-5
,-3.512543461954173E-5
,-3.572747715598103E-5
,-3.095701401598023E-5
,-3.2097717522470375E-5
,-2.9349135076746534E-5
,-3.722196323416518E-5
,-3.499454340691535E-5
,-3.076876227845414E-5
