system:time_start,evaporation_from_vegetation_transpiration
,-3.5553092950580417E-6
,-3.1651479730498977E-6
,-3.6319206045822616E-6
,-3.219298156555175E-6
,-3.675927869969597E-6
,-3.3348153173835435E-6
,-3.6812880352954384E-6
,-3.682468815942486E-6
,-3.6262428740230507E-6
,-3.54407000439749E-6
,-3.879773512147576E-6
,-3.397715143084777E-6
,-3.8602772105943396E-6
,-3.4875546915804403E-6
,-3.6878006703306874E-6
,-3.338983916387989E-6
,-3.7178381670599215E-6
,-3.825207981068301E-6
,-3.976014644043365E-6
,-3.65271058072745E-6
,-3.5039340848295697E-6
,-3.8997133206299995E-6
,-3.29363297752048E-6
,-3.4385119737961736E-6
,-3.461304668934855E-6
,-3.84966048071734E-6
,-3.891812435214002E-6
,-4.154120210258929E-6
,-3.625121268832561E-6
,-3.758946697929881E-6
,-3.565465167645389E-6
,-3.980052042606985E-6
,-3.8674923603255775E-6
,-3.494214151709084E-6
