system:time_start,evaporation_from_vegetation_transpiration
,-9.770136073877273E-5
,-9.578558312954776E-5
,-9.900817630378613E-5
,-9.875490677862244E-5
,-9.933986218653223E-5
,-9.466867838151909E-5
,-9.561920072001433E-5
,-1.0244274645546368E-4
,-9.890703420916742E-5
,-9.694154466684047E-5
,-9.448048661976247E-5
,-9.325832428602912E-5
,-1.0067768722144662E-4
,-9.647573212780777E-5
,-9.70997166542943E-5
,-1.0475390125507008E-4
,-9.51956348162088E-5
,-1.0828641781258878E-4
,-1.0695203033692175E-4
,-1.0850791538056607E-4
,-9.928768816859122E-5
,-9.47598369803569E-5
,-1.0031941554078719E-4
,-9.49128900009038E-5
,-1.0238957033972397E-4
,-1.1521623976780877E-4
,-9.377171894205578E-5
,-1.125609995859012E-4
,-1.0349332969230035E-4
,-1.0282746017875262E-4
,-1.2148529309673573E-4
,-1.1167655435256717E-4
,-1.0558248179608421E-4
,-1.073599241036308E-4
