system:time_start,evaporation_from_vegetation_transpiration
,-3.0740463310643045E-5
,-2.9133047798979768E-5
,-2.9320775330400153E-5
,-2.8977554236267826E-5
,-2.9425311802427902E-5
,-2.956820965116098E-5
,-2.967294187826287E-5
,-2.9291582264472675E-5
,-2.9262383038169076E-5
,-3.151360645650739E-5
,-2.8593763338489456E-5
,-2.920281971908417E-5
,-2.934354451662692E-5
,-2.7382855899643904E-5
,-3.118580851020521E-5
,-2.944455367854655E-5
,-2.8793228644036952E-5
,-3.135968198658926E-5
,-3.191405927446769E-5
,-3.2776416310379696E-5
,-2.944134899754031E-5
,-2.8877033313398753E-5
,-2.8620373060193543E-5
,-3.0202487575645023E-5
,-3.0776888851532306E-5
,-3.31473088252431E-5
,-3.1878617589147746E-5
,-3.116072521472381E-5
,-3.0413206777782E-5
,-3.134140220063738E-5
,-3.257285856466444E-5
,-3.080789833280121E-5
,-2.926282082649251E-5
,-2.989285038505572E-5
