system:time_start,evaporation_from_vegetation_transpiration
,-4.437109589961245E-5
,-4.359700084354369E-5
,-4.776669574670395E-5
,-4.2601093065803234E-5
,-4.574510727583071E-5
,-4.714298891926635E-5
,-4.922109212312727E-5
,-5.201712539212277E-5
,-4.57969737467603E-5
,-4.43415506886209E-5
,-4.841255260103163E-5
,-4.450529633521166E-5
,-4.568122403725283E-5
,-4.570572739546399E-5
,-4.557484824159253E-5
,-4.531558754410291E-5
,-4.464741926891623E-5
,-4.657881722916059E-5
,-5.0283880585938626E-5
,-4.752097808677443E-5
,-4.6301555178643234E-5
,-4.8127162368804086E-5
,-4.423207552794007E-5
,-4.580704069557021E-5
,-4.6741629155417975E-5
,-4.5479421687284195E-5
,-5.1984033124233854E-5
,-5.1507158704308416E-5
,-4.628650475007652E-5
,-4.9772234722860794E-5
,-4.544748428474342E-5
,-5.343162959461827E-5
,-4.723819653339557E-5
,-4.6950614474057644E-5
