system:time_start,evaporation_from_vegetation_transpiration
,-1.1186536193788782E-5
,-1.01677198365317E-5
,-9.969164716940392E-6
,-1.008019193535552E-5
,-9.688314022758849E-6
,-1.0837432394813126E-5
,-1.08173266983381E-5
,-1.0969623462205717E-5
,-1.0543653736342951E-5
,-1.0940997355432688E-5
,-1.0157080831442156E-5
,-1.113432499194317E-5
,-9.62841132051978E-6
,-1.10109406437807E-5
,-1.0466086079010411E-5
,-1.0973857363341284E-5
,-1.086421196340976E-5
,-9.874755493251096E-6
,-1.0367600171936347E-5
,-1.0944101935213743E-5
,-1.0517886667181372E-5
,-1.0517999373191475E-5
,-1.1492678665900695E-5
,-1.0630517820519506E-5
,-1.0307411902627507E-5
,-1.0677092231002034E-5
,-1.1202723694355775E-5
,-1.0429458401916897E-5
,-1.0490914506840009E-5
,-1.0359670754862201E-5
,-1.013580663757417E-5
,-1.1412797781910437E-5
,-1.0611416391660823E-5
,-1.1821449858389849E-5
