system:time_start,evaporation_from_vegetation_transpiration
,-1.0174018359229637E-4
,-9.173743964287823E-5
,-1.0774441416754433E-4
,-9.405874670147357E-5
,-1.045665047478486E-4
,-9.422679725573218E-5
,-9.906588983983218E-5
,-9.96475777915643E-5
,-9.475014979752581E-5
,-9.611590851422171E-5
,-1.1210158491172851E-4
,-9.840858491280902E-5
,-1.016699310033194E-4
,-1.0062238694585035E-4
,-1.0830259378006957E-4
,-9.363374631039989E-5
,-1.0671136708249553E-4
,-1.043674949473009E-4
,-1.1295359437122571E-4
,-9.766742308177828E-5
,-1.0026690898275073E-4
,-1.1553589772516623E-4
,-8.638743696419391E-5
,-9.597313412366649E-5
,-9.161933891076702E-5
,-9.670789591044199E-5
,-1.0765723154457726E-4
,-1.0331773237573006E-4
,-9.155993090341022E-5
,-1.1525902920813023E-4
,-9.150335590208831E-5
,-1.1576526921066358E-4
,-1.067500305884422E-4
,-9.747275665480021E-5
