system:time_start,evaporation_from_vegetation_transpiration
,-2.1357760488172062E-5
,-1.7865664024914924E-5
,-1.808183393829192E-5
,-1.708782959516005E-5
,-1.8983870177180506E-5
,-1.9812246440172505E-5
,-1.8717936958031107E-5
,-1.9626737412181683E-5
,-2.1202350277841713E-5
,-2.038257540940928E-5
,-1.8760447953051578E-5
,-1.9217720061230164E-5
,-1.8334787455387414E-5
,-2.06965869438136E-5
,-1.9736960894078948E-5
,-1.9993043679278344E-5
,-1.8016016232043814E-5
,-1.822940794227179E-5
,-1.9600935047492385E-5
,-2.0405863324413076E-5
,-1.9648142673152808E-5
,-2.0431413455905083E-5
,-1.979451493146674E-5
,-1.899705481870721E-5
,-1.9726263417396694E-5
,-1.9664503876507904E-5
,-2.0310715020362597E-5
,-1.7631916610601667E-5
,-1.7571227848141763E-5
,-1.9091077774646692E-5
,-1.92198422155343E-5
,-2.2542715062930558E-5
,-1.9089817821319837E-5
,-1.9757452416039694E-5
