system:time_start,evaporation_from_vegetation_transpiration
,-1.4713892603247455E-4
,-1.3547498735751198E-4
,-1.5467679838234322E-4
,-1.359958276426474E-4
,-1.5145501040224666E-4
,-1.376163427399405E-4
,-1.4077263634293538E-4
,-1.4703701219327174E-4
,-1.4050583029397094E-4
,-1.3776788385708364E-4
,-1.6071165699965416E-4
,-1.4480681107506573E-4
,-1.4629398847352482E-4
,-1.4609047108870698E-4
,-1.5591702683392098E-4
,-1.3691562928217868E-4
,-1.577880138190763E-4
,-1.48930008514641E-4
,-1.6249124855130658E-4
,-1.413829628653998E-4
,-1.4603060449593837E-4
,-1.6409457943632378E-4
,-1.2709922153416052E-4
,-1.3726680559779644E-4
,-1.3531354835270075E-4
,-1.408707189230336E-4
,-1.544023767377723E-4
,-1.5045766994955826E-4
,-1.3631134118397876E-4
,-1.6573293292262615E-4
,-1.2940504387608603E-4
,-1.5982311836544482E-4
,-1.546944078642974E-4
,-1.4250119725095633E-4
