system:time_start,evaporation_from_vegetation_transpiration
,-5.967270261495734E-5
,-5.805203066924342E-5
,-6.047993076463811E-5
,-5.84468947827669E-5
,-6.147355094997279E-5
,-5.7996644675752084E-5
,-5.905622875664114E-5
,-6.023771825232216E-5
,-5.506453833317082E-5
,-5.79031481736405E-5
,-6.45620590116698E-5
,-5.600226872877357E-5
,-5.842690319568327E-5
,-5.8310384095724053E-5
,-6.242909882546468E-5
,-5.522517213856254E-5
,-5.7903397502837156E-5
,-6.244432941521314E-5
,-6.6243648082794E-5
,-5.388398817000021E-5
,-6.170397755978915E-5
,-6.28527451912656E-5
,-5.421361349458733E-5
,-5.7742949330100876E-5
,-5.69251266202436E-5
,-5.813937866805007E-5
,-5.950993842194102E-5
,-5.801330342747908E-5
,-5.5647120174590356E-5
,-6.148872333206032E-5
,-5.873018958561915E-5
,-6.9813410830153E-5
,-5.979471924339968E-5
,-5.946070849492108E-5
