system:time_start,evaporation_from_vegetation_transpiration
,-1.8608563649373224E-5
,-1.711023435126518E-5
,-1.8958194746316984E-5
,-1.8780227287936505E-5
,-1.7019774657165875E-5
,-1.8160963371474942E-5
,-2.0915830046378424E-5
,-2.160507509198278E-5
,-1.8459680427770145E-5
,-1.9891629793731397E-5
,-1.9267228662352288E-5
,-1.6528348162640782E-5
,-1.6466878190365843E-5
,-1.7388875201741822E-5
,-1.7950547323604386E-5
,-1.5642059508167407E-5
,-1.6721977100014165E-5
,-1.9178141942772886E-5
,-1.828777757232867E-5
,-1.8111314938837694E-5
,-1.7314423088912694E-5
,-1.845243309946744E-5
,-1.821439422781333E-5
,-1.6594919299572268E-5
,-1.763063866509702E-5
,-2.0186618626937257E-5
,-1.8329919721113782E-5
,-1.7643916747318517E-5
,-1.612798871355008E-5
,-1.8742848637423556E-5
,-1.841339797570929E-5
,-2.1561562796019988E-5
,-1.626806913365094E-5
,-1.582331937691155E-5
