system:time_start,evaporation_from_vegetation_transpiration
,-2.253507919889195E-5
,-2.0678999177480935E-5
,-2.1564301024088074E-5
,-2.132047535409339E-5
,-2.1388381059336716E-5
,-2.1955935718203204E-5
,-2.1873527306280866E-5
,-2.1175568563418703E-5
,-2.130193996434407E-5
,-2.2720036589564406E-5
,-2.0945961006910487E-5
,-2.1198239691485545E-5
,-2.19706969121306E-5
,-2.023554124264748E-5
,-2.258377362721516E-5
,-2.107489550439909E-5
,-2.1060349863355506E-5
,-2.241848412351988E-5
,-2.2602780329771084E-5
,-2.3585020219765612E-5
,-2.1631989086648667E-5
,-2.098388992471909E-5
,-2.054865630756874E-5
,-2.2187120412048015E-5
,-2.171406541595101E-5
,-2.4014481542462918E-5
,-2.413395423364954E-5
,-2.257676196703026E-5
,-2.172792679725487E-5
,-2.3295998759978075E-5
,-2.383160906360056E-5
,-2.2606502038819947E-5
,-2.11426549284786E-5
,-2.1403303342398754E-5
