system:time_start,evaporation_from_vegetation_transpiration
,-1.179381231817149E-5
,-1.0274513355184981E-5
,-1.1380661868122846E-5
,-1.0990123549339718E-5
,-1.1643224915966418E-5
,-1.120989658136565E-5
,-1.139686792715718E-5
,-1.1560169093643192E-5
,-1.1602408140868526E-5
,-1.1982991970374769E-5
,-1.145027616803925E-5
,-1.0912857758021891E-5
,-1.2080177732828076E-5
,-1.0682503053231843E-5
,-1.1747623699507935E-5
,-1.1387105405954464E-5
,-1.1575720341861698E-5
,-1.1524409936131151E-5
,-1.2111684866882782E-5
,-1.2371752060846052E-5
,-1.1517227487764425E-5
,-1.133759889480605E-5
,-1.1007809354985362E-5
,-1.1554923699015942E-5
,-1.1532540965907799E-5
,-1.262994385390176E-5
,-1.2878516967986539E-5
,-1.2533039382811196E-5
,-1.1820669303488407E-5
,-1.2552345887719843E-5
,-1.2395331724498952E-5
,-1.1811343552845897E-5
,-1.1263999194180367E-5
,-1.1357203576981864E-5
