system:time_start,evaporation_from_vegetation_transpiration
,-4.6818284940568154E-5
,-4.331867006971283E-5
,-4.6025720875404014E-5
,-4.451824599265558E-5
,-4.294682537317738E-5
,-4.551859087400403E-5
,-4.687865501936202E-5
,-5.2030571988235274E-5
,-4.675091984789287E-5
,-4.811147333417499E-5
,-5.006358647684416E-5
,-4.4396953894688566E-5
,-4.2873931388467186E-5
,-4.744730455337328E-5
,-4.623693915549142E-5
,-4.785858035173587E-5
,-4.602304161872363E-5
,-4.606066487450572E-5
,-4.7088643400415974E-5
,-5.210942842356278E-5
,-4.732216362131399E-5
,-4.930305178342744E-5
,-4.7452783775526345E-5
,-4.641320539031677E-5
,-4.9279283032504016E-5
,-5.567648884869675E-5
,-4.7637122144544E-5
,-4.6867830098710476E-5
,-4.756094893162152E-5
,-4.965593248303154E-5
,-5.468099186908001E-5
,-6.006181629837138E-5
,-4.9795341928492654E-5
,-5.0770316020871916E-5
