system:time_start,evaporation_from_vegetation_transpiration
,-4.335044202850057E-5
,-3.605018169504331E-5
,-4.059222295078741E-5
,-3.739904856550061E-5
,-4.3734129092139E-5
,-3.980631410991145E-5
,-3.94385245680764E-5
,-4.166474517915031E-5
,-3.7206103827230893E-5
,-3.93474177065212E-5
,-4.030744306325548E-5
,-3.806675252251698E-5
,-4.096016523921791E-5
,-3.938040281423884E-5
,-4.0772755218089836E-5
,-3.6848383658056154E-5
,-3.964482760765628E-5
,-4.034254840960032E-5
,-4.0424721223644234E-5
,-3.904653165629703E-5
,-3.915324188784981E-5
,-4.179340382016139E-5
,-3.5735523658241345E-5
,-3.8324545947657905E-5
,-4.007948620655662E-5
,-4.1139725024220965E-5
,-4.5700512075080106E-5
,-4.375657108518768E-5
,-3.978713010989677E-5
,-4.5723426873186534E-5
,-4.323039873917014E-5
,-4.273667394528446E-5
,-3.8952251521225955E-5
,-4.072358243469213E-5
