system:time_start,evaporation_from_vegetation_transpiration
,-8.155700938745954E-5
,-7.985571506584099E-5
,-8.815108554295471E-5
,-8.636715480221298E-5
,-8.465033574288503E-5
,-8.39554702704643E-5
,-9.033935088222347E-5
,-1.0216998351906012E-4
,-8.405196590670298E-5
,-8.429036939492949E-5
,-8.279113346900514E-5
,-7.907571805979523E-5
,-7.544430432231079E-5
,-8.513693824675608E-5
,-8.416539276367986E-5
,-7.650154765104633E-5
,-7.726258620634865E-5
,-9.868251537328534E-5
,-9.224496413177499E-5
,-8.646181406759381E-5
,-8.641305100388342E-5
,-8.709125924926614E-5
,-8.868069865760239E-5
,-8.373830173190476E-5
,-9.060707749018481E-5
,-9.438630170027156E-5
,-1.0448345966762172E-4
,-8.651560535697542E-5
,-8.468328080737222E-5
,-9.251519488181523E-5
,-8.707990531951914E-5
,-1.064031741946194E-4
,-8.242780630233163E-5
,-7.400834894926648E-5
