system:time_start,evaporation_from_vegetation_transpiration
,-9.506926724295934E-5
,-9.530315457509242E-5
,-9.507031730512003E-5
,-9.52557322653731E-5
,-1.0165635855613916E-4
,-9.633309656194235E-5
,-9.545907986258887E-5
,-9.975086026864278E-5
,-9.639903450916458E-5
,-9.87921907041695E-5
,-9.063707285161991E-5
,-9.375385887699574E-5
,-9.904586794806482E-5
,-9.14957304086697E-5
,-1.0126655862612615E-4
,-9.676985996881581E-5
,-9.69755660301575E-5
,-1.074841541897816E-4
,-1.0837349170273342E-4
,-1.079547139144981E-4
,-9.445181153534491E-5
,-9.622814553632263E-5
,-9.796561604912674E-5
,-9.756901747298091E-5
,-1.0754928527083913E-4
,-1.0754426448473832E-4
,-1.0056993754020254E-4
,-1.0577502555298408E-4
,-1.0254211569161503E-4
,-1.1021653910343987E-4
,-1.1655712798875312E-4
,-1.0617705492410412E-4
,-1.0053160960004399E-4
,-9.860856155841797E-5
