system:time_start,evaporation_from_vegetation_transpiration
,-3.352496609089562E-4
,-3.299328450081686E-4
,-3.658310942222407E-4
,-3.4081102823174143E-4
,-3.5162049259824987E-4
,-3.394185605544213E-4
,-3.638230123358183E-4
,-3.9410973792810015E-4
,-3.497049011977949E-4
,-3.501035453898667E-4
,-3.5037478580232564E-4
,-3.289893920165077E-4
,-3.238146517723403E-4
,-3.2873282163918647E-4
,-3.631719759050039E-4
,-3.1962374696548686E-4
,-3.267303761717154E-4
,-4.1952292015611295E-4
,-3.7527845143475985E-4
,-3.7204802046398526E-4
,-3.537664781460932E-4
,-3.891433193558847E-4
,-3.653941622594959E-4
,-3.6535652314730825E-4
,-3.621309898913041E-4
,-3.9420469778942444E-4
,-4.135125562346008E-4
,-3.5755771097466097E-4
,-3.383525125047195E-4
,-3.9036798775468807E-4
,-3.5472780703303393E-4
,-4.3825641269967656E-4
,-3.4236917744918564E-4
,-3.036185595684292E-4
