system:time_start,evaporation_from_vegetation_transpiration
,-2.654287746703499E-6
,-2.585001709804605E-6
,-2.4139180275224463E-6
,-2.553893309194093E-6
,-2.500113389916703E-6
,-2.520686883283461E-6
,-2.62591563212876E-6
,-2.5911078234666014E-6
,-2.7693095254075025E-6
,-2.631924316627403E-6
,-2.5491330869767974E-6
,-2.4532319989100275E-6
,-2.548274312128152E-6
,-2.6734643365652955E-6
,-2.7017652840927674E-6
,-2.7899800680683417E-6
,-2.7057585648581736E-6
,-2.5844037152118944E-6
,-2.694312964863402E-6
,-2.6576004259196672E-6
,-2.6545060254319244E-6
,-2.8002130595969976E-6
,-2.761687689515047E-6
,-2.7155678122127654E-6
,-2.7111916962719284E-6
,-2.713574638137179E-6
,-2.8017959675525343E-6
,-2.7525711410850035E-6
,-2.841186416852026E-6
,-2.7399061534186282E-6
,-2.8906086876793913E-6
,-2.7975869721762954E-6
,-2.8320596996137507E-6
,-2.760353749342091E-6
