system:time_start,evaporation_from_vegetation_transpiration
,-2.0881010035130507E-6
,-2.2529663207630315E-6
,-2.1223731891950592E-6
,-2.3100559095231197E-6
,-2.1839132386958227E-6
,-2.177642575891999E-6
,-2.213149855379015E-6
,-2.349503726388017E-6
,-2.340198382929278E-6
,-2.317957599492123E-6
,-2.0855786715401337E-6
,-2.149148106885453E-6
,-2.3393440642394125E-6
,-2.2179125759672993E-6
,-2.2550593712367117E-6
,-2.4045705989313624E-6
,-2.0805267316366858E-6
,-2.3239311606933675E-6
,-2.355171697369466E-6
,-2.4078872229438275E-6
,-2.171162122976966E-6
,-2.226167756210392E-6
,-2.1661877932880693E-6
,-2.115005069451096E-6
,-2.3365349382705367E-6
,-2.522701227765841E-6
,-2.0370880520204082E-6
,-2.5224677907923856E-6
,-2.534557400698153E-6
,-2.283651459341248E-6
,-2.7730172102261954E-6
,-2.3960407512883344E-6
,-2.389127985225059E-6
,-2.3537722881883383E-6
