system:time_start,evaporation_from_vegetation_transpiration
,-7.2077904071256E-5
,-6.981282578101711E-5
,-7.004344865948602E-5
,-6.778493716245357E-5
,-7.122074154162091E-5
,-6.922489024052558E-5
,-6.829269860892519E-5
,-6.993790585290186E-5
,-7.119188825231208E-5
,-7.198242904287426E-5
,-6.789046541627979E-5
,-6.755365095934091E-5
,-7.130254842604387E-5
,-6.602216820857608E-5
,-7.426357465079391E-5
,-7.133779577441087E-5
,-7.083928385528782E-5
,-7.711626837295014E-5
,-7.896908128929986E-5
,-8.169847340950541E-5
,-6.991993634775005E-5
,-6.97725325783819E-5
,-7.016723837314527E-5
,-7.202052481166066E-5
,-7.634831792160539E-5
,-8.053958037028384E-5
,-7.5546549331732E-5
,-7.527605765045593E-5
,-7.572084709980427E-5
,-7.536764860726748E-5
,-8.153639890240389E-5
,-7.412273045238656E-5
,-7.270914303557111E-5
,-7.099774961906686E-5
