system:time_start,evaporation_from_vegetation_transpiration
,-1.7101415256480255E-4
,-1.7134079152364626E-4
,-1.7209924805717524E-4
,-1.7116748245758507E-4
,-1.8114699822844058E-4
,-1.6690048438182137E-4
,-1.7305311518645827E-4
,-1.8276115393005225E-4
,-1.7661421346322945E-4
,-1.721672271944246E-4
,-1.6390279294379675E-4
,-1.6453493346354526E-4
,-1.8022409568840413E-4
,-1.6437279292505182E-4
,-1.7456019641368012E-4
,-1.8064500128039745E-4
,-1.688809051201032E-4
,-1.9209958089858349E-4
,-1.872204388578043E-4
,-1.9106106554789694E-4
,-1.7265684827752584E-4
,-1.6586545684226116E-4
,-1.7591837045242924E-4
,-1.666357015724147E-4
,-1.8713033858619855E-4
,-2.0553204295639362E-4
,-1.6496894642370062E-4
,-1.8900416681491255E-4
,-1.7793684586380284E-4
,-1.8169984037673138E-4
,-2.1015039938329546E-4
,-1.964089625053694E-4
,-1.810796093195677E-4
,-1.8236790162552132E-4
