system:time_start,evaporation_from_vegetation_transpiration
,-9.170863013719285E-6
,-8.164455395923526E-6
,-8.46896952820745E-6
,-8.886841985769004E-6
,-8.784545526595606E-6
,-8.946787535777975E-6
,-9.465944739479791E-6
,-9.016236092760872E-6
,-8.710709374920443E-6
,-8.990736375373556E-6
,-8.840443928701411E-6
,-9.630610662956375E-6
,-8.072597081739857E-6
,-9.343138228315384E-6
,-8.919431768926582E-6
,-8.963946402957854E-6
,-8.71590306290058E-6
,-9.015876642708494E-6
,-8.712414773611723E-6
,-9.022090088683029E-6
,-8.720541057012203E-6
,-9.211081298299104E-6
,-1.0162832868963146E-5
,-9.341241835736731E-6
,-9.564007345536853E-6
,-9.305981583883836E-6
,-9.195665895491194E-6
,-8.7394904752491E-6
,-9.009165104196553E-6
,-8.741324415858231E-6
,-8.543191971120093E-6
,-8.951255520928756E-6
,-8.91019847519446E-6
,-9.528531225486205E-6
