system:time_start,evaporation_from_vegetation_transpiration
,-2.2089054255047813E-5
,-2.022851367655676E-5
,-2.0775142426524933E-5
,-2.2005843372123007E-5
,-2.156275028634506E-5
,-2.1955323973088525E-5
,-2.3238373008401442E-5
,-2.203185916490232E-5
,-2.137632933833326E-5
,-2.1834889291009556E-5
,-2.204946455700944E-5
,-2.371200025663711E-5
,-1.9626257198979147E-5
,-2.2900784339678164E-5
,-2.21255710736538E-5
,-2.190090223545364E-5
,-2.1818232198711485E-5
,-2.2159733513641793E-5
,-2.1658255718648434E-5
,-2.2495152734336443E-5
,-2.1423447227183107E-5
,-2.272558594995644E-5
,-2.51162540128765E-5
,-2.2884445570525713E-5
,-2.347064340331902E-5
,-2.2958153446476597E-5
,-2.2415736869637232E-5
,-2.1536422233718138E-5
,-2.2288006827390443E-5
,-2.1697504659338545E-5
,-2.070860682579223E-5
,-2.1986546319870588E-5
,-2.1687082456386026E-5
,-2.353639320062939E-5
