system:time_start,evaporation_from_vegetation_transpiration
,-9.391110828952756E-5
,-9.104292485062616E-5
,-1.0649378591172838E-4
,-8.541156585314032E-5
,-1.0603904091984383E-4
,-9.179381034603769E-5
,-9.559274241155437E-5
,-1.0664578447479775E-4
,-9.269558114510801E-5
,-9.50021071446372E-5
,-1.111158283511789E-4
,-8.928697779235033E-5
,-9.756157560521692E-5
,-9.003156560538626E-5
,-1.0619177904421424E-4
,-9.02816955867062E-5
,-1.0408689009485292E-4
,-1.0378191117865754E-4
,-1.1056934181397082E-4
,-9.733604172386855E-5
,-9.683125755562591E-5
,-1.1345971986050547E-4
,-8.745351281428762E-5
,-8.956036402688976E-5
,-9.831231013398188E-5
,-9.942784295920622E-5
,-1.0674777008527295E-4
,-1.0275290104762763E-4
,-9.34633668900157E-5
,-1.0407673854236539E-4
,-9.022480913737733E-5
,-1.1763534406365275E-4
,-1.0415979476382138E-4
,-9.398610752479424E-5
