system:time_start,evaporation_from_vegetation_transpiration
,-0.001512067452677002
,-0.0014011862535918832
,-0.0013688109628181642
,-0.001341654075573236
,-0.0014063416296797489
,-0.001423259992733013
,-0.0014526551497510809
,-0.00147987943513499
,-0.0014425942506780605
,-0.0015050028954685028
,-0.0013375573573322678
,-0.0014675803362441304
,-0.0013796335180093894
,-0.0014718142466070582
,-0.0014125483583901162
,-0.0014873324297695945
,-0.001427883842166011
,-0.0014238645509559926
,-0.0014563305695219242
,-0.0015808151599458144
,-0.0015120050752443605
,-0.0014024089350565799
,-0.001600334110090292
,-0.0014752684299461788
,-0.0014818177100702694
,-0.001498139860761209
,-0.0015044232114291844
,-0.0014505182308501693
,-0.001439888744558478
,-0.001451435673523823
,-0.001409512861979086
,-0.0015439575619211612
,-0.001450422669283095
,-0.0014751252932417931
