system:time_start,evaporation_from_vegetation_transpiration
,-3.3052377484361363E-5
,-2.863150417176781E-5
,-3.213432773367403E-5
,-2.960746577159487E-5
,-3.231222151291811E-5
,-3.0954479833863766E-5
,-3.283325339990287E-5
,-3.210157041339147E-5
,-2.9918419254086493E-5
,-3.193498513693075E-5
,-2.9823061270166582E-5
,-2.9932819322284277E-5
,-3.2640465393673034E-5
,-2.7882994618266825E-5
,-3.384906891424731E-5
,-3.027833562086788E-5
,-2.9567718879799496E-5
,-3.148773956292478E-5
,-3.277404993599648E-5
,-3.494803790862065E-5
,-2.936160794475158E-5
,-3.060656941449975E-5
,-2.9086727579741626E-5
,-3.100191811840473E-5
,-3.1331280335893315E-5
,-3.445877701971878E-5
,-3.5159563875905326E-5
,-3.3061610917105675E-5
,-3.0383119277151612E-5
,-3.4841406192175456E-5
,-3.2852950398316324E-5
,-3.3097801331843415E-5
,-3.041146206449026E-5
,-3.174539222417287E-5
