system:time_start,evaporation_from_vegetation_transpiration
,-5.989209785184357E-5
,-4.9638561806635265E-5
,-5.67821854968325E-5
,-5.5965445934943794E-5
,-5.494803647912527E-5
,-5.176528284992142E-5
,-6.306471008702898E-5
,-7.128685861697637E-5
,-5.8741826065396654E-5
,-6.394433127156013E-5
,-5.9857830829744385E-5
,-5.563376759309121E-5
,-4.889536381030069E-5
,-5.355019511039099E-5
,-5.195239094562918E-5
,-5.0488765766438577E-5
,-5.1213094701124254E-5
,-5.435996103852798E-5
,-5.659853467409204E-5
,-5.729978270650345E-5
,-5.390778611027962E-5
,-5.7887689430943836E-5
,-5.682518902724178E-5
,-5.3097287227208126E-5
,-5.9689809624556346E-5
,-6.277414323322059E-5
,-5.8416516768247874E-5
,-5.8413942565738416E-5
,-4.989493457395183E-5
,-5.641890598898528E-5
,-5.4650736274197704E-5
,-6.994794753692437E-5
,-5.0007932562342226E-5
,-5.119802797277663E-5
