system:time_start,evaporation_from_vegetation_transpiration
,-5.478202478194381E-4
,-5.27953579475379E-4
,-6.345096063312431E-4
,-5.492941717743486E-4
,-5.835434395394455E-4
,-5.507996169379562E-4
,-6.04805999960605E-4
,-6.279226599578959E-4
,-5.842514504179869E-4
,-5.47369757725235E-4
,-6.121771711962059E-4
,-5.49785449781852E-4
,-5.18670549637889E-4
,-5.130205638652701E-4
,-6.165311391062763E-4
,-4.881579324837632E-4
,-5.442479085065305E-4
,-6.73983155979596E-4
,-6.239947783943799E-4
,-6.241593742469308E-4
,-5.599730970628713E-4
,-6.452442220633916E-4
,-5.80584063794059E-4
,-6.14014082476456E-4
,-6.214380739566553E-4
,-6.095881526757743E-4
,-6.948344288532334E-4
,-5.970963057509551E-4
,-5.253398323905565E-4
,-6.518615558673846E-4
,-5.638784039997174E-4
,-7.276323864570385E-4
,-5.808799375494521E-4
,-5.021812035646621E-4
