system:time_start,evaporation_from_vegetation_transpiration
,-1.2899692366331829E-4
,-1.2478172515090934E-4
,-1.4497554426876985E-4
,-1.1551106248901703E-4
,-1.4523470276294072E-4
,-1.2472069814828851E-4
,-1.2841472564123436E-4
,-1.442642992928582E-4
,-1.2513116824707006E-4
,-1.291912268619982E-4
,-1.5085961117298637E-4
,-1.1994146923899104E-4
,-1.316561455027885E-4
,-1.2181389810752026E-4
,-1.453796383687248E-4
,-1.237679165330859E-4
,-1.4294343168560342E-4
,-1.405235336940016E-4
,-1.5119332181142217E-4
,-1.326746289601263E-4
,-1.3090817882391894E-4
,-1.5468048230913057E-4
,-1.1799342510957189E-4
,-1.2100782678868255E-4
,-1.320185708365641E-4
,-1.3511953823976312E-4
,-1.4433690361182367E-4
,-1.3952367101070434E-4
,-1.2709135809946205E-4
,-1.4186332761039584E-4
,-1.218960246706506E-4
,-1.6040421926138355E-4
,-1.415192400048854E-4
,-1.2866370584239546E-4
