system:time_start,evaporation_from_vegetation_transpiration
,-2.6295612859070846E-4
,-2.483152964978613E-4
,-2.637532463782371E-4
,-2.3911494199282209E-4
,-2.650951952429354E-4
,-2.52155812459647E-4
,-2.556431172885993E-4
,-2.646521778558907E-4
,-2.703882184357323E-4
,-2.3711573072080546E-4
,-2.7918275938274326E-4
,-2.573083919800391E-4
,-2.715965290069508E-4
,-2.6473268367226767E-4
,-2.6872962399715846E-4
,-2.4000145138590985E-4
,-2.808014524609502E-4
,-2.5993119588846927E-4
,-2.8603223692512527E-4
,-2.509525503184918E-4
,-2.68162160161287E-4
,-2.778373371697505E-4
,-2.391311524410914E-4
,-2.548926673976225E-4
,-2.54078622397955E-4
,-2.550590928492613E-4
,-2.77869668833628E-4
,-2.6855393258494415E-4
,-2.482158231665382E-4
,-2.909657257359737E-4
,-2.4579946414390847E-4
,-2.7395549078137457E-4
,-2.7044571949907324E-4
,-2.587633740700678E-4
