system:time_start,evaporation_from_vegetation_transpiration
,-1.9271221103018004E-5
,-1.6418948721445958E-5
,-1.8937580024245554E-5
,-1.664684455854034E-5
,-1.9584622398389525E-5
,-1.7839551283191612E-5
,-1.854257072664679E-5
,-1.9560169117507862E-5
,-1.7675371278177442E-5
,-1.7594922738090534E-5
,-1.9123926968109517E-5
,-1.749771694959603E-5
,-1.953020710699779E-5
,-1.8008106595963204E-5
,-1.8867329297216588E-5
,-1.7582199768839287E-5
,-1.8654964135254104E-5
,-1.8624659851571268E-5
,-1.9593731689893868E-5
,-1.8748694058383094E-5
,-1.785973842759216E-5
,-1.9607034438083418E-5
,-1.688851193249687E-5
,-1.7751319447007407E-5
,-1.8377945946811354E-5
,-1.908927815588469E-5
,-2.0382539667863104E-5
,-2.0404064391761112E-5
,-1.791975740305038E-5
,-2.0913852351536903E-5
,-1.858213797452647E-5
,-1.9585694884115485E-5
,-1.855454832509981E-5
,-1.869465786672152E-5
