system:time_start,evaporation_from_vegetation_transpiration
,-1.7481317287361986E-4
,-1.577440933218114E-4
,-1.7310137542058012E-4
,-1.6182191421754366E-4
,-1.8458118770095497E-4
,-1.6768684742417118E-4
,-1.7295581953447403E-4
,-1.7144181372024522E-4
,-1.6097300421180922E-4
,-1.6373615504071168E-4
,-1.6935308788058805E-4
,-1.5938518703214192E-4
,-1.7289560665218625E-4
,-1.7464082243261064E-4
,-1.8062239906753704E-4
,-1.5973337299733927E-4
,-1.7023121437112154E-4
,-1.6643741284722656E-4
,-1.7404851498524734E-4
,-1.683102448220107E-4
,-1.6893697705323957E-4
,-1.7509903792826013E-4
,-1.5393645975313514E-4
,-1.6884814995814942E-4
,-1.6347723116555716E-4
,-1.7292769065944404E-4
,-1.8496584376866075E-4
,-1.7537481440101871E-4
,-1.6584154011383486E-4
,-1.977539601356746E-4
,-1.744995399578268E-4
,-1.720555429343245E-4
,-1.658304263961271E-4
,-1.731306124541323E-4
