system:time_start,evaporation_from_vegetation_transpiration
,-3.6989324880893564E-5
,-3.3624420921651757E-5
,-3.814955269700487E-5
,-3.5015925718864367E-5
,-3.782682260056321E-5
,-3.7824947729042165E-5
,-4.1116417320798846E-5
,-4.43532555076104E-5
,-3.762473121234108E-5
,-3.854749621699401E-5
,-3.88089364248658E-5
,-3.738393086232962E-5
,-3.536560040556498E-5
,-3.7951247232061324E-5
,-3.833653866764078E-5
,-3.701222275698386E-5
,-3.683558013572609E-5
,-3.735215382355527E-5
,-4.05841444957071E-5
,-4.009487373137429E-5
,-3.825600321112615E-5
,-3.9315971677640515E-5
,-3.879492569352276E-5
,-3.840982662566656E-5
,-4.1669048282970135E-5
,-4.132237050027532E-5
,-4.2800544347896E-5
,-3.8365389405293414E-5
,-3.7984005680856916E-5
,-3.8454067656136195E-5
,-3.933812510353594E-5
,-4.6261724691620904E-5
,-4.0168672925198276E-5
,-3.7559650641954936E-5
