system:time_start,evaporation_from_vegetation_transpiration
,-3.045259290956892E-6
,-2.818129966423536E-6
,-2.6951662827438363E-6
,-2.542275372737398E-6
,-2.8200308103502416E-6
,-2.857498354084479E-6
,-2.886171690382374E-6
,-2.946893800981343E-6
,-3.2944408303592354E-6
,-3.2471543818246573E-6
,-2.907953482160034E-6
,-2.9235604112424576E-6
,-3.007826914351123E-6
,-3.206161030296547E-6
,-2.972466366675993E-6
,-3.261189097732616E-6
,-2.769616912701167E-6
,-2.9816122453970215E-6
,-3.0957283646178744E-6
,-3.2532601229225597E-6
,-2.9968117208530507E-6
,-3.0939221081401533E-6
,-3.257725741908265E-6
,-3.193539669155143E-6
,-3.1051567930262536E-6
,-3.0541535428104303E-6
,-3.2082777276324728E-6
,-3.0333837154709422E-6
,-3.1897622344937795E-6
,-3.106260919594206E-6
,-3.063390977331437E-6
,-3.4635741030797362E-6
,-3.0228208440045514E-6
,-3.0651081033283845E-6
