system:time_start,evaporation_from_vegetation_transpiration
,-2.7530402412675103E-4
,-2.490436222448101E-4
,-2.8223378054930966E-4
,-2.726994644565836E-4
,-2.522076290740508E-4
,-2.6949381666717295E-4
,-3.073059223907924E-4
,-3.0322772011162917E-4
,-2.7453804463652E-4
,-2.737819835214527E-4
,-2.8414025217332617E-4
,-2.4898800096320104E-4
,-2.4172292038001134E-4
,-2.5717658689300915E-4
,-2.7972556961937064E-4
,-2.446724359279986E-4
,-2.574344506832402E-4
,-3.049662850635022E-4
,-2.7914581854092695E-4
,-2.7523021956309856E-4
,-2.6676206348055337E-4
,-2.865196029083777E-4
,-2.8428437465298186E-4
,-2.6426286435436995E-4
,-2.7760874303145216E-4
,-3.184724249743321E-4
,-2.944508786455067E-4
,-2.6367824989306375E-4
,-2.4390348806607742E-4
,-2.9957122914044907E-4
,-2.8060245564392165E-4
,-3.215719768200947E-4
,-2.520692568809869E-4
,-2.4061635426370016E-4
