system:time_start,evaporation_from_vegetation_transpiration
,-1.3822028752959644E-5
,-1.0893572834902443E-5
,-1.146675579851338E-5
,-1.0430749171064235E-5
,-1.1798080474060649E-5
,-1.239209207900179E-5
,-1.1937847981850306E-5
,-1.2848490465936871E-5
,-1.2622737510052199E-5
,-1.2748884425188104E-5
,-1.0577902988491891E-5
,-1.365540750460544E-5
,-1.1767676672510182E-5
,-1.2877772557355152E-5
,-1.261893703485839E-5
,-1.2844529919675551E-5
,-1.1565378978654431E-5
,-1.2256070476723835E-5
,-1.2649559721467085E-5
,-1.4381374664177807E-5
,-1.2654218153329566E-5
,-1.2340383667227192E-5
,-1.4134362572804093E-5
,-1.2832560363070419E-5
,-1.272703411814291E-5
,-1.2415621313266456E-5
,-1.3562283129431307E-5
,-1.1607514049198167E-5
,-1.1765010034044584E-5
,-1.2232790444007454E-5
,-1.2169322265738932E-5
,-1.3658517370155701E-5
,-1.227745512248172E-5
,-1.2357298449690765E-5
