system:time_start,evaporation_from_vegetation_transpiration
,-3.708165253155423E-6
,-3.738024385562456E-6
,-3.2731463633133046E-6
,-3.3980797042137557E-6
,-3.3457736259603894E-6
,-3.5298337312619137E-6
,-3.389694368598935E-6
,-3.4533448466020874E-6
,-4.060582200175093E-6
,-3.6776239380614027E-6
,-3.5183522907002845E-6
,-3.3531367717446277E-6
,-3.770653057796091E-6
,-3.7543381307646372E-6
,-3.98763439459871E-6
,-4.1869049509533416E-6
,-3.6870671650276404E-6
,-3.713665825727864E-6
,-4.056085144530714E-6
,-4.017586685982822E-6
,-3.68800185838488E-6
,-4.011695657571972E-6
,-4.058712443496669E-6
,-3.8117076383573452E-6
,-4.058641677615128E-6
,-4.036798101858405E-6
,-3.878914631161928E-6
,-3.8718036980214295E-6
,-4.159965049896368E-6
,-3.7662404464224967E-6
,-4.2710743076957255E-6
,-4.155711440805551E-6
,-3.9180239207390176E-6
,-4.157962866678655E-6
