system:time_start,evaporation_from_vegetation_transpiration
,-0.001064154551242705
,-0.0010327215855604184
,-0.0013554401113268749
,-9.891094676660079E-4
,-0.001289929555417059
,-0.0010825642367356188
,-0.001194217992490035
,-0.001285266308466242
,-0.0011597865116830994
,-0.0011355051731362963
,-0.0013459054059415379
,-0.0011321291674807742
,-0.0011869524780769624
,-0.0010581596957388428
,-0.0012745272205504814
,-0.0010311012259383765
,-0.001202397087150817
,-0.0012676541606324782
,-0.0013063352443599512
,-0.0012278082227056618
,-0.0011278399812446175
,-0.001380283996536092
,-0.0010419786684220174
,-0.0011090916357620459
,-0.001237644503513972
,-0.0011710077526419027
,-0.0012594042161110433
,-0.0012625702766902243
,-0.0010938125407145044
,-0.001278266737101244
,-0.0010689829555702635
,-0.0014306520263568942
,-0.0012406123875272194
,-0.0010723538431959335
