system:time_start,evaporation_from_vegetation_transpiration
,-1.813057375935993E-5
,-1.792596898061068E-5
,-2.011937613133341E-5
,-1.8660231338193018E-5
,-1.9298066642174188E-5
,-1.9601961563845787E-5
,-2.1653002477250993E-5
,-2.2469084190864425E-5
,-1.9540337234502658E-5
,-1.8742963220574893E-5
,-2.1263501669939917E-5
,-1.9111896108370274E-5
,-1.913861524371896E-5
,-1.9884731955244206E-5
,-1.9500095731928013E-5
,-1.9455121825255144E-5
,-1.942014023370575E-5
,-2.0077729156279627E-5
,-2.1574357864058886E-5
,-1.9752979521096375E-5
,-1.9979024121615414E-5
,-2.047985920701952E-5
,-1.885762624927641E-5
,-2.012005703970014E-5
,-1.98970398438784E-5
,-1.9332162992213853E-5
,-2.328454077845284E-5
,-2.1682181492603075E-5
,-1.982063501297186E-5
,-2.1193785869400017E-5
,-1.9614779982172575E-5
,-2.3608655586334255E-5
,-2.0510246637665357E-5
,-1.9379488852185506E-5
