system:time_start,evaporation_from_vegetation_transpiration
,-2.64195556762085E-5
,-2.5517289638325263E-5
,-2.793140871896564E-5
,-2.4482139148555387E-5
,-2.775054963422008E-5
,-2.5053505548081983E-5
,-2.624083572300151E-5
,-2.69838977449884E-5
,-2.4131749038739752E-5
,-2.6476273584800463E-5
,-3.0512885738668654E-5
,-2.5143972379737534E-5
,-2.656887105937737E-5
,-2.589210877583052E-5
,-2.8682872653007507E-5
,-2.5939677167722646E-5
,-3.021439200286598E-5
,-2.8176556346200716E-5
,-2.9604151980796207E-5
,-2.5283015323414777E-5
,-2.712215245992411E-5
,-2.9084815954168636E-5
,-2.2949427147977985E-5
,-2.5500095337823343E-5
,-2.6811971717203658E-5
,-2.8808235583710484E-5
,-3.120013146447794E-5
,-2.8900075752365712E-5
,-2.6445855837664567E-5
,-2.8048981524383027E-5
,-2.5458261006860994E-5
,-3.18658191342062E-5
,-2.6957181641288724E-5
,-2.7090869480161928E-5
