system:time_start,evaporation_from_vegetation_transpiration
,-1.952145976247266E-5
,-1.647701295344935E-5
,-1.8315012615251664E-5
,-1.691676819367179E-5
,-1.8841160757195514E-5
,-1.8588714131813806E-5
,-1.822019476094283E-5
,-1.8635148686977725E-5
,-1.7325741282547824E-5
,-1.852152430122563E-5
,-1.7109823602368124E-5
,-1.681924368313048E-5
,-1.874531153589487E-5
,-1.7853197884202625E-5
,-1.7602214332631167E-5
,-1.7155371097032912E-5
,-1.81882187462179E-5
,-1.829745027256043E-5
,-1.814188969243939E-5
,-1.8740770732013818E-5
,-1.8378363165538758E-5
,-1.8388197834913928E-5
,-1.6434905167746667E-5
,-1.764116253373989E-5
,-1.8630373839793417E-5
,-1.8353911703646492E-5
,-2.064892032649368E-5
,-1.9409289355583798E-5
,-1.8400094025613118E-5
,-2.0829879455656435E-5
,-1.9862567569362E-5
,-1.9303416896339815E-5
,-1.7815119160028797E-5
,-1.798946262473085E-5
