system:time_start,evaporation_from_vegetation_transpiration
,-1.9632237572807322E-4
,-2.0277067112097578E-4
,-1.9335609798278966E-4
,-1.8976446800157836E-4
,-2.1060417068160644E-4
,-1.8189949623893128E-4
,-2.1475913069866196E-4
,-1.9646209895095488E-4
,-1.921910068797152E-4
,-2.1489818918197156E-4
,-1.8019009987043882E-4
,-2.1578079730073858E-4
,-1.8792814571100272E-4
,-2.0440386479386488E-4
,-2.030311240523182E-4
,-2.068032528070021E-4
,-1.8644559538164232E-4
,-1.965669880844846E-4
,-1.9039968540772263E-4
,-1.969757839939832E-4
,-1.882204306947562E-4
,-1.9762388340612943E-4
,-2.175944946467863E-4
,-2.0327198136091458E-4
,-2.0220444207605503E-4
,-2.102412440528479E-4
,-1.9084500940070765E-4
,-1.9515149850680787E-4
,-2.045465416064987E-4
,-1.8842625836798868E-4
,-1.8044827314464334E-4
,-1.9395274675789156E-4
,-1.9594399973479835E-4
,-2.0408156463213762E-4
