system:time_start,evaporation_from_vegetation_transpiration
,-3.955346164730145E-5
,-4.1045061031278844E-5
,-3.905536171563047E-5
,-3.851302432546315E-5
,-4.0928280335113716E-5
,-3.966318484647975E-5
,-4.254415671312017E-5
,-4.0696943384925054E-5
,-3.9653759449720384E-5
,-4.188674938632175E-5
,-3.8720451084373056E-5
,-4.3411867591203186E-5
,-3.7340200348504976E-5
,-4.3514760485171185E-5
,-4.085576723203606E-5
,-4.025849854466893E-5
,-3.976045481977053E-5
,-4.0977180530414136E-5
,-4.0767215493057546E-5
,-4.315519860635201E-5
,-4.139549552443593E-5
,-4.389506818066972E-5
,-4.470846185237557E-5
,-4.151648669600642E-5
,-4.292472828334818E-5
,-4.328754227268897E-5
,-4.2781877406620573E-5
,-4.2289960341198214E-5
,-4.398178589326563E-5
,-4.0308563499517434E-5
,-4.051775522384559E-5
,-4.218815932593618E-5
,-4.306891387386713E-5
,-4.419450657830263E-5
