system:time_start,evaporation_from_vegetation_transpiration
,-1.7717387906183527E-4
,-1.6369149477668543E-4
,-1.5188319946446427E-4
,-1.6223839744119079E-4
,-1.68247843816971E-4
,-1.6086258024946196E-4
,-1.647235892505705E-4
,-1.6873484033415786E-4
,-1.5610999226585895E-4
,-1.702799385536006E-4
,-1.6427322645995443E-4
,-1.5549167486976026E-4
,-1.578439669932171E-4
,-1.7942088337955891E-4
,-1.6660689611095827E-4
,-1.6069921787220665E-4
,-1.6813377347565012E-4
,-1.6278518777805098E-4
,-1.7003554042579103E-4
,-1.6460215014528026E-4
,-1.7180173548088837E-4
,-1.816086069463078E-4
,-1.7241972477677336E-4
,-1.586051911317554E-4
,-1.738470806837237E-4
,-1.588592598409377E-4
,-1.764690864547447E-4
,-1.832991379539332E-4
,-1.7137942052158908E-4
,-1.7011705259998658E-4
,-1.6435145353928723E-4
,-1.7444347777958077E-4
,-1.653443605391658E-4
,-1.7606570334767943E-4
