system:time_start,evaporation_from_vegetation_transpiration
,-6.269079900097528E-5
,-5.745317065973945E-5
,-6.145971061063424E-5
,-5.541590208099878E-5
,-6.123696591218999E-5
,-5.5899922013499276E-5
,-5.5299274256532564E-5
,-5.790992327092681E-5
,-5.430878672198384E-5
,-5.718495358770157E-5
,-6.552562470524368E-5
,-5.7774809440097515E-5
,-6.0069988250146264E-5
,-5.841100398372458E-5
,-6.236827689383319E-5
,-5.562784673728809E-5
,-6.540730799698442E-5
,-6.115603323371288E-5
,-6.623940929497812E-5
,-5.603234680357242E-5
,-5.9325289967410636E-5
,-6.403442705305408E-5
,-5.104394563603452E-5
,-5.741252266090126E-5
,-5.673230416983929E-5
,-5.913036115918913E-5
,-6.424024516155968E-5
,-6.388152526102331E-5
,-5.458523315738013E-5
,-6.600396099792418E-5
,-5.502589760509548E-5
,-6.770853759550384E-5
,-6.171683988915837E-5
,-5.9744407815487003E-5
