system:time_start,evaporation_from_vegetation_transpiration
,-9.394409149466137E-6
,-9.031545182410012E-6
,-9.77704441464507E-6
,-8.419580256745914E-6
,-9.800594224864214E-6
,-9.203074670504787E-6
,-9.986869802034616E-6
,-1.0520049877839142E-5
,-8.977169617443797E-6
,-9.00999014489174E-6
,-1.0003039204516633E-5
,-9.13277317282528E-6
,-1.021169179739772E-5
,-9.242187444352638E-6
,-1.0003698651425648E-5
,-9.288393343388151E-6
,-9.592927170910969E-6
,-9.308545002228038E-6
,-1.0611141447294157E-5
,-9.498554921023071E-6
,-9.284042900892162E-6
,-1.003780885544696E-5
,-8.928047891480656E-6
,-8.844186154954086E-6
,-1.0251788029458923E-5
,-9.59359457862493E-6
,-1.0655961468335903E-5
,-1.0377538256593968E-5
,-9.223488473198855E-6
,-1.0503040250563576E-5
,-9.231213568522744E-6
,-1.008741554928518E-5
,-1.0123659471497697E-5
,-9.988796007122936E-6
