system:time_start,evaporation_from_vegetation_transpiration
,-4.061568786114214E-5
,-3.708640550975858E-5
,-3.530118662078331E-5
,-3.8256222639682746E-5
,-3.6964615988877264E-5
,-3.920868567357466E-5
,-3.9385330005720555E-5
,-3.868815915435119E-5
,-3.7174322889028584E-5
,-3.857722471479331E-5
,-3.659978212690373E-5
,-3.991156581884294E-5
,-3.6322391453188565E-5
,-4.031631535819882E-5
,-3.720773610064107E-5
,-4.0276943260621634E-5
,-4.004813214164822E-5
,-3.4215185182622244E-5
,-3.7750019346584836E-5
,-3.98382683253997E-5
,-3.9728749994784427E-5
,-3.925838898352707E-5
,-4.095600685351371E-5
,-3.949609036696482E-5
,-3.842537307461965E-5
,-4.0101122077703104E-5
,-4.148308628720184E-5
,-4.048543514778882E-5
,-3.8776190873034205E-5
,-3.79553035641218E-5
,-3.740552561938049E-5
,-4.121797012315147E-5
,-3.9304399786097404E-5
,-4.08948203045638E-5
