system:time_start,evaporation_from_vegetation_transpiration
,-4.842211286942451E-5
,-4.7122610762604805E-5
,-5.516146052516456E-5
,-4.5143199024482094E-5
,-5.498928413829283E-5
,-4.8088660803088454E-5
,-5.079934865102817E-5
,-5.591215412638085E-5
,-4.900935720908103E-5
,-4.9952219544340754E-5
,-5.8125037545746314E-5
,-4.74911815612671E-5
,-5.202573767305832E-5
,-4.7773737697762134E-5
,-5.4877384227989814E-5
,-4.6833437969473036E-5
,-5.3862103349540975E-5
,-5.4716134767695995E-5
,-5.696884620945897E-5
,-5.078672515854565E-5
,-5.11993241915009E-5
,-5.921944800936007E-5
,-4.6091668201655136E-5
,-4.754201222797316E-5
,-5.2439371876346866E-5
,-5.22075728936629E-5
,-5.6236452394961195E-5
,-5.427757230680789E-5
,-4.9097298713861915E-5
,-5.387094540191071E-5
,-4.7863653449122935E-5
,-6.140141601343829E-5
,-5.4179137199146986E-5
,-4.9184080217865006E-5
