system:time_start,evaporation_from_vegetation_transpiration
,-3.177691299545889E-5
,-3.0402159003036406E-5
,-2.9866273204485576E-5
,-3.5321706794396356E-5
,-3.197728256054688E-5
,-3.166278293065261E-5
,-3.285108383958383E-5
,-3.2836731406860054E-5
,-3.145943325459181E-5
,-3.414833918213844E-5
,-3.18276021668377E-5
,-3.1623226580753304E-5
,-3.152645028118665E-5
,-3.289830904880849E-5
,-2.9986163402403083E-5
,-3.208098072112383E-5
,-3.433211410689788E-5
,-2.9008470543582614E-5
,-3.169667676653868E-5
,-3.2023923874173E-5
,-3.3429718920766995E-5
,-3.2718775401008315E-5
,-3.2704689753397055E-5
,-3.39653828026106E-5
,-3.215992001059931E-5
,-3.3212442455502846E-5
,-3.636920155258849E-5
,-3.4870244538372695E-5
,-3.437801872981557E-5
,-3.249658645169499E-5
,-3.327545285477148E-5
,-3.405906924551042E-5
,-3.629363406313738E-5
,-3.489400781594062E-5
