system:time_start,evaporation_from_vegetation_transpiration
,-3.893844140969659E-5
,-3.585714925392471E-5
,-3.837571101216898E-5
,-3.659920972168971E-5
,-3.6159851067798E-5
,-3.7835332179197275E-5
,-3.864280726515855E-5
,-4.2556115976110914E-5
,-3.7966871418458865E-5
,-3.9604915414551774E-5
,-4.0746573955775837E-5
,-3.640429262864368E-5
,-3.5907894664724615E-5
,-3.900295461136967E-5
,-3.882539212309684E-5
,-3.937082828764315E-5
,-3.783013682830362E-5
,-3.872804714214558E-5
,-3.9392279368490945E-5
,-4.26802481879116E-5
,-3.932249096695346E-5
,-4.004464872429171E-5
,-3.9089383090658186E-5
,-3.847671403677968E-5
,-4.0872412752763084E-5
,-4.5190987517484106E-5
,-3.955010215577204E-5
,-3.870350447892307E-5
,-3.9293880511720026E-5
,-4.115677728781848E-5
,-4.43941959159789E-5
,-4.863722893694499E-5
,-4.047034532189942E-5
,-4.154475366074341E-5
