system:time_start,evaporation_from_vegetation_transpiration
,-3.892966109712385E-5
,-3.787456384745585E-5
,-3.9321350502379784E-5
,-3.7829118910950564E-5
,-3.8256383972010445E-5
,-3.797740415241909E-5
,-3.935408403776819E-5
,-3.974687476531674E-5
,-3.598356029973123E-5
,-3.906253558246438E-5
,-4.2167105549298066E-5
,-3.6464558484618064E-5
,-3.843590445740119E-5
,-3.854735395078832E-5
,-4.066258199802381E-5
,-3.6226542116916484E-5
,-3.819925566656618E-5
,-4.191761809124728E-5
,-4.316849555784252E-5
,-3.605632201065924E-5
,-4.094758031038105E-5
,-4.261411215288212E-5
,-3.566788454160512E-5
,-3.8067786742127886E-5
,-3.76421301982393E-5
,-3.839263505748628E-5
,-3.9883472772493806E-5
,-3.726912379736152E-5
,-3.6967683589258136E-5
,-4.132047945404338E-5
,-3.879385529772763E-5
,-4.454567152202395E-5
,-3.978050096975493E-5
,-3.7995743923602276E-5
