system:time_start,evaporation_from_vegetation_transpiration
,-3.2602515905940287E-5
,-3.0044553568586707E-5
,-3.19256323564332E-5
,-2.9331217471432563E-5
,-3.198793031818544E-5
,-2.90004087825461E-5
,-2.8932610803167336E-5
,-2.9837687786008853E-5
,-2.800230079931983E-5
,-3.005217877216637E-5
,-3.393155384401325E-5
,-2.956883751418597E-5
,-3.084318874850093E-5
,-2.996635460779847E-5
,-3.282053209356187E-5
,-2.902347902515127E-5
,-3.481940378454359E-5
,-3.178435205578959E-5
,-3.3946617501593814E-5
,-2.8887460454522323E-5
,-3.073945663345512E-5
,-3.345166987855919E-5
,-2.6590691049932502E-5
,-2.9233731159668725E-5
,-2.9676564129961964E-5
,-3.163782700236576E-5
,-3.3515663744765334E-5
,-3.3330541555187665E-5
,-2.9458940237721738E-5
,-3.38680705074997E-5
,-2.8950871637789533E-5
,-3.5639090128825046E-5
,-3.16825765670122E-5
,-3.1334599043475464E-5
