system:time_start,evaporation_from_vegetation_transpiration
,-4.456678050354683E-4
,-4.130387498575839E-4
,-4.0293875674020493E-4
,-3.9489315996535065E-4
,-4.14156565923241E-4
,-4.1941180429675454E-4
,-4.276558214018772E-4
,-4.3501936017982805E-4
,-4.2524896512726893E-4
,-4.436257399397113E-4
,-3.940573970318101E-4
,-4.324848488313219E-4
,-4.0730298218159795E-4
,-4.342742242067563E-4
,-4.1680092171090003E-4
,-4.3933477702503003E-4
,-4.214229834721504E-4
,-4.198747122693078E-4
,-4.2998259827043745E-4
,-4.6617688918010417E-4
,-4.460409743495845E-4
,-4.141103197345353E-4
,-4.7141076772407226E-4
,-4.35031526331653E-4
,-4.368864788447686E-4
,-4.4212608711873935E-4
,-4.434202491110126E-4
,-4.278699227489553E-4
,-4.256858010627356E-4
,-4.279882260951646E-4
,-4.1612661435566325E-4
,-4.557702927524501E-4
,-4.2728599960572037E-4
,-4.3554390820299023E-4
