system:time_start,evaporation_from_vegetation_transpiration
,-8.821882290124217E-6
,-6.8653600786038775E-6
,-8.008078147409547E-6
,-8.340578888772357E-6
,-7.900002250001611E-6
,-7.547045153806523E-6
,-8.505858917773115E-6
,-9.514712384735307E-6
,-8.156475547259428E-6
,-8.626106564941653E-6
,-8.189716027118266E-6
,-8.200314101379583E-6
,-7.092426113005929E-6
,-8.225691785542841E-6
,-8.0956934456766E-6
,-7.803524246863912E-6
,-7.890590691828288E-6
,-8.041625822478832E-6
,-8.44427127138296E-6
,-9.193180987637664E-6
,-8.588390425988929E-6
,-9.051896906349416E-6
,-8.843087176929282E-6
,-8.995972861799495E-6
,-9.364785535795176E-6
,-9.815807114885983E-6
,-9.533847885762169E-6
,-8.661126373101747E-6
,-7.801910856762653E-6
,-8.032042655138546E-6
,-8.396917413241074E-6
,-1.0533985397498828E-5
,-8.455396620739325E-6
,-8.144269860863192E-6
