system:time_start,evaporation_from_vegetation_transpiration
,-2.165448438624603E-6
,-2.0026190112629497E-6
,-2.2629284971557904E-6
,-2.017156810451728E-6
,-2.154318042464306E-6
,-2.244437128150994E-6
,-2.3063435079942865E-6
,-2.4631113589311472E-6
,-2.2550083981374016E-6
,-2.1816228510049225E-6
,-2.193406831729943E-6
,-2.2225847561753924E-6
,-2.1485399970558186E-6
,-2.228068069294139E-6
,-2.4185303198786105E-6
,-2.2394259949736836E-6
,-2.218143346550665E-6
,-2.1747624752455526E-6
,-2.393526472056994E-6
,-2.3630823678376935E-6
,-2.1967640335729574E-6
,-2.213522249019556E-6
,-2.2621012782424607E-6
,-2.243223087869926E-6
,-2.4661696450522985E-6
,-2.4278231860927665E-6
,-2.478325128186104E-6
,-2.3908047087157367E-6
,-2.2704391579743386E-6
,-2.501284431918135E-6
,-2.4055070010399744E-6
,-2.777433925913117E-6
,-2.2631810956119986E-6
,-2.3251228982650017E-6
