system:time_start,evaporation_from_vegetation_transpiration
,-8.45872337118643E-6
,-8.267687388305624E-6
,-8.25354482872548E-6
,-8.208990258970713E-6
,-8.291492197533943E-6
,-7.979905702341288E-6
,-7.871009101767405E-6
,-8.305710948053466E-6
,-8.079427631243528E-6
,-8.57133188225243E-6
,-8.205399500510622E-6
,-7.96742873072499E-6
,-8.360227039487957E-6
,-8.636824979993436E-6
,-8.129664092462345E-6
,-8.95963924327809E-6
,-7.954054000943645E-6
,-9.049332842234256E-6
,-8.9265889222117E-6
,-9.242980820521061E-6
,-8.690614431504888E-6
,-8.573221700245489E-6
,-8.665227916371844E-6
,-8.101313848847043E-6
,-8.773386489994543E-6
,-9.738173603548965E-6
,-8.209060172272564E-6
,-9.686990846885218E-6
,-9.062127839624233E-6
,-9.185841572577862E-6
,-1.07746330859821E-5
,-9.720231178966786E-6
,-9.423921143805046E-6
,-9.557656961902996E-6
