system:time_start,evaporation_from_vegetation_transpiration
,-2.9416090304342407E-7
,-2.665916933134819E-7
,-2.8375203934653353E-7
,-2.9843916612056393E-7
,-3.025252226507291E-7
,-2.943816070910543E-7
,-3.2381588728943217E-7
,-3.125520985728751E-7
,-2.9772976025318104E-7
,-2.990182110806927E-7
,-2.897965411345164E-7
,-3.180696997636308E-7
,-2.68148141913116E-7
,-3.2374919101130217E-7
,-2.9034951391319436E-7
,-3.0268953802684945E-7
,-2.7441031609972316E-7
,-3.087643563048914E-7
,-3.018346130071829E-7
,-3.218428901163861E-7
,-3.022311526971559E-7
,-3.2191201171372086E-7
,-3.5040769337986905E-7
,-3.122143728736167E-7
,-3.2815417701688904E-7
,-3.2128385403969634E-7
,-3.2098493344771367E-7
,-3.0350868958824623E-7
,-3.152248003364851E-7
,-3.0904508700283867E-7
,-3.06023745603549E-7
,-3.073079521224524E-7
,-3.072630837171649E-7
,-3.1346947556206334E-7
