system:time_start,evaporation_from_vegetation_transpiration
,-3.638655956213673E-5
,-3.208704583812505E-5
,-3.726558801038967E-5
,-3.0474186739108216E-5
,-3.84995510103181E-5
,-3.7433809969418995E-5
,-3.611736489498677E-5
,-3.866189035761636E-5
,-3.313127914831663E-5
,-3.420180898198547E-5
,-3.7585297832265496E-5
,-3.4007684613849655E-5
,-3.7414118802795805E-5
,-3.574545068355898E-5
,-3.855356165634779E-5
,-3.1843174535121456E-5
,-3.762927432641542E-5
,-3.628649028541986E-5
,-3.8154225573331736E-5
,-3.5440891830755085E-5
,-3.490289661082594E-5
,-3.836856558336876E-5
,-2.9878354932103928E-5
,-3.3974278267123736E-5
,-3.692843771811264E-5
,-3.658568372581309E-5
,-3.935136737709399E-5
,-3.666228803922422E-5
,-3.4767482551008776E-5
,-4.22043673703835E-5
,-3.446773007453885E-5
,-3.826210377155803E-5
,-3.677066767219609E-5
,-3.606271153936783E-5
