system:time_start,evaporation_from_vegetation_transpiration
,-9.992779153653314E-6
,-9.018368141703614E-6
,-1.0124867827565398E-5
,-9.554401372334552E-6
,-1.0227632630235297E-5
,-9.16831676376104E-6
,-1.0735304633545153E-5
,-1.189414887931449E-5
,-9.973735302448577E-6
,-1.0065214141241582E-5
,-9.607818270618084E-6
,-9.662267022665242E-6
,-8.530574333564346E-6
,-9.90510399250025E-6
,-1.0017095853765684E-5
,-9.162252728474954E-6
,-9.433993405772877E-6
,-9.872413040927634E-6
,-1.0740809225688063E-5
,-1.0371596557965412E-5
,-9.525523534943151E-6
,-1.0468752605017819E-5
,-1.0416346558144515E-5
,-1.0023023353828368E-5
,-1.081455204388453E-5
,-1.0678102720054434E-5
,-1.1044522416369815E-5
,-9.477921447624468E-6
,-9.212547961973359E-6
,-9.783240845802213E-6
,-1.0008155498074305E-5
,-1.2423994693661352E-5
,-9.612690244435334E-6
,-9.061130507395882E-6
