system:time_start,evaporation_from_vegetation_transpiration
,-1.3715606003487012E-6
,-1.2728775543265981E-6
,-1.3007947238678972E-6
,-1.3059628540162006E-6
,-1.2722683031181922E-6
,-1.3192430384206642E-6
,-1.304097062382774E-6
,-1.4006755055111217E-6
,-1.321965923162137E-6
,-1.4313541076703447E-6
,-1.3952482382739267E-6
,-1.2460979008329843E-6
,-1.2905230376951165E-6
,-1.4245641004247706E-6
,-1.2783309304925044E-6
,-1.3631639385585922E-6
,-1.2749680233052154E-6
,-1.4021949358390304E-6
,-1.3618608117938474E-6
,-1.4770424178380498E-6
,-1.4365616676293553E-6
,-1.4801767157232551E-6
,-1.3577485820272645E-6
,-1.3371409938436686E-6
,-1.4272554238627294E-6
,-1.5741212024809698E-6
,-1.3878329488274762E-6
,-1.526071003473874E-6
,-1.4299370276502384E-6
,-1.491853718199318E-6
,-1.6730729812204088E-6
,-1.6537274914850113E-6
,-1.4346949802814498E-6
,-1.5320091311290102E-6
