system:time_start,evaporation_from_vegetation_transpiration
,-3.227550433760051E-5
,-3.508919362955969E-5
,-3.419150510967696E-5
,-3.4673708796617575E-5
,-3.497539760714079E-5
,-3.4626063820171583E-5
,-3.4357355389855744E-5
,-3.6469039471986456E-5
,-3.6623895100214175E-5
,-3.5311580735385326E-5
,-3.2622697599039265E-5
,-3.2722263882686294E-5
,-3.604589441566868E-5
,-3.342482166296245E-5
,-3.5689394807777044E-5
,-3.655486807332852E-5
,-3.28999973939731E-5
,-3.64482918238511E-5
,-3.698769788822809E-5
,-3.7630136300727355E-5
,-3.449909600815112E-5
,-3.588814624862469E-5
,-3.356629599480907E-5
,-3.373260174200121E-5
,-3.70468713418487E-5
,-3.698500115993778E-5
,-3.172058223694493E-5
,-3.842600952373126E-5
,-4.032838273319456E-5
,-3.511845524743057E-5
,-4.246788381561173E-5
,-3.773781532244727E-5
,-3.717066073338494E-5
,-3.634525863140041E-5
