system:time_start,evaporation_from_vegetation_transpiration
,-6.928511365480344E-7
,-7.419480750416239E-7
,-7.548045622180716E-7
,-7.498208668992102E-7
,-7.172076861717783E-7
,-7.071730903719851E-7
,-7.047965590616167E-7
,-7.662194678102555E-7
,-8.450507331352648E-7
,-7.048962136953682E-7
,-7.052228630484371E-7
,-7.050330060294419E-7
,-7.785153597762387E-7
,-7.279906770106339E-7
,-8.030777908494376E-7
,-8.443196401501717E-7
,-7.125309994513547E-7
,-7.690275327019793E-7
,-7.987708786891918E-7
,-8.206048797936612E-7
,-7.288787985869151E-7
,-7.214013229323817E-7
,-7.030942881447984E-7
,-6.855766731037182E-7
,-7.720890109686436E-7
,-8.355938180535477E-7
,-6.466166702185069E-7
,-8.600595395234581E-7
,-8.527983503708605E-7
,-7.788931790336003E-7
,-9.567336075547032E-7
,-8.245395271106169E-7
,-8.361094690674993E-7
,-8.140340837382523E-7
