system:time_start,evaporation_from_vegetation_transpiration
,-1.1140251592770826E-5
,-1.1341726334412522E-5
,-1.0682004535849004E-5
,-1.1410312631264012E-5
,-1.1903632894689331E-5
,-1.1429992913527841E-5
,-1.2683962637769641E-5
,-1.1430468808479109E-5
,-1.1098109320212133E-5
,-1.1662348712216193E-5
,-1.1172485223718604E-5
,-1.2555888333292564E-5
,-1.1192523344084849E-5
,-1.1765559013919693E-5
,-1.1662764403054764E-5
,-1.1421180442254803E-5
,-1.113817390758162E-5
,-1.1388144755288316E-5
,-1.0950697620368064E-5
,-1.1114596166932858E-5
,-1.1103465386270736E-5
,-1.183921434621732E-5
,-1.2550055869472618E-5
,-1.1926260191191942E-5
,-1.1742152701930817E-5
,-1.2296335374755687E-5
,-1.1530085230777156E-5
,-1.1419891192846577E-5
,-1.1903427112270225E-5
,-1.1166494478243482E-5
,-1.101243342566342E-5
,-1.135765597883449E-5
,-1.156955318962228E-5
,-1.238625866871581E-5
