system:time_start,evaporation_from_vegetation_transpiration
,-1.4615155172268391E-4
,-1.2842942891962576E-4
,-1.4177211381536541E-4
,-1.329112861485222E-4
,-1.5475389711553175E-4
,-1.405478470146838E-4
,-1.4015093083200264E-4
,-1.4170148344255163E-4
,-1.2935407886687292E-4
,-1.3899315562010222E-4
,-1.4003193201757424E-4
,-1.2972857743715662E-4
,-1.4370789995406981E-4
,-1.4135209676735278E-4
,-1.4500820580141735E-4
,-1.3129904679082483E-4
,-1.3921050970524355E-4
,-1.3829416377405005E-4
,-1.4249705311409895E-4
,-1.3608563459623687E-4
,-1.3759993698928843E-4
,-1.4638640124076333E-4
,-1.247418667891891E-4
,-1.330250434019429E-4
,-1.3239180343791276E-4
,-1.4099403747955218E-4
,-1.5294790617872205E-4
,-1.4717476510674385E-4
,-1.3693585436337107E-4
,-1.599732201415383E-4
,-1.444329853664142E-4
,-1.3992234548095746E-4
,-1.2936865698914544E-4
,-1.4051690335605853E-4
