system:time_start,evaporation_from_vegetation_transpiration
,-6.052320289503162E-5
,-4.98559208305475E-5
,-5.795068742979007E-5
,-5.1475278572373405E-5
,-5.822143005692245E-5
,-5.722992864320986E-5
,-5.699670085353622E-5
,-5.9346640531051285E-5
,-5.443337310377198E-5
,-5.535858933095975E-5
,-5.416357938277846E-5
,-5.334417195020554E-5
,-5.917875205341261E-5
,-5.515607881534379E-5
,-5.632891467636606E-5
,-5.360500169141839E-5
,-5.6593115004943684E-5
,-5.6961966644545704E-5
,-5.752622443348324E-5
,-6.029484878429988E-5
,-5.563933639981163E-5
,-5.878564600910371E-5
,-5.125182300010541E-5
,-5.480047366290819E-5
,-5.832818654501656E-5
,-5.8469177020015195E-5
,-6.540580397995654E-5
,-6.26671874973302E-5
,-5.8205296833572597E-5
,-6.416228037172307E-5
,-6.020660111971665E-5
,-6.179683017156397E-5
,-5.5757234804332256E-5
,-5.719175472525725E-5
