system:time_start,evaporation_from_vegetation_transpiration
,-3.62642667974581E-5
,-3.8929101495887364E-5
,-3.626350557673311E-5
,-3.793930095667926E-5
,-3.9859931183200344E-5
,-3.735013624746506E-5
,-4.224337368013041E-5
,-3.761261529540485E-5
,-3.701533299120561E-5
,-3.865840575836682E-5
,-3.707429765186004E-5
,-4.1964522067578736E-5
,-3.818895417496258E-5
,-3.836200255821976E-5
,-3.940201628612917E-5
,-3.816132022948159E-5
,-3.768731502378348E-5
,-3.785312305771735E-5
,-3.6665373187093704E-5
,-3.6946155233947924E-5
,-3.6914350880419845E-5
,-3.922540733362388E-5
,-4.120248281273189E-5
,-3.895839145755458E-5
,-3.79792501309341E-5
,-4.123869424289025E-5
,-3.714691865673933E-5
,-3.784911420961039E-5
,-3.969871733062977E-5
,-3.7421761894562454E-5
,-3.581817513064061E-5
,-3.753631516107671E-5
,-3.750668032348955E-5
,-4.1255748575240786E-5
