system:time_start,evaporation_from_vegetation_transpiration
,-9.463119567953981E-6
,-9.124748127457375E-6
,-8.957230117327223E-6
,-8.763427710315833E-6
,-8.563155764325833E-6
,-9.11894797657927E-6
,-9.074333017148698E-6
,-9.974256196680168E-6
,-9.34779867141818E-6
,-9.794731643827012E-6
,-9.911267625284381E-6
,-8.698089610940466E-6
,-8.793640517978929E-6
,-9.684500885972133E-6
,-9.121984476223588E-6
,-9.702160847761357E-6
,-8.993286125284309E-6
,-9.614164810045622E-6
,-9.34354102355428E-6
,-1.01113940521221E-5
,-9.735150039584065E-6
,-9.964224470119612E-6
,-9.12242164001024E-6
,-9.180680838956809E-6
,-9.721312987191292E-6
,-1.1179530095735876E-5
,-9.33307031421767E-6
,-9.856218942635072E-6
,-9.885057806968689E-6
,-1.0006740922108293E-5
,-1.1344396019315658E-5
,-1.1535435987752862E-5
,-9.913717197681157E-6
,-1.071869822529455E-5
