system:time_start,evaporation_from_vegetation_transpiration
,-7.259717373623667E-5
,-6.574431056462884E-5
,-7.296745297935557E-5
,-7.253484365584747E-5
,-6.952644652200333E-5
,-7.255794216015838E-5
,-7.619216226144258E-5
,-8.567043532484267E-5
,-7.617847734730243E-5
,-7.777901735742623E-5
,-7.951723329016306E-5
,-7.189457883888046E-5
,-6.591078370008662E-5
,-7.562180481154765E-5
,-7.160063990307174E-5
,-7.60477605412975E-5
,-7.35476243149875E-5
,-7.163942779731803E-5
,-7.530372717896912E-5
,-8.434765220078621E-5
,-7.299662675669189E-5
,-7.952668570228357E-5
,-7.488945517185062E-5
,-7.454436696139898E-5
,-7.963771651231111E-5
,-8.738934610408722E-5
,-7.76384468163424E-5
,-7.378795327086764E-5
,-7.376769100894172E-5
,-7.724649254601832E-5
,-8.482620872503806E-5
,-9.479599315522205E-5
,-7.994163619244959E-5
,-8.054210056124484E-5
