system:time_start,evaporation_from_vegetation_transpiration
,-5.607260200122255E-4
,-5.479654632173E-4
,-6.610338967808123E-4
,-5.697904701094103E-4
,-6.12517693269865E-4
,-5.767758859368164E-4
,-6.291178151324555E-4
,-6.542515283266918E-4
,-6.150688765937199E-4
,-5.701975757119727E-4
,-6.334355621504528E-4
,-5.804716027834426E-4
,-5.413572839927383E-4
,-5.297681824553516E-4
,-6.613030826561802E-4
,-5.104566865554717E-4
,-5.661821408864398E-4
,-7.093650611030474E-4
,-6.488559855029052E-4
,-6.627119819692476E-4
,-5.795029971598827E-4
,-6.767406868088226E-4
,-6.024163870108623E-4
,-6.43151361401806E-4
,-6.42651338144636E-4
,-6.314963387315705E-4
,-7.359233790775004E-4
,-6.305298013368581E-4
,-5.424694332702985E-4
,-6.722116522250113E-4
,-5.863384661211057E-4
,-7.670860475362438E-4
,-6.068700311629983E-4
,-5.185997274660773E-4
