system:time_start,evaporation_from_vegetation_transpiration
,-1.8699705227239367E-6
,-1.7314153030110307E-6
,-1.950478497366657E-6
,-1.7477600730451896E-6
,-1.8551742625301036E-6
,-1.9415101068339E-6
,-1.9958110600057458E-6
,-2.139163513550325E-6
,-1.9475536723773365E-6
,-1.8946669953555673E-6
,-1.8942168608666978E-6
,-1.9135839501555608E-6
,-1.8660889687524497E-6
,-1.9217272387726957E-6
,-2.082091582659594E-6
,-1.9361198646234413E-6
,-1.92043956071846E-6
,-1.8711984386540922E-6
,-2.0573535704921726E-6
,-2.037008934897969E-6
,-1.8927221568518174E-6
,-1.915374165643395E-6
,-1.9581013291268046E-6
,-1.927377441913206E-6
,-2.147581888648287E-6
,-2.1168578498522383E-6
,-2.127781749104364E-6
,-2.0768622556228415E-6
,-1.9685700886969963E-6
,-2.1339775480109713E-6
,-2.067435120123597E-6
,-2.4061139936070414E-6
,-1.977446661875743E-6
,-2.023187751107198E-6
