system:time_start,evaporation_from_vegetation_transpiration
,-3.4265356733171443E-4
,-3.040988072674356E-4
,-3.215178662859228E-4
,-3.177678068368141E-4
,-3.332344995382335E-4
,-3.2582114091674096E-4
,-3.2935577845810113E-4
,-3.2529879105672264E-4
,-3.263390613513608E-4
,-3.410328453280265E-4
,-3.2749653041270555E-4
,-3.1453181341259347E-4
,-3.371999741635386E-4
,-3.0883623279712744E-4
,-3.2795736671841E-4
,-3.310222259747877E-4
,-3.326163071883836E-4
,-3.381075180910158E-4
,-3.405213066671008E-4
,-3.475537222517788E-4
,-3.2770124660508044E-4
,-3.211828329635506E-4
,-3.053155643530035E-4
,-3.341846909389959E-4
,-3.265981032259921E-4
,-3.528846012479864E-4
,-3.505858031173649E-4
,-3.4217603522290144E-4
,-3.3140213052589945E-4
,-3.593867905426033E-4
,-3.5466965980884304E-4
,-3.385406219667371E-4
,-3.2658375089364617E-4
,-3.205282824653225E-4
