system:time_start,evaporation_from_vegetation_transpiration
,-1.422163729633515E-5
,-1.126166527683381E-5
,-1.1756476621182328E-5
,-1.0769075476370442E-5
,-1.2174983809624487E-5
,-1.278108519424374E-5
,-1.2304124005216483E-5
,-1.3285965712081331E-5
,-1.303728116909042E-5
,-1.313884310851184E-5
,-1.0978325566005272E-5
,-1.4032324179424904E-5
,-1.2161185926136872E-5
,-1.3316578770172782E-5
,-1.3020168650352085E-5
,-1.3252759163151494E-5
,-1.1911731247285693E-5
,-1.2565720535349102E-5
,-1.3036771342740394E-5
,-1.4764102161279878E-5
,-1.3106259769604852E-5
,-1.277849483206713E-5
,-1.4526557254915438E-5
,-1.3250802148832009E-5
,-1.3121147858328187E-5
,-1.2794967381826913E-5
,-1.4013605444536856E-5
,-1.1989203121629544E-5
,-1.2144025143546363E-5
,-1.2635672731751887E-5
,-1.2549797659933877E-5
,-1.410575961926952E-5
,-1.2694088097002045E-5
,-1.2782259630815437E-5
