system:time_start,evaporation_from_vegetation_transpiration
,-6.881397194110424E-5
,-7.207039569908188E-5
,-6.989887197819821E-5
,-6.82419013130013E-5
,-7.421823147649101E-5
,-6.593745970320103E-5
,-7.637300955847965E-5
,-6.974176084946292E-5
,-6.81111726081784E-5
,-7.462202237352217E-5
,-6.590542313226339E-5
,-7.658326291165426E-5
,-6.744725595271073E-5
,-7.186253933416068E-5
,-7.293810797864112E-5
,-7.280708310990319E-5
,-6.683270546605885E-5
,-7.190381574956556E-5
,-6.801238328048181E-5
,-6.889835766316721E-5
,-6.756678319039654E-5
,-7.019855964835672E-5
,-7.540239953694237E-5
,-7.174694239162135E-5
,-7.02037646255228E-5
,-7.493998455374154E-5
,-6.600044529547456E-5
,-6.866515244707504E-5
,-7.409824729765846E-5
,-6.785330655552181E-5
,-6.454010306626523E-5
,-6.829754557418414E-5
,-6.85755795516005E-5
,-7.277541610005336E-5
