system:time_start,evaporation_from_vegetation_transpiration
,-1.0567157723447676E-5
,-8.730884048567298E-6
,-9.415543275454533E-6
,-9.327963917506376E-6
,-9.460411743384257E-6
,-8.956929888339354E-6
,-1.0041609051977521E-5
,-1.0571464084533323E-5
,-1.0059127530312524E-5
,-9.992108747961506E-6
,-9.861360985747219E-6
,-9.492784733931124E-6
,-8.197695102144263E-6
,-9.93853292963494E-6
,-9.304028988917282E-6
,-8.785992471249037E-6
,-9.264615088108544E-6
,-9.178981633964948E-6
,-1.0490369034363057E-5
,-1.0628923452918999E-5
,-9.632692667348157E-6
,-1.0665853001284384E-5
,-1.0554743646136109E-5
,-1.0428012411679963E-5
,-1.058034179292053E-5
,-1.1459159018563782E-5
,-1.1123452830129544E-5
,-1.0161697962963555E-5
,-9.017651116628E-6
,-9.888200586889913E-6
,-1.0035725627079E-5
,-1.2653129576225288E-5
,-9.582571585625521E-6
,-9.811624236156369E-6
