system:time_start,evaporation_from_vegetation_transpiration
,-7.370023835543786E-5
,-6.317794275724333E-5
,-7.120672300212998E-5
,-6.616316776823321E-5
,-7.113898307882967E-5
,-7.05844743530785E-5
,-7.218393931099045E-5
,-7.349396033381102E-5
,-6.698206856172974E-5
,-7.154192551044817E-5
,-6.619129250237974E-5
,-6.621994078967771E-5
,-7.362922057533675E-5
,-6.636503429844095E-5
,-7.194453577439062E-5
,-6.975510475765784E-5
,-6.967850098741715E-5
,-7.295416354382825E-5
,-7.289021593553318E-5
,-7.486648253992219E-5
,-6.971799258634647E-5
,-6.978548833558307E-5
,-6.707762802054477E-5
,-7.021184210821553E-5
,-6.985467282700281E-5
,-7.484851725318246E-5
,-7.976332712031662E-5
,-7.79934368640372E-5
,-6.885277505514548E-5
,-7.877705171368789E-5
,-7.6837604259102E-5
,-7.333742324691331E-5
,-6.790282183525656E-5
,-7.269305390562091E-5
