system:time_start,evaporation_from_vegetation_transpiration
,-1.6388354890209267E-4
,-1.6825318411902695E-4
,-1.6846347927408742E-4
,-1.6181778459761675E-4
,-1.7479048013531912E-4
,-1.6688843482817956E-4
,-1.6860152220668544E-4
,-1.7705888372831165E-4
,-1.6906777893873078E-4
,-1.701795267835555E-4
,-1.6863759062996705E-4
,-1.6113927313921204E-4
,-1.6791739041749793E-4
,-1.65162132867004E-4
,-1.7434552070866747E-4
,-1.7138650285247303E-4
,-1.637398741473185E-4
,-1.8607625748873465E-4
,-1.800235909502676E-4
,-1.8388738773489696E-4
,-1.7426227197343935E-4
,-1.6434218470373982E-4
,-1.6942976730033044E-4
,-1.666057146755361E-4
,-1.8509835417572748E-4
,-1.9465213610226145E-4
,-1.7338507423696607E-4
,-1.7489534758848124E-4
,-1.7232288732812442E-4
,-1.834856748101874E-4
,-2.007347855339056E-4
,-2.033432395523599E-4
,-1.7464635681198345E-4
,-1.7476862985714678E-4
