system:time_start,evaporation_from_vegetation_transpiration
,-1.0097612505557994E-5
,-9.396517320915385E-6
,-1.0515530368218526E-5
,-9.548250823955461E-6
,-1.0269777650493726E-5
,-1.069911176383247E-5
,-1.1166119846219413E-5
,-1.2000713151805623E-5
,-1.0453921043872233E-5
,-1.0546731600064986E-5
,-1.0648507931707435E-5
,-1.035461821133333E-5
,-1.006806351575679E-5
,-1.0525171391846314E-5
,-1.0900604544882705E-5
,-1.0519367299824499E-5
,-1.049197193351041E-5
,-1.0273840106802397E-5
,-1.114078428884738E-5
,-1.0956438474596782E-5
,-1.0659166753199118E-5
,-1.0650955002160909E-5
,-1.0547764419583133E-5
,-1.0538354933983817E-5
,-1.1542990413988426E-5
,-1.142964797159388E-5
,-1.1777641276362855E-5
,-1.10975588507581E-5
,-1.0753413701359386E-5
,-1.0937012290754124E-5
,-1.1115924130685773E-5
,-1.2867513613698829E-5
,-1.098210357221576E-5
,-1.0943248339455562E-5
