system:time_start,evaporation_from_vegetation_transpiration
,-1.8037264182683122E-6
,-1.8989918858773926E-6
,-1.8835185557613741E-6
,-1.921285690920566E-6
,-1.8338332988250774E-6
,-1.8297238018428112E-6
,-1.7909620019957317E-6
,-1.9691882866388515E-6
,-2.026672415490632E-6
,-1.816954238217238E-6
,-1.8269786630189111E-6
,-1.7792095759625923E-6
,-2.001622880202989E-6
,-1.8811712595914879E-6
,-1.894866121195567E-6
,-2.0457382109767515E-6
,-1.7465536333191213E-6
,-1.9322466630536518E-6
,-2.009380586195162E-6
,-1.9916695249943946E-6
,-1.7623996369520875E-6
,-1.8251372136114535E-6
,-1.8751779991220223E-6
,-1.7855804766931216E-6
,-1.988178510210602E-6
,-2.1233902235824204E-6
,-1.6864536299967995E-6
,-2.1743194886618657E-6
,-2.0509682054316015E-6
,-1.9727759529730795E-6
,-2.335356916870644E-6
,-2.036654100491639E-6
,-2.005574408921096E-6
,-1.9848575773863584E-6
