system:time_start,evaporation_from_vegetation_transpiration
,-8.614534787435938E-6
,-7.948935490276197E-6
,-7.379298494925024E-6
,-7.102391767451384E-6
,-7.592858158507927E-6
,-7.824547234728621E-6
,-7.446521370487366E-6
,-7.393288494010146E-6
,-8.430904169169176E-6
,-8.241766863648081E-6
,-7.576830284961033E-6
,-7.5302638530653585E-6
,-8.275040727312444E-6
,-7.885956771739682E-6
,-8.702809888442669E-6
,-8.904865808290197E-6
,-7.376744027472643E-6
,-8.332316004574143E-6
,-9.029654847836355E-6
,-8.893332505977012E-6
,-8.326471743203001E-6
,-8.923677341954319E-6
,-8.93494431390233E-6
,-8.377737534222735E-6
,-8.86494126461912E-6
,-8.768226659109738E-6
,-8.342712741675012E-6
,-8.225527987330375E-6
,-8.877631292610507E-6
,-8.727683962206356E-6
,-9.668436632637167E-6
,-9.290961164272932E-6
,-8.518225058651296E-6
,-8.801487638265826E-6
