system:time_start,evaporation_from_vegetation_transpiration
,-8.837821434276492E-4
,-8.48265388470184E-4
,-0.00101412091680686
,-8.656041358358523E-4
,-9.453716374076713E-4
,-8.938771333414021E-4
,-9.817978934162119E-4
,-0.0010212710830897352
,-9.35108395836169E-4
,-8.967024919602751E-4
,-9.685846058037329E-4
,-8.818979871385356E-4
,-8.690995621136551E-4
,-8.259135887119956E-4
,-0.001035431082739437
,-7.997730642485025E-4
,-8.949820433332182E-4
,-0.0010666778393067988
,-0.0010095140960459405
,-9.864168775075887E-4
,-8.983758181796092E-4
,-0.0010637939543721015
,-8.959720444238785E-4
,-9.667072460140833E-4
,-9.658977677010522E-4
,-9.407346774337984E-4
,-0.0010906159248338125
,-9.738940002620748E-4
,-8.439108793519046E-4
,-0.00100984925944122
,-8.961216486831572E-4
,-0.001137717084415237
,-9.460672007542532E-4
,-7.97720810732696E-4
