system:time_start,evaporation_from_vegetation_transpiration
,-3.565675494125268E-5
,-3.389402324197969E-5
,-3.579145656355346E-5
,-3.424164424359333E-5
,-3.757565233778829E-5
,-3.657523848232813E-5
,-3.7129264455870725E-5
,-3.797379213210661E-5
,-3.278340106286729E-5
,-3.691003015167856E-5
,-3.422663091138626E-5
,-3.319921779620927E-5
,-3.507899721929183E-5
,-3.378564360900782E-5
,-3.8006071311732135E-5
,-3.5476313011410333E-5
,-3.3509262721054256E-5
,-3.602473710391981E-5
,-3.980836360521304E-5
,-4.036839345644694E-5
,-3.5541116934230864E-5
,-3.5613096770248376E-5
,-3.3987307688221335E-5
,-3.4985703071773365E-5
,-3.626943665343182E-5
,-3.880181975546293E-5
,-4.212221877727037E-5
,-3.7875264145744346E-5
,-3.538310556905344E-5
,-3.921910623224297E-5
,-3.8326363210217096E-5
,-3.9216357739254214E-5
,-3.532777979368499E-5
,-3.671521092959059E-5
