system:time_start,evaporation_from_vegetation_transpiration
,-2.9788539681599984E-5
,-2.8377259009734226E-5
,-3.204107873132575E-5
,-2.974049088503275E-5
,-3.1138734285425594E-5
,-2.9829002111606922E-5
,-3.279099891778171E-5
,-3.7165497448305564E-5
,-3.125100129022541E-5
,-3.138698896994659E-5
,-3.2718555813884E-5
,-2.957715201901329E-5
,-2.7435552271383228E-5
,-3.045003330426928E-5
,-3.165721439775855E-5
,-3.0224775847480554E-5
,-3.120460975256528E-5
,-3.022356274110886E-5
,-3.367297773493511E-5
,-3.16248286636485E-5
,-3.036023011653717E-5
,-3.255354836016379E-5
,-3.1955814305100625E-5
,-3.01911027794663E-5
,-3.486872255483545E-5
,-3.179560307966823E-5
,-3.4794847842452955E-5
,-2.9707100781563083E-5
,-2.887329732434489E-5
,-3.084461601694082E-5
,-3.091780761902204E-5
,-3.8489851201455556E-5
,-3.206751120032686E-5
,-2.9765664772927075E-5
