system:time_start,evaporation_from_vegetation_transpiration
,-4.778415554076025E-6
,-4.090221683012346E-6
,-4.797791639238408E-6
,-4.0323460609794125E-6
,-4.987980546522326E-6
,-4.522723526637321E-6
,-4.714769388288807E-6
,-4.96700605711583E-6
,-4.363871820058982E-6
,-4.428580878024731E-6
,-4.7245696078276274E-6
,-4.375191581338362E-6
,-4.780138172707641E-6
,-4.512765887237766E-6
,-4.753688323086539E-6
,-4.535207825540138E-6
,-4.7106124347642425E-6
,-4.538780209766385E-6
,-4.914234491608669E-6
,-4.773466860645193E-6
,-4.401362681731455E-6
,-4.8276939901915395E-6
,-4.340875577430133E-6
,-4.478953355026212E-6
,-4.638559189248446E-6
,-4.684423703251635E-6
,-5.115444057284751E-6
,-5.10592414440931E-6
,-4.554854524014963E-6
,-5.143686919238505E-6
,-4.6491777598348075E-6
,-4.896905728556724E-6
,-4.638662887496207E-6
,-4.716465023262802E-6
