system:time_start,evaporation_from_vegetation_transpiration
,-2.1357862393394505E-5
,-2.057188294724904E-5
,-2.3006831380089036E-5
,-1.9575144255339117E-5
,-2.406450414713325E-5
,-2.0837339047568677E-5
,-2.1570363697855485E-5
,-2.3480327577455953E-5
,-2.0962562229706446E-5
,-2.2068774331733718E-5
,-2.48622030283869E-5
,-2.0156963101130553E-5
,-2.3072014436752658E-5
,-2.1144414148139553E-5
,-2.354183818859947E-5
,-2.0718147080233078E-5
,-2.3961448267533112E-5
,-2.3700989255177836E-5
,-2.405797452923451E-5
,-2.2015384797407607E-5
,-2.2219849116722222E-5
,-2.5714707819928264E-5
,-1.9345252732672706E-5
,-2.0816902147559847E-5
,-2.252076487873156E-5
,-2.28877176815676E-5
,-2.4061590753346488E-5
,-2.4110940354023176E-5
,-2.1630273012902007E-5
,-2.2703643020807132E-5
,-2.095712609624225E-5
,-2.6762512360378996E-5
,-2.2793388957690963E-5
,-2.233810372954708E-5
