system:time_start,evaporation_from_vegetation_transpiration
,-2.8167229763104954E-4
,-2.577515046487668E-4
,-2.6046857926042676E-4
,-2.6207313616673895E-4
,-2.740503117293566E-4
,-2.6233700132197884E-4
,-2.6410089290396655E-4
,-2.6775209997372446E-4
,-2.7649179394526193E-4
,-2.816548566663081E-4
,-2.727725930728132E-4
,-2.620209785744083E-4
,-2.7373889690060623E-4
,-2.530644686763434E-4
,-2.57324222150393E-4
,-2.698738223589049E-4
,-2.6963806656734397E-4
,-2.7334533582532396E-4
,-2.727593867828461E-4
,-2.8495473688030875E-4
,-2.662533269199878E-4
,-2.6170254390495894E-4
,-2.588555065306856E-4
,-2.753179760437819E-4
,-2.6528297380090573E-4
,-2.840896715535292E-4
,-2.8817758473943334E-4
,-2.802272614382701E-4
,-2.82210403790478E-4
,-2.829604982184112E-4
,-2.8079592626157804E-4
,-2.810799248803964E-4
,-2.746924276485454E-4
,-2.7080625993251487E-4
