system:time_start,evaporation_from_vegetation_transpiration
,-4.255672077609537E-5
,-4.0473227272741497E-5
,-4.0024197611880176E-5
,-4.1465766723073706E-5
,-4.1108668180337794E-5
,-4.167380332849765E-5
,-4.185442412563134E-5
,-4.19931147916941E-5
,-4.217547333003798E-5
,-4.23601086367853E-5
,-4.104729729685156E-5
,-4.0789136619423516E-5
,-4.111062541293601E-5
,-4.144066770095378E-5
,-4.164023691070421E-5
,-4.320274335138189E-5
,-4.2579919560618386E-5
,-4.1005818881482505E-5
,-4.167515605028408E-5
,-4.219367413800986E-5
,-4.215386131060465E-5
,-4.254752517833064E-5
,-4.2378809060513355E-5
,-4.2218592473849036E-5
,-4.1480282258514E-5
,-4.287528645363636E-5
,-4.330532283347566E-5
,-4.303186021085518E-5
,-4.251562616749046E-5
,-4.207255733490456E-5
,-4.234758671373129E-5
,-4.2658635720727034E-5
,-4.246791831974406E-5
,-4.310175609134603E-5
