system:time_start,evaporation_from_vegetation_transpiration
,-5.415838434904193E-6
,-5.339610652299598E-6
,-5.151667816486831E-6
,-5.342341561724122E-6
,-5.290918124956079E-6
,-5.131826886402753E-6
,-5.743476625260276E-6
,-5.169095553962204E-6
,-4.904442903352901E-6
,-5.357438567443751E-6
,-5.026143602056739E-6
,-5.312900005568129E-6
,-5.089512948567669E-6
,-5.206061662950863E-6
,-5.0582184485392645E-6
,-5.322582486163204E-6
,-5.425011598466274E-6
,-5.27279977783716E-6
,-5.361925407972497E-6
,-5.11413721445327E-6
,-5.265332220005803E-6
,-5.375472634720306E-6
,-5.311846810703476E-6
,-5.254127851609762E-6
,-4.839705676810506E-6
,-5.563088052440435E-6
,-5.127132681082003E-6
,-5.2100628333088634E-6
,-5.173673343961127E-6
,-5.130755501644065E-6
,-5.03793792934933E-6
,-5.046758208967124E-6
,-5.3487225765517605E-6
,-5.356037339273219E-6
