system:time_start,evaporation_from_vegetation_transpiration
,-5.5107331718318164E-5
,-5.06953250199634E-5
,-5.3429791781430445E-5
,-5.259608163517745E-5
,-5.768847525663053E-5
,-5.550407998574277E-5
,-5.623657125397585E-5
,-5.676399086951278E-5
,-4.977060295156358E-5
,-5.6737205037885964E-5
,-5.205145923052138E-5
,-5.0769158406183124E-5
,-5.261129869419771E-5
,-5.018670223459291E-5
,-5.795998064665279E-5
,-5.443136190782146E-5
,-5.14747650110318E-5
,-5.5394969725360475E-5
,-6.06522086551801E-5
,-6.164098037212777E-5
,-5.219547529122792E-5
,-5.385648243342681E-5
,-5.1678654320615656E-5
,-5.290083087553891E-5
,-5.4619895915190377E-5
,-5.9847339192250125E-5
,-6.181548875853575E-5
,-5.5601537193676144E-5
,-5.3849125227619275E-5
,-5.898178521116885E-5
,-5.789333833187508E-5
,-5.892300153694426E-5
,-5.332711528656849E-5
,-5.58933558446976E-5
