system:time_start,evaporation_from_vegetation_transpiration
,-5.108576647216978E-5
,-5.5108261828233175E-5
,-5.024331411126089E-5
,-5.1984456983215445E-5
,-5.600967718540535E-5
,-5.3721265733959925E-5
,-5.849307422067795E-5
,-5.362769972331686E-5
,-5.2320427585073055E-5
,-5.478548973769648E-5
,-5.215907162892109E-5
,-5.816896191390697E-5
,-5.275775121541907E-5
,-5.574992663544739E-5
,-5.5823979513055136E-5
,-5.3147529721779094E-5
,-5.304583555698628E-5
,-5.244158129850499E-5
,-5.2428628047588674E-5
,-5.412277429665362E-5
,-5.3462104157612586E-5
,-5.708437007948912E-5
,-5.8546632696258406E-5
,-5.5104163645106986E-5
,-5.5113445038538586E-5
,-5.8026811454207454E-5
,-5.440878150390442E-5
,-5.4390504449960034E-5
,-5.7565084944144473E-5
,-5.2482123616452256E-5
,-5.1529480742829044E-5
,-5.429660389684917E-5
,-5.496649737324332E-5
,-5.9226266027205085E-5
