system:time_start,evaporation_from_vegetation_transpiration
,-6.330191938046013E-5
,-5.7123893501768424E-5
,-6.288613701232658E-5
,-6.012600104401817E-5
,-6.376686974607598E-5
,-5.843296553736167E-5
,-6.678239299040426E-5
,-7.352164509704322E-5
,-6.197080965257458E-5
,-6.273400080689136E-5
,-6.062200921611117E-5
,-6.0114839275180414E-5
,-5.5217767288512176E-5
,-6.143536787324895E-5
,-6.244150999038774E-5
,-5.754890987181396E-5
,-5.929177939012129E-5
,-6.187677565556501E-5
,-6.654852239334623E-5
,-6.364801805419472E-5
,-5.950596554886102E-5
,-6.682677449330236E-5
,-6.499353705333315E-5
,-6.124854846876264E-5
,-6.700493426622964E-5
,-6.660022667816638E-5
,-6.774550752931147E-5
,-5.877040782633553E-5
,-5.701149832255455E-5
,-6.119816743027699E-5
,-6.22490429171888E-5
,-7.670163829247306E-5
,-5.978385801700893E-5
,-5.8383441428695836E-5
