system:time_start,evaporation_from_vegetation_transpiration
,-3.1607760236814403E-4
,-2.846779238502172E-4
,-2.883288230148335E-4
,-2.91758027136287E-4
,-3.009990921832974E-4
,-2.942767323474982E-4
,-2.9710334019404807E-4
,-2.9875016113894363E-4
,-3.178413078583415E-4
,-3.138490946336484E-4
,-3.0170633906184067E-4
,-2.9136954579674545E-4
,-3.043996211999911E-4
,-2.8073657305564365E-4
,-2.8054312381047767E-4
,-2.928671147199364E-4
,-2.9211753599156504E-4
,-3.0832204498033714E-4
,-3.02128605502124E-4
,-3.1094853372653434E-4
,-2.87148716577374E-4
,-2.932570520594406E-4
,-2.928013387746533E-4
,-3.0736093953641504E-4
,-2.896675157191769E-4
,-3.134368203063787E-4
,-3.1451842745708645E-4
,-3.022021243294956E-4
,-3.06889667879457E-4
,-3.062772874373978E-4
,-3.116666627091844E-4
,-3.0764351676124433E-4
,-2.9399975788793305E-4
,-3.0333253261637257E-4
