system:time_start,evaporation_from_vegetation_transpiration
,-9.951500032912009E-8
,-1.0485244577769967E-7
,-1.0878643479372843E-7
,-1.0741068763309157E-7
,-1.01911139912166E-7
,-1.0118710633832962E-7
,-1.0021817615779583E-7
,-1.0874036888708361E-7
,-1.1960995228340228E-7
,-1.0008886116944875E-7
,-1.0131499645164391E-7
,-1.0087662000538937E-7
,-1.1117444955743848E-7
,-1.0406067000682621E-7
,-1.1443354803001663E-7
,-1.205984062835341E-7
,-1.0306336359159711E-7
,-1.1015328406453286E-7
,-1.1455016040902896E-7
,-1.1798136559567256E-7
,-1.0574223476093419E-7
,-1.0307635420758744E-7
,-9.95823787282764E-8
,-9.836797592773413E-8
,-1.0900675988523289E-7
,-1.1864309878243755E-7
,-9.212529524423492E-8
,-1.217566174697519E-7
,-1.213068268649901E-7
,-1.1167827930573065E-7
,-1.3615884502845193E-7
,-1.1892323830882864E-7
,-1.1945717233174945E-7
,-1.1630383293474247E-7
