system:time_start,evaporation_from_vegetation_transpiration
,-1.7113614376285113E-5
,-1.716738491571353E-5
,-1.9846590779100854E-5
,-1.6992404198390432E-5
,-1.9155259603091206E-5
,-1.8056510574145552E-5
,-1.9225535652367398E-5
,-2.1106469527391408E-5
,-1.7723507577708613E-5
,-1.827627905489256E-5
,-2.0871711361299578E-5
,-1.6796962881926447E-5
,-1.8230969241509836E-5
,-1.8953490628822085E-5
,-1.7915623175213113E-5
,-1.7914468116941862E-5
,-1.804917216456185E-5
,-1.932037836619808E-5
,-2.040346832169841E-5
,-1.787181281542871E-5
,-1.8350316167925484E-5
,-2.0472340717484865E-5
,-1.7258223427537207E-5
,-1.7643024572559323E-5
,-1.866275003218713E-5
,-1.8422520952299237E-5
,-2.048634693589217E-5
,-2.0105517857397597E-5
,-1.882436178372397E-5
,-1.975061240955256E-5
,-1.7885048994988512E-5
,-2.244909956061747E-5
,-1.9423085783879895E-5
,-1.7853892131824978E-5
