system:time_start,evaporation_from_vegetation_transpiration
,-2.260910271919177E-5
,-1.8139337650306214E-5
,-1.8284411756515812E-5
,-1.8451446521794423E-5
,-2.0239488852287952E-5
,-1.9944844098063186E-5
,-2.0345592323186185E-5
,-2.258204100750542E-5
,-2.1593968388818514E-5
,-2.008000289303406E-5
,-1.902507574413903E-5
,-2.1455532987602055E-5
,-1.9908609829144552E-5
,-2.1998818435046513E-5
,-2.0711709415384878E-5
,-2.166410316325103E-5
,-1.9707832204100367E-5
,-1.928296539214595E-5
,-2.2202752613035653E-5
,-2.2876809453009628E-5
,-2.3008134424647626E-5
,-2.1167087349264573E-5
,-2.2066545473838534E-5
,-2.0720044024831925E-5
,-2.1780219564485986E-5
,-2.2252421331359074E-5
,-2.2724255662372645E-5
,-2.0217440881727573E-5
,-2.0053788830409758E-5
,-2.1346251135886025E-5
,-2.0960176091951627E-5
,-2.4219355812723126E-5
,-2.0609305162603658E-5
,-2.0819091635833804E-5
