system:time_start,evaporation_from_vegetation_transpiration
,-2.55097365568981E-5
,-2.350060762353709E-5
,-2.5439768624215878E-5
,-2.3282477982281547E-5
,-2.4790494496542084E-5
,-2.5540038401760463E-5
,-2.5440013464853663E-5
,-2.7792924873552754E-5
,-2.4810093866388062E-5
,-2.5999045794736194E-5
,-2.53144747840164E-5
,-2.397114336713263E-5
,-2.4449125789048678E-5
,-2.516374641143355E-5
,-2.686371301070978E-5
,-2.580291995524705E-5
,-2.4611828312350925E-5
,-2.5563354270122782E-5
,-2.7117833448374946E-5
,-2.7789708985795333E-5
,-2.559285254143556E-5
,-2.5178843044027144E-5
,-2.554421903796615E-5
,-2.5371159025757476E-5
,-2.8301802877128786E-5
,-2.8577921496349503E-5
,-2.6291859285265673E-5
,-2.606062831841688E-5
,-2.5523716679803576E-5
,-2.8343216174231886E-5
,-2.8239331116380457E-5
,-3.082320485673257E-5
,-2.57796498492378E-5
,-2.7572885005805503E-5
