system:time_start,evaporation_from_vegetation_transpiration
,-2.0470490004039933E-5
,-1.8074681671957176E-5
,-1.974005373908551E-5
,-1.7312665271501394E-5
,-2.04123551568392E-5
,-1.7769613393847107E-5
,-1.8755039956799706E-5
,-2.0010537300983006E-5
,-1.7788953939435446E-5
,-1.8430291090356024E-5
,-2.175781289571162E-5
,-1.8501970295065328E-5
,-1.9823400320785283E-5
,-1.8318697346417356E-5
,-2.006725112767613E-5
,-1.74539647689796E-5
,-2.0868066702037357E-5
,-2.043530941721526E-5
,-2.223889267346143E-5
,-1.852427212292068E-5
,-1.906287517764819E-5
,-2.148205081062943E-5
,-1.601842914819177E-5
,-1.7655454030318655E-5
,-1.9623454948357126E-5
,-2.0725283342298577E-5
,-2.1182411663695738E-5
,-2.1797967725606648E-5
,-1.8900627537732365E-5
,-2.1111944100820916E-5
,-1.77912144885167E-5
,-2.352154630595275E-5
,-2.118380183717472E-5
,-1.9844753643112545E-5
