system:time_start,evaporation_from_vegetation_transpiration
,-1.659182703406259E-5
,-1.5325743030795518E-5
,-1.4141436092055907E-5
,-1.3465812950623029E-5
,-1.5183007614420298E-5
,-1.5899161477742986E-5
,-1.4749402756327374E-5
,-1.5499825470518164E-5
,-1.6306663004191552E-5
,-1.6137627502151496E-5
,-1.5502091097611508E-5
,-1.4784506599122933E-5
,-1.529453152215865E-5
,-1.6026033411738656E-5
,-1.5700400657199985E-5
,-1.700783294230253E-5
,-1.4805690322342952E-5
,-1.572784784305744E-5
,-1.6511850541670963E-5
,-1.7193082840094576E-5
,-1.632716968439733E-5
,-1.7858965520645146E-5
,-1.6821659604223292E-5
,-1.6061138997732392E-5
,-1.6614922060398385E-5
,-1.663622075890695E-5
,-1.7203848680461913E-5
,-1.6490515993912897E-5
,-1.609869309504575E-5
,-1.7167112294676677E-5
,-1.7933935926824535E-5
,-1.886064531693895E-5
,-1.60789703992729E-5
,-1.587635802025034E-5
