system:time_start,evaporation_from_vegetation_transpiration
,-3.878597013489956E-5
,-3.552924234801985E-5
,-3.8706195450606436E-5
,-3.5274708352517337E-5
,-3.775222572393862E-5
,-3.883919469029806E-5
,-3.873354242450819E-5
,-4.227879397053345E-5
,-3.777813374957381E-5
,-3.949298166972176E-5
,-3.8262500311248004E-5
,-3.644006379513405E-5
,-3.712121447039719E-5
,-3.813095591204617E-5
,-4.092525794699772E-5
,-3.911578533645074E-5
,-3.729541302227676E-5
,-3.8670994271932724E-5
,-4.124486210792766E-5
,-4.217788055508495E-5
,-3.8710283645246946E-5
,-3.812942882257375E-5
,-3.874872058268489E-5
,-3.857413276707296E-5
,-4.327203886963329E-5
,-4.3322914248085254E-5
,-4.00405702716773E-5
,-3.963202419854177E-5
,-3.859929864503149E-5
,-4.314189276268927E-5
,-4.2733338966826795E-5
,-4.681093180312146E-5
,-3.909878477427635E-5
,-4.183925072235676E-5
