system:time_start,evaporation_from_vegetation_transpiration
,-3.444194809185902E-5
,-2.8017541878328368E-5
,-3.245280026736804E-5
,-3.052993360275012E-5
,-3.192917789326598E-5
,-3.063605067720159E-5
,-3.434550311266142E-5
,-3.912449560280387E-5
,-3.43371933471893E-5
,-3.475141496674663E-5
,-3.2636670121608666E-5
,-3.1971911520151916E-5
,-2.7108502048281676E-5
,-3.3197167608588454E-5
,-3.1965721747962336E-5
,-3.051102471039889E-5
,-3.1552462047314206E-5
,-3.0905404762448496E-5
,-3.45500583744769E-5
,-3.646397449185129E-5
,-3.159242810514302E-5
,-3.607938417858388E-5
,-3.409795979864728E-5
,-3.482751865385191E-5
,-3.65647513243523E-5
,-3.8186646074441684E-5
,-3.632909123490775E-5
,-3.246742285888555E-5
,-3.144544578576759E-5
,-3.270728447182008E-5
,-3.355009945293065E-5
,-4.294373654848975E-5
,-3.406200654027111E-5
,-3.361118680727369E-5
