system:time_start,evaporation_from_vegetation_transpiration
,-1.3020917962053973E-5
,-1.1847834257096499E-5
,-1.331296883915701E-5
,-1.2012447972227143E-5
,-1.2930623031084099E-5
,-1.3380060230422626E-5
,-1.3747589024564655E-5
,-1.5010596181844578E-5
,-1.2951934204872518E-5
,-1.3427672520238815E-5
,-1.3297547217189452E-5
,-1.268612286861951E-5
,-1.2676621671796363E-5
,-1.313844840570065E-5
,-1.3912587195214659E-5
,-1.3195158592868206E-5
,-1.295407061057857E-5
,-1.2927750882170405E-5
,-1.4098380439857856E-5
,-1.4012615179634661E-5
,-1.3397691235102603E-5
,-1.3227403968281522E-5
,-1.3329133791409489E-5
,-1.3382717026193379E-5
,-1.4835932780063638E-5
,-1.4681244204724766E-5
,-1.4489700019142256E-5
,-1.3778323083174701E-5
,-1.338313199795576E-5
,-1.3902170569435678E-5
,-1.4165856383867726E-5
,-1.618979597969971E-5
,-1.3663585999154345E-5
,-1.4025795937468729E-5
