system:time_start,evaporation_from_vegetation_transpiration
,-1.244970147981252E-4
,-1.2106599748185178E-4
,-1.2006800249645209E-4
,-1.1874220449085855E-4
,-1.2749700333803746E-4
,-1.2347411492638375E-4
,-1.234081242691533E-4
,-1.2778360876542836E-4
,-1.1765503716955522E-4
,-1.2661104444828888E-4
,-1.1659217489068398E-4
,-1.2028148315342455E-4
,-1.233630995042716E-4
,-1.1785728406032308E-4
,-1.3062564367010972E-4
,-1.234909248689126E-4
,-1.2300496079357498E-4
,-1.3196562134118095E-4
,-1.3481003765209056E-4
,-1.3497935403641102E-4
,-1.2028233423835548E-4
,-1.2292855318825027E-4
,-1.234337039086956E-4
,-1.239655152261034E-4
,-1.3364871011443103E-4
,-1.367963910028762E-4
,-1.3203010863122987E-4
,-1.307438751885484E-4
,-1.2302525073843725E-4
,-1.3674889963324245E-4
,-1.4137735796784817E-4
,-1.3446808713864575E-4
,-1.2396620954722025E-4
,-1.2470377320520737E-4
