system:time_start,evaporation_from_vegetation_transpiration
,-2.964871248885292E-5
,-2.653734467517134E-5
,-2.860242777269303E-5
,-2.7394691664440185E-5
,-2.863639902654274E-5
,-2.880169798790882E-5
,-2.926324286522501E-5
,-2.8988831336465682E-5
,-2.7328562866638474E-5
,-2.9985866862764708E-5
,-2.6845881332453084E-5
,-2.6474130201559018E-5
,-3.0058360977367615E-5
,-2.5701190080747813E-5
,-2.9640595159908408E-5
,-2.7486525437055435E-5
,-2.699448373092989E-5
,-2.8928267714561326E-5
,-2.895496266326636E-5
,-3.07839393982005E-5
,-2.7677225210108584E-5
,-2.739958392517221E-5
,-2.623108199126053E-5
,-2.814485460697963E-5
,-2.7710711496242803E-5
,-3.075108666755439E-5
,-3.230898577074673E-5
,-2.9940225675357106E-5
,-2.7364693260910193E-5
,-3.0781490779664015E-5
,-3.1499823744229435E-5
,-3.0742239509780164E-5
,-2.651101470003529E-5
,-2.8340312871100985E-5
