system:time_start,evaporation_from_vegetation_transpiration
,-2.4357429841378082E-5
,-2.6567055101622827E-5
,-2.399873604493526E-5
,-2.596041910389128E-5
,-2.7499824379143927E-5
,-2.5816624353562172E-5
,-2.9184010903312203E-5
,-2.5673467462183908E-5
,-2.504013597596592E-5
,-2.6340567880348924E-5
,-2.5372826712555252E-5
,-2.8640082139948692E-5
,-2.593972142979813E-5
,-2.6402785200237606E-5
,-2.674696224858053E-5
,-2.5702140192152E-5
,-2.5458727880807903E-5
,-2.562985355325509E-5
,-2.4766243465516407E-5
,-2.4982469161235105E-5
,-2.506175830300587E-5
,-2.6889538882339064E-5
,-2.8081240695125114E-5
,-2.6903662122397993E-5
,-2.609572159902503E-5
,-2.8222477340023033E-5
,-2.5743226312139694E-5
,-2.6084230436633032E-5
,-2.736321645594823E-5
,-2.5391750265650142E-5
,-2.4783197053087253E-5
,-2.5597450076020323E-5
,-2.617463360365946E-5
,-2.8273873491950024E-5
