system:time_start,evaporation_from_vegetation_transpiration
,-3.127317655764792E-4
,-2.7692995717373494E-4
,-2.8656465476062506E-4
,-2.893573400935229E-4
,-3.0629962110707197E-4
,-2.929483923886091E-4
,-2.947899771149628E-4
,-2.967559372648944E-4
,-3.113719512394932E-4
,-3.165774955583008E-4
,-3.0041967586959023E-4
,-2.937719583860266E-4
,-3.037603342481421E-4
,-2.766941330860326E-4
,-2.9188165806467374E-4
,-2.977094203227303E-4
,-2.9871537494851913E-4
,-3.050543447543715E-4
,-3.026261658453466E-4
,-3.180959075692042E-4
,-2.9207513890082475E-4
,-2.83795161815744E-4
,-2.78105268337205E-4
,-3.062738326740776E-4
,-2.9431534341048117E-4
,-3.2879378398945844E-4
,-3.177664303935254E-4
,-3.1629263430966027E-4
,-3.114542734509857E-4
,-3.2171547137055634E-4
,-3.185253070713046E-4
,-3.1058997546308596E-4
,-3.062978150860226E-4
,-2.951753415544215E-4
