system:time_start,evaporation_from_vegetation_transpiration
,-1.615642941033002E-5
,-1.5190132693359849E-5
,-1.438272149590332E-5
,-1.5494934684414015E-5
,-1.5442128295988022E-5
,-1.5222244006248989E-5
,-1.600679760962348E-5
,-1.6003400343747454E-5
,-1.7044751075445674E-5
,-1.5920310640164338E-5
,-1.5344835143575136E-5
,-1.4786840135154002E-5
,-1.558700534501224E-5
,-1.6155192930628325E-5
,-1.603234713478568E-5
,-1.6961528585636103E-5
,-1.651908617835337E-5
,-1.5488939641814103E-5
,-1.6306089102207416E-5
,-1.6414724259881214E-5
,-1.6426979484441246E-5
,-1.7004147334124093E-5
,-1.65774669031158E-5
,-1.6434650855704342E-5
,-1.639880039354986E-5
,-1.666388440450343E-5
,-1.7355202241257455E-5
,-1.6582348204489488E-5
,-1.7348359549595487E-5
,-1.6387669650915388E-5
,-1.7644642260468878E-5
,-1.699816467797583E-5
,-1.6955957714041382E-5
,-1.6689574424942422E-5
