system:time_start,evaporation_from_vegetation_transpiration
,-3.5239669765966633E-6
,-3.185665264027193E-6
,-3.4677201862602183E-6
,-3.297185079039385E-6
,-3.155060767312534E-6
,-3.4722155154061816E-6
,-3.7498854605170586E-6
,-3.5760749597102404E-6
,-3.438521162024699E-6
,-3.5491157177602872E-6
,-3.3709317600975433E-6
,-3.7279520862891027E-6
,-3.2597060150389248E-6
,-3.5875485385380066E-6
,-3.4193441630729162E-6
,-3.6368643729171404E-6
,-3.4506841378364093E-6
,-3.4385254063333073E-6
,-3.619517883635126E-6
,-3.652468270350558E-6
,-3.4987721543681496E-6
,-3.4232028459276385E-6
,-3.969875251641497E-6
,-3.47282002621796E-6
,-3.668962866261912E-6
,-3.784329843862603E-6
,-3.853005788793477E-6
,-3.454199031693861E-6
,-3.477481489729447E-6
,-3.4713399751732745E-6
,-3.5768516681855544E-6
,-3.89793482706106E-6
,-3.5919068371489025E-6
,-3.803129705678051E-6
