system:time_start,evaporation_from_vegetation_transpiration
,-8.90511843560186E-5
,-8.076587801042479E-5
,-8.642017928650603E-5
,-8.508671877886324E-5
,-8.837066767834283E-5
,-8.782868947794971E-5
,-8.595871683307148E-5
,-8.642080501886085E-5
,-8.501419385235447E-5
,-9.141425046739944E-5
,-8.467769839626271E-5
,-8.248744416050613E-5
,-9.007966703696486E-5
,-8.19835234627438E-5
,-8.946103419778713E-5
,-8.496400308407222E-5
,-8.61679309309693E-5
,-8.968137444753665E-5
,-8.990422975330148E-5
,-9.30095247895224E-5
,-8.76060391116577E-5
,-8.552130141955179E-5
,-8.15822616762792E-5
,-8.743925718590617E-5
,-8.768784149045435E-5
,-9.503761672628268E-5
,-9.931065202787674E-5
,-9.385644564948355E-5
,-8.72113499402379E-5
,-9.17961472926739E-5
,-9.522908476355951E-5
,-9.120572091584715E-5
,-8.394249077052034E-5
,-8.52550116784793E-5
