system:time_start,evaporation_from_vegetation_transpiration
,-2.8526356233498155E-5
,-2.7386223772064902E-5
,-3.0361766049822293E-5
,-2.79079336589506E-5
,-2.9073058744804744E-5
,-2.993884268305365E-5
,-3.253003624326928E-5
,-3.359194570161956E-5
,-2.9712190276452176E-5
,-2.9501110949912914E-5
,-3.1059442150855326E-5
,-2.9765969462670807E-5
,-2.9142101703800495E-5
,-3.037807758685802E-5
,-3.1533078625848844E-5
,-3.0130000358558782E-5
,-2.9176358177632E-5
,-2.989084624868406E-5
,-3.2422643557040736E-5
,-3.09693904969406E-5
,-3.036179304467953E-5
,-3.0991546394205585E-5
,-3.035868868882181E-5
,-3.058306804408515E-5
,-3.2088340694958724E-5
,-3.08828646771819E-5
,-3.395675760301579E-5
,-3.165602781033764E-5
,-3.0109237359020103E-5
,-3.221692350052763E-5
,-3.106032755053804E-5
,-3.594998728974884E-5
,-3.056455355270874E-5
,-2.8930560775747377E-5
