system:time_start,evaporation_from_vegetation_transpiration
,-1.2972766987234221E-5
,-1.241726682040943E-5
,-1.167501116567423E-5
,-1.2637499554525392E-5
,-1.2367632806759542E-5
,-1.231605061435135E-5
,-1.2653238766272237E-5
,-1.2755813685477326E-5
,-1.3920353999079237E-5
,-1.2891799092949184E-5
,-1.2537599412992723E-5
,-1.1985450749559129E-5
,-1.2927356677256147E-5
,-1.3113525505115192E-5
,-1.3289413240436979E-5
,-1.3939278384593004E-5
,-1.3404134189049675E-5
,-1.275277756607373E-5
,-1.3360264922783573E-5
,-1.3472353752622231E-5
,-1.334524088217561E-5
,-1.4024151885493311E-5
,-1.3638489711046414E-5
,-1.341542888003254E-5
,-1.3563394192823256E-5
,-1.3531398878312448E-5
,-1.3989200456282334E-5
,-1.3544431865451421E-5
,-1.4230765794561044E-5
,-1.3452149507665931E-5
,-1.4302944044298412E-5
,-1.4024370143668184E-5
,-1.3799613110173892E-5
,-1.3878718349032925E-5
