system:time_start,evaporation_from_vegetation_transpiration
,-2.2546967381474623E-5
,-1.8339494234073516E-5
,-1.927810966694858E-5
,-1.783584360198706E-5
,-2.0236421704267786E-5
,-2.0695205801115533E-5
,-2.058322170980095E-5
,-2.2535115542204788E-5
,-2.1503959942492656E-5
,-2.187677430476086E-5
,-1.8944601865848853E-5
,-2.2532002657770356E-5
,-2.017822282556281E-5
,-2.24126042571458E-5
,-2.1760661394709083E-5
,-2.2192666323175408E-5
,-1.984596237251249E-5
,-2.0572531547370825E-5
,-2.2106726892321093E-5
,-2.406604490125462E-5
,-2.2633959656160552E-5
,-2.1481228497833125E-5
,-2.3969774050975074E-5
,-2.143087474810033E-5
,-2.208384468854332E-5
,-2.168283657132027E-5
,-2.3281370943694035E-5
,-2.0572921666347323E-5
,-2.056455768500822E-5
,-2.0937891008144473E-5
,-2.1305955682723913E-5
,-2.36975598167383E-5
,-2.1092063035579043E-5
,-2.1293793817453103E-5
