system:time_start,evaporation_from_vegetation_transpiration
,-7.532092072155879E-5
,-6.831380828902213E-5
,-7.633749334856153E-5
,-7.58199783548935E-5
,-7.229887871941217E-5
,-7.591394143389374E-5
,-7.95262583726423E-5
,-8.910981525758994E-5
,-7.898110187377249E-5
,-8.041583261032945E-5
,-8.250988219575305E-5
,-7.472449529522249E-5
,-6.896391656153229E-5
,-7.863066850494548E-5
,-7.469398388136063E-5
,-7.925072712490792E-5
,-7.669598716096771E-5
,-7.49174986269259E-5
,-7.865730184088452E-5
,-8.771423371672803E-5
,-7.591126914383554E-5
,-8.227670352627886E-5
,-7.773200247914401E-5
,-7.716691401837883E-5
,-8.263303270386705E-5
,-9.065573167652534E-5
,-8.102853043141885E-5
,-7.6498927003819E-5
,-7.642481243776813E-5
,-7.998571295371192E-5
,-8.774381776038728E-5
,-9.798772582682969E-5
,-8.274213236470617E-5
,-8.301281633504443E-5
