system:time_start,evaporation_from_vegetation_transpiration
,-2.1192719022120387E-5
,-2.0849703888239548E-5
,-2.3072413658975253E-5
,-1.9589693779597013E-5
,-2.222533573294374E-5
,-2.2082582097524014E-5
,-2.248348014607459E-5
,-2.339762595711163E-5
,-2.2618572691185974E-5
,-2.123882201482753E-5
,-2.1239021923761873E-5
,-2.205139892897526E-5
,-2.1795940463582137E-5
,-2.0996388552986315E-5
,-2.4194764635120963E-5
,-2.1722357218388743E-5
,-2.1373142275672265E-5
,-2.2384116077557246E-5
,-2.3504551364690572E-5
,-2.4557147768503924E-5
,-2.1267371653183023E-5
,-2.1652690097470015E-5
,-2.2011749810616364E-5
,-2.2492226699986343E-5
,-2.49522159626791E-5
,-2.4697334530030715E-5
,-2.470961805220247E-5
,-2.2913365083385848E-5
,-2.1798435570680683E-5
,-2.431979995450532E-5
,-2.4571147623779797E-5
,-2.781685012557515E-5
,-2.278559476351655E-5
,-2.2024216597636258E-5
