system:time_start,evaporation_from_vegetation_transpiration
,-2.282473280163601E-5
,-1.911011984406667E-5
,-2.2272162104220407E-5
,-1.9345652349717382E-5
,-2.2761332475902445E-5
,-2.1555757343741095E-5
,-2.195978713855364E-5
,-2.2844603258571335E-5
,-2.052596764135456E-5
,-2.098848603928891E-5
,-2.1423537401115166E-5
,-2.0512276925954267E-5
,-2.2550154207865416E-5
,-2.1144803897130243E-5
,-2.1752487759664473E-5
,-2.0864590158791626E-5
,-2.183555480141947E-5
,-2.1544032025240294E-5
,-2.2467224140242716E-5
,-2.258065184952814E-5
,-2.094616237197562E-5
,-2.2453661783451264E-5
,-1.9781656692782776E-5
,-2.0929214593890308E-5
,-2.2013862690073435E-5
,-2.2158156435728223E-5
,-2.4420934455837447E-5
,-2.3870432865918728E-5
,-2.1720781350190666E-5
,-2.4335074052688406E-5
,-2.233227467006018E-5
,-2.3216314011099094E-5
,-2.164670118774186E-5
,-2.2045566378113483E-5
