system:time_start,evaporation_from_vegetation_transpiration
,-4.913921550035404E-5
,-4.683728492016379E-5
,-5.026351766410753E-5
,-4.734764472708199E-5
,-5.0654976967676124E-5
,-4.651548544779447E-5
,-4.826621980129087E-5
,-4.8976496097603115E-5
,-4.5158014161025566E-5
,-4.833591268596428E-5
,-5.37396439840648E-5
,-4.678522615743013E-5
,-4.885735715364253E-5
,-4.762993874725549E-5
,-5.238516838017799E-5
,-4.58653105333639E-5
,-4.9876909950942844E-5
,-4.9479536149495594E-5
,-5.455925100114171E-5
,-4.486624331939226E-5
,-4.9739023340529426E-5
,-5.307857977173609E-5
,-4.306458741720408E-5
,-4.7615701857191944E-5
,-4.604858376271262E-5
,-4.709957349087827E-5
,-5.108117427687979E-5
,-4.894263341120224E-5
,-4.5617138901411715E-5
,-5.36540533303366E-5
,-4.65285546769935E-5
,-5.695952480143724E-5
,-5.031062654300986E-5
,-4.858414308657411E-5
