system:time_start,evaporation_from_vegetation_transpiration
,-4.5726257374025726E-5
,-3.8584030765485545E-5
,-4.5268862415605815E-5
,-3.9643086433555855E-5
,-4.4886819640880514E-5
,-4.2809222870874374E-5
,-4.415136825099903E-5
,-4.6097431804419006E-5
,-4.369191198640438E-5
,-4.243972138263866E-5
,-4.12273771695665E-5
,-4.266633761524703E-5
,-4.67453479281156E-5
,-4.165912543358382E-5
,-4.5353158237694226E-5
,-4.279775506195923E-5
,-4.447514744555598E-5
,-4.482821062875671E-5
,-4.614720246438513E-5
,-4.832372974550542E-5
,-4.243527291691863E-5
,-4.591715446377914E-5
,-4.2407137473390475E-5
,-4.35707049966309E-5
,-4.45324727205775E-5
,-4.6539299282519485E-5
,-5.0834065248597644E-5
,-5.0690084609286914E-5
,-4.445163352600854E-5
,-4.909786839953184E-5
,-4.538669246133111E-5
,-4.586655303419027E-5
,-4.390646992310736E-5
,-4.549718664014607E-5
