system:time_start,evaporation_from_vegetation_transpiration
,-5.0573108940928556E-5
,-4.485388550771555E-5
,-4.917825329660749E-5
,-4.748121621863296E-5
,-4.7939827103012554E-5
,-4.821089169126935E-5
,-5.1901195547543466E-5
,-5.8987174876771555E-5
,-5.197592812085835E-5
,-5.4950049767891564E-5
,-5.4173715398064815E-5
,-4.862643193822199E-5
,-4.383078461008457E-5
,-5.12072407824841E-5
,-4.832457307202276E-5
,-4.994970064823671E-5
,-4.828461472546527E-5
,-4.745158184960019E-5
,-5.111703588530266E-5
,-5.7036758638181105E-5
,-4.976560315602304E-5
,-5.5393659446660117E-5
,-5.171451630303636E-5
,-5.2339702354705274E-5
,-5.5227124903467484E-5
,-5.917802263866179E-5
,-5.3561030047906875E-5
,-5.101464254645786E-5
,-5.0807281392432437E-5
,-5.381608207244426E-5
,-5.8091309256269597E-5
,-6.597295214305632E-5
,-5.5149654144770466E-5
,-5.591008205859301E-5
