system:time_start,evaporation_from_vegetation_transpiration
,-4.1604419623451706E-5
,-3.649861101289317E-5
,-4.171369662452933E-5
,-3.707287122245087E-5
,-4.097073456034109E-5
,-4.0027936097070025E-5
,-4.149894257785664E-5
,-4.3226471606185584E-5
,-3.836536849294567E-5
,-4.0791274047464066E-5
,-3.924294166305723E-5
,-3.8523885941397145E-5
,-4.233932168784714E-5
,-3.853714966565363E-5
,-4.195311879494323E-5
,-4.0534828677043565E-5
,-4.09502241844108E-5
,-4.1645360253159964E-5
,-4.347250525449728E-5
,-4.226202598522558E-5
,-3.997419980083895E-5
,-4.124198032571704E-5
,-3.935816534471491E-5
,-4.125495130817095E-5
,-4.115751878652234E-5
,-4.239264596854189E-5
,-4.6554062912094644E-5
,-4.6123937690503056E-5
,-4.034284722278936E-5
,-4.591186852993569E-5
,-4.327129006144657E-5
,-4.2772051211426196E-5
,-4.041784819809624E-5
,-4.178219993870395E-5
