system:time_start,evaporation_from_vegetation_transpiration
,-1.8259428627813578E-6
,-1.6956608551519998E-6
,-1.902617418348695E-6
,-1.6704440668995493E-6
,-1.8285324206115985E-6
,-1.868788421376046E-6
,-1.910491723700855E-6
,-2.0523399327914056E-6
,-1.8815902308713178E-6
,-1.8380799275878933E-6
,-1.8205861615646776E-6
,-1.8283678135831686E-6
,-1.8086333365920332E-6
,-1.828783610000625E-6
,-2.025817685776767E-6
,-1.8625522426202824E-6
,-1.8255891499305062E-6
,-1.826833354032653E-6
,-1.995160891197991E-6
,-2.0009169795521914E-6
,-1.8242159817821662E-6
,-1.839789900428199E-6
,-1.8819801086085387E-6
,-1.884906486480866E-6
,-2.1062015982163978E-6
,-2.074270313745659E-6
,-2.059998085406974E-6
,-1.9712827486705174E-6
,-1.8779112902648728E-6
,-2.0714515862757545E-6
,-2.0222969204978232E-6
,-2.327140303154747E-6
,-1.919421641561812E-6
,-1.9504735943196215E-6
