system:time_start,evaporation_from_vegetation_transpiration
,-2.2702510928045776E-5
,-1.905979169190259E-5
,-2.170331568848661E-5
,-2.0381756364847256E-5
,-2.194579425193689E-5
,-2.1700625189160016E-5
,-2.0945864746988497E-5
,-2.192956694046848E-5
,-2.1106542286967546E-5
,-2.1545892070885292E-5
,-2.065086771514924E-5
,-1.9902809749599364E-5
,-2.2055509986125353E-5
,-2.1102140403943885E-5
,-2.138362309351043E-5
,-2.1028607222308662E-5
,-2.0873740533145382E-5
,-2.1273900297363106E-5
,-2.1744255718658675E-5
,-2.2848207449629515E-5
,-2.102911532668205E-5
,-2.140602548167283E-5
,-1.9808116406898525E-5
,-2.128309857011225E-5
,-2.1297448755849114E-5
,-2.2480478162155943E-5
,-2.3546780807116782E-5
,-2.3042471594617738E-5
,-2.2066122754967736E-5
,-2.315190677644055E-5
,-2.27894222417472E-5
,-2.2830632516678296E-5
,-2.0510042803852783E-5
,-2.17292034386785E-5
