system:time_start,evaporation_from_vegetation_transpiration
,-2.375894831250965E-4
,-2.3055633027979638E-4
,-2.3688407539642262E-4
,-2.2604963305639103E-4
,-2.3226615303428844E-4
,-2.181557817190575E-4
,-2.441825878728802E-4
,-2.3773535819297345E-4
,-2.1373668399367793E-4
,-2.3264298943104222E-4
,-2.5903618734446354E-4
,-2.2543973439799933E-4
,-2.4206314143763544E-4
,-2.4048229291414222E-4
,-2.458258998861614E-4
,-2.1982553395597884E-4
,-2.3600759474599423E-4
,-2.461357562424382E-4
,-2.7136659567380167E-4
,-2.3394104088462578E-4
,-2.529798445417934E-4
,-2.555787662762062E-4
,-2.101211660677412E-4
,-2.3902977651838833E-4
,-2.2850466727201516E-4
,-2.3822273215046152E-4
,-2.4364725686609745E-4
,-2.2291362317143162E-4
,-2.2349498188608172E-4
,-2.6500338450811495E-4
,-2.2511275104382852E-4
,-2.4657520164813224E-4
,-2.398755714239087E-4
,-2.2246627365044938E-4
