system:time_start,evaporation_from_vegetation_transpiration
,-2.391757244836437E-5
,-2.606036802414262E-5
,-2.3555565596986778E-5
,-2.5476202898227555E-5
,-2.6980795279417762E-5
,-2.533784846959999E-5
,-2.8634902154215417E-5
,-2.519947156542912E-5
,-2.457615619277931E-5
,-2.5852088184006845E-5
,-2.4900250413007928E-5
,-2.8104812703201208E-5
,-2.544894616882878E-5
,-2.591566971838774E-5
,-2.6244971898201836E-5
,-2.5226880979696006E-5
,-2.498215100345216E-5
,-2.5155900581894183E-5
,-2.4306472865150272E-5
,-2.4520957154119525E-5
,-2.4597237191328812E-5
,-2.6388675809302548E-5
,-2.756437496634934E-5
,-2.640522585683026E-5
,-2.561804601072888E-5
,-2.7692467745399693E-5
,-2.5270224052126817E-5
,-2.559621265335767E-5
,-2.684872671317973E-5
,-2.4918344837660147E-5
,-2.4324916770031756E-5
,-2.5123560824409434E-5
,-2.5688587908062445E-5
,-2.7745146050592392E-5
