system:time_start,evaporation_from_vegetation_transpiration
,-5.128771770794809E-5
,-4.469323447755505E-5
,-4.923707652975478E-5
,-4.390193631430471E-5
,-5.0523448645673195E-5
,-4.429379402387674E-5
,-4.533905657071218E-5
,-4.8136143353379644E-5
,-4.323935202075911E-5
,-4.5720203497120904E-5
,-5.2905062533157827E-5
,-4.641255463456719E-5
,-4.885389734972542E-5
,-4.539164910966065E-5
,-4.871771207117573E-5
,-4.220474165613105E-5
,-5.38634753333476E-5
,-5.021125354425487E-5
,-5.3494384111537654E-5
,-4.574362583708035E-5
,-4.717991396319122E-5
,-5.278018186406887E-5
,-4.006055694861078E-5
,-4.486677516160034E-5
,-4.920680246639448E-5
,-5.178133291305098E-5
,-5.2729177647002824E-5
,-5.364772968695852E-5
,-4.69237770343793E-5
,-5.121985644084792E-5
,-4.418133780622944E-5
,-5.86947452911199E-5
,-5.1267892935733854E-5
,-4.83331315154902E-5
