system:time_start,evaporation_from_vegetation_transpiration
,-4.2911290244470964E-5
,-4.0146398508416795E-5
,-4.014347830282834E-5
,-4.6205760142280876E-5
,-4.335442875647762E-5
,-4.2618529963268275E-5
,-4.416747958506069E-5
,-4.4663744847639454E-5
,-4.179690993623807E-5
,-4.568921833803566E-5
,-4.257220928896762E-5
,-4.300761995788586E-5
,-4.210026657043878E-5
,-4.4120773721563934E-5
,-4.0667532412044236E-5
,-4.2485144149395624E-5
,-4.733291761416088E-5
,-3.8141417086687094E-5
,-4.229820808783794E-5
,-4.235414515278535E-5
,-4.525260759692173E-5
,-4.440384503444268E-5
,-4.36938706964914E-5
,-4.5309626742285514E-5
,-4.286611868640951E-5
,-4.356664575122219E-5
,-4.791528651063951E-5
,-4.737618120998376E-5
,-4.527449834616466E-5
,-4.221407074510352E-5
,-4.319970252254279E-5
,-4.533212576158499E-5
,-4.802942667690028E-5
,-4.6503483111640284E-5
