system:time_start,evaporation_from_vegetation_transpiration
,-2.1242944664360646E-5
,-1.8045245572769392E-5
,-2.1069825985856976E-5
,-1.7947394250465248E-5
,-2.1869229385629296E-5
,-2.0025894627906382E-5
,-2.0842406835678656E-5
,-2.161443565758721E-5
,-1.905144745251164E-5
,-1.9626093489932828E-5
,-2.081545123170751E-5
,-1.944833335680111E-5
,-2.1189214142699104E-5
,-1.9979435213220615E-5
,-2.063519362612472E-5
,-1.998062301330113E-5
,-2.0740080799441785E-5
,-2.009570622855487E-5
,-2.1570795070147142E-5
,-2.081417975811443E-5
,-1.944356275392541E-5
,-2.1103631297592074E-5
,-1.8741692959641416E-5
,-1.968410955062912E-5
,-2.048386947232454E-5
,-2.0702915814278338E-5
,-2.2466965674539097E-5
,-2.2386134636083927E-5
,-1.9966656812660705E-5
,-2.2758000341127627E-5
,-2.040931758529041E-5
,-2.148624419836172E-5
,-2.07222377260526E-5
,-2.094730613559174E-5
