system:time_start,evaporation_from_vegetation_transpiration
,-4.0654202659764344E-5
,-3.88163858423658E-5
,-3.8092165375075776E-5
,-4.4724498016711746E-5
,-4.086525744134047E-5
,-4.0465892028404884E-5
,-4.211683646983948E-5
,-4.204243461346243E-5
,-4.035761848259467E-5
,-4.3498977162417465E-5
,-4.071170097647108E-5
,-4.0556579266081556E-5
,-4.0171366083990825E-5
,-4.182691156149232E-5
,-3.835970029147081E-5
,-4.096406336311753E-5
,-4.3781616977096325E-5
,-3.720650262028994E-5
,-4.039913067772739E-5
,-4.080738821522383E-5
,-4.270751872811911E-5
,-4.197666424204592E-5
,-4.1485708550547404E-5
,-4.322492069627901E-5
,-4.1027302040417923E-5
,-4.220870512571859E-5
,-4.587191050000079E-5
,-4.430763478896326E-5
,-4.342720926435741E-5
,-4.096484101705627E-5
,-4.211135341917062E-5
,-4.314733191908305E-5
,-4.568620868996351E-5
,-4.406740281102445E-5
