system:time_start,evaporation_from_vegetation_transpiration
,-1.4064345156873095E-5
,-1.4826689881307107E-5
,-1.440227354993831E-5
,-1.5132525507475677E-5
,-1.4467576482185207E-5
,-1.417005678152315E-5
,-1.4288971417247214E-5
,-1.5450279062389637E-5
,-1.5588610129966976E-5
,-1.458277620258741E-5
,-1.3965288742860768E-5
,-1.4021710987076349E-5
,-1.5477520359980438E-5
,-1.4720811830354958E-5
,-1.4777010159220627E-5
,-1.597767994907271E-5
,-1.3603085284962112E-5
,-1.518414117324735E-5
,-1.559267974822253E-5
,-1.567837128356059E-5
,-1.3867058823737432E-5
,-1.4333721902616678E-5
,-1.4589599591146661E-5
,-1.3916560262405703E-5
,-1.5522131748802177E-5
,-1.6928709567169498E-5
,-1.3369834993715848E-5
,-1.684260725461947E-5
,-1.6308856208558643E-5
,-1.5265930437354984E-5
,-1.8500741291827132E-5
,-1.589706002567165E-5
,-1.563876346299816E-5
,-1.540366537045446E-5
