system:time_start,evaporation_from_vegetation_transpiration
,-3.692053239016483E-5
,-3.6751641043035E-5
,-3.915231900464278E-5
,-3.5976051852533906E-5
,-4.089333500208644E-5
,-3.737485470386067E-5
,-3.8781946083569587E-5
,-4.0699146969321497E-5
,-3.8600649228707575E-5
,-3.7894203463414065E-5
,-3.612134363114213E-5
,-3.655154493268734E-5
,-3.947548915069395E-5
,-3.6485324623451255E-5
,-4.0501317926100455E-5
,-3.898097808511617E-5
,-3.809970561026906E-5
,-4.289127476416373E-5
,-4.169460286599739E-5
,-4.269118653610349E-5
,-3.7821175889500104E-5
,-3.694041455067539E-5
,-3.8679226539291754E-5
,-3.7693936368062474E-5
,-4.2512352592893876E-5
,-4.349298554492028E-5
,-3.857773481286131E-5
,-4.0406487338865794E-5
,-3.84886237346412E-5
,-4.194714407882808E-5
,-4.669999907491729E-5
,-4.610374465604158E-5
,-4.0629743428629204E-5
,-3.9143570878271326E-5
