system:time_start,evaporation_from_vegetation_transpiration
,-5.983801044446105E-6
,-5.634409984243878E-6
,-6.228881332693466E-6
,-5.285100766438215E-6
,-6.313183124196562E-6
,-5.796244537729459E-6
,-6.299159916428227E-6
,-6.648180266590013E-6
,-5.713450348897216E-6
,-5.717278581869323E-6
,-6.327197176384895E-6
,-5.7670856767799695E-6
,-6.448190215451177E-6
,-5.848183257815738E-6
,-6.346665177261457E-6
,-5.909476531087421E-6
,-6.119983590906485E-6
,-5.896041899783692E-6
,-6.648217507366402E-6
,-6.078524347685743E-6
,-5.8187221778401484E-6
,-6.389487947065694E-6
,-5.697947150717178E-6
,-5.617026654363144E-6
,-6.396930196691149E-6
,-6.0863093919275955E-6
,-6.715545205224771E-6
,-6.5951694098960925E-6
,-5.894335190532729E-6
,-6.6307456290815025E-6
,-5.888906198379118E-6
,-6.405853491742163E-6
,-6.342803317238577E-6
,-6.261167606377664E-6
