system:time_start,tree_canopy_cover
,2.537254901960784
,2.5294117647058822
,3.094117647058823
,
