system:time_start,tree_canopy_cover
,0.9039215686274509
,0.719607843137255
,1.0
,
