system:time_start,tree_canopy_cover
,0.44705882352941173
,0.3764705882352941
,0.4
,
