system:time_start,tree_canopy_cover
,1.156862745098039
,1.219607843137255
,1.4
,
