system:time_start,tree_canopy_cover
,1.3823529411764706
,1.3235294117647058
,1.3529411764705883
,
