system:time_start,tree_canopy_cover
,0.0058823529411764705
,0.0058823529411764705
,0.00784313725490196
,
