system:time_start,tree_canopy_cover
,0.36470588235294116
,0.36470588235294116
,0.3176470588235294
,
