system:time_start,tree_canopy_cover
,5.435294117647059
,5.780392156862745
,5.780392156862745
,
