system:time_start,tree_canopy_cover
,1.6941176470588235
,1.992156862745098
,1.8823529411764706
,
