system:time_start,tree_canopy_cover
,3.9705882352941178
,4.029411764705882
,4.117647058823529
,
