system:time_start,tree_canopy_cover
,1.664705882352941
,1.3941176470588235
,1.880392156862745
,
