system:time_start,tree_canopy_cover
,1.0784313725490196
,1.1764705882352942
,1.5686274509803921
,
