system:time_start,tree_canopy_cover
,2.652941176470588
,2.911764705882353
,2.588235294117647
,
