system:time_start,tree_canopy_cover
,0.19019607843137254
,0.1627450980392157
,0.1803921568627451
,
