system:time_start,tree_canopy_cover
,0.20392156862745098
,0.19607843137254902
,0.1803921568627451
,
