system:time_start,tree_canopy_cover
,0.24836601307189543
,0.2980392156862745
,0.49673202614379086
,
