system:time_start,tree_canopy_cover
,1.9607843137254901
,2.4705882352941178
,1.8627450980392157
,
