system:time_start,tree_canopy_cover
,1.4470588235294117
,1.588235294117647
,1.4117647058823528
,
