system:time_start,tree_canopy_cover
,0.6411764705882352
,0.6235294117647059
,0.7294117647058823
,
