system:time_start,tree_canopy_cover
,6.196078431372548
,6.305882352941177
,6.64313725490196
,
