system:time_start,tree_canopy_cover
,9.696078431372548
,9.215686274509803
,8.304575163398692
,
