system:time_start,tree_canopy_cover
,13.907843137254902
,12.995424836601305
,15.264052287581698
,
