system:time_start,tree_canopy_cover
,1.4862745098039216
,1.4392156862745098
,1.556862745098039
,
