system:time_start,tree_canopy_cover
,3.4352941176470586
,3.0823529411764703
,3.152941176470588
,
