system:time_start,tree_canopy_cover
,0.2196078431372549
,0.21372549019607842
,0.22156862745098038
,
