system:time_start,tree_canopy_cover
,2.619607843137255
,2.549019607843137
,2.4705882352941178
,
