system:time_start,tree_canopy_cover
,0.43333333333333335
,0.3568627450980392
,0.5450980392156862
,
