system:time_start,tree_canopy_cover
,0.37254901960784315
,0.49019607843137253
,0.45098039215686275
,
