system:time_start,tree_canopy_cover
,1.4941176470588236
,1.6784313725490194
,1.6627450980392158
,
