system:time_start,tree_canopy_cover
,0.5176470588235293
,0.5176470588235293
,0.6431372549019607
,
