system:time_start,tree_canopy_cover
,1.5647058823529412
,1.5372549019607842
,1.3588235294117648
,
