system:time_start,tree_canopy_cover
,1.2176470588235293
,0.6823529411764706
,1.4705882352941175
,
