system:time_start,tree_canopy_cover
,4.658823529411765
,2.223529411764706
,3.6
,
