system:time_start,tree_canopy_cover
,3.211764705882353
,3.4156862745098038
,3.4156862745098038
,
