system:time_start,tree_canopy_cover
,0.33725490196078434
,0.27450980392156865
,0.38823529411764707
,
