system:time_start,tree_canopy_cover
,1.3176470588235294
,1.6941176470588235
,1.5372549019607842
,
