system:time_start,tree_canopy_cover
,0.08235294117647059
,0.08235294117647059
,0.49411764705882355
,
