system:time_start,tree_canopy_cover
,0.16470588235294117
,0.2
,0.2823529411764706
,
