system:time_start,tree_canopy_cover
,2.1529411764705886
,2.1372549019607843
,3.662745098039216
,
