system:time_start,tree_canopy_cover
,0.27058823529411763
,0.2725490196078431
,0.26862745098039215
,
