system:time_start,tree_canopy_cover
,0.4117647058823529
,0.39215686274509803
,0.39215686274509803
,
