system:time_start,tree_canopy_cover
,7.533333333333333
,7.6039215686274515
,7.615686274509804
,
