system:time_start,tree_canopy_cover
,4.726797385620914
,4.684967320261438
,4.580392156862745
,
