system:time_start,tree_canopy_cover
,0.19607843137254902
,0.0
,0.4215686274509804
,
