system:time_start,tree_canopy_cover
,0.0058823529411764705
,0.011764705882352941
,0.023529411764705882
,
