system:time_start,tree_canopy_cover
,0.38823529411764707
,0.49411764705882355
,0.2823529411764706
,
