system:time_start,tree_canopy_cover
,12.801960784313724
,12.052941176470588
,14.39607843137255
,
