system:time_start,tree_canopy_cover
,0.3352941176470588
,0.3352941176470588
,0.40588235294117647
,
