system:time_start,tree_canopy_cover
,0.5882352941176471
,0.7411764705882353
,0.5588235294117647
,
