system:time_start,tree_canopy_cover
,0.10980392156862745
,0.16470588235294117
,0.5490196078431373
,
