system:time_start,tree_canopy_cover
,5.270588235294118
,3.764705882352941
,4.962745098039216
,
