system:time_start,tree_canopy_cover
,0.9725490196078431
,0.9411764705882353
,1.16078431372549
,
