system:time_start,tree_canopy_cover
,1.588235294117647
,1.611764705882353
,1.6470588235294117
,
