system:time_start,tree_canopy_cover
,4.220261437908497
,4.149019607843138
,3.719607843137255
,
