system:time_start,tree_canopy_cover
,1.4823529411764707
,1.4823529411764707
,1.5705882352941176
,
