system:time_start,tree_canopy_cover
,0.047058823529411764
,0.0784313725490196
,0.0784313725490196
,
