system:time_start,tree_canopy_cover
,0.2431372549019608
,0.20784313725490197
,0.3058823529411765
,
