system:time_start,tree_canopy_cover
,19.217647058823527
,20.81764705882353
,18.619607843137256
,
