system:time_start,tree_canopy_cover
,3.626143790849673
,3.316993464052288
,3.1176470588235294
,
