system:time_start,tree_canopy_cover
,3.8529411764705883
,3.941176470588235
,4.117647058823529
,
