system:time_start,tree_canopy_cover
,0.6980392156862745
,0.584313725490196
,1.4281045751633987
,
