system:time_start,tree_canopy_cover
,0.7294117647058823
,0.7058823529411764
,0.8470588235294118
,
