system:time_start,tree_canopy_cover
,1.9078431372549018
,1.8941176470588235
,1.9352941176470588
,
