system:time_start,tree_canopy_cover
,0.9254901960784314
,0.8941176470588235
,0.8705882352941177
,
