system:time_start,tree_canopy_cover
,3.8235294117647056
,3.8823529411764706
,4.117647058823529
,
