system:time_start,tree_canopy_cover
,0.21764705882352942
,0.22352941176470587
,0.22156862745098038
,
