system:time_start,tree_canopy_cover
,2.9215686274509807
,3.3137254901960786
,3.164705882352941
,
