system:time_start,tree_canopy_cover
,1.516339869281046
,1.0666666666666667
,1.8300653594771243
,
