system:time_start,tree_canopy_cover
,0.4117647058823529
,0.3980392156862745
,0.5078431372549019
,
