system:time_start,tree_canopy_cover
,1.1058823529411765
,1.1294117647058823
,1.1529411764705881
,
