system:time_start,tree_canopy_cover
,1.7098039215686274
,1.5411764705882351
,2.0549019607843135
,
