system:time_start,tree_canopy_cover
,3.2509803921568627
,3.576470588235294
,3.419607843137255
,
