system:time_start,tree_canopy_cover
,0.00784313725490196
,0.01568627450980392
,0.25098039215686274
,
