system:time_start,tree_canopy_cover
,0.2627450980392157
,0.22745098039215686
,0.42352941176470593
,
