system:time_start,tree_canopy_cover
,3.8588235294117648
,3.811764705882353
,3.6
,
