system:time_start,tree_canopy_cover
,0.06666666666666667
,0.10588235294117647
,0.32941176470588235
,
