system:time_start,tree_canopy_cover
,0.10196078431372549
,0.10196078431372549
,0.20392156862745098
,
