system:time_start,tree_canopy_cover
,0.27647058823529413
,0.27647058823529413
,0.2535947712418301
,
