system:time_start,tree_canopy_cover
,0.5490196078431373
,0.7058823529411764
,0.7450980392156863
,
