system:time_start,tree_canopy_cover
,1.5947712418300655
,1.9372549019607843
,2.0901960784313727
,
