system:time_start,tree_canopy_cover
,6.915032679738562
,6.583006535947712
,7.138562091503268
,
