system:time_start,tree_canopy_cover
,2.2862745098039214
,2.7176470588235295
,2.631372549019608
,
