system:time_start,tree_canopy_cover
,3.1176470588235294
,3.7058823529411766
,3.588235294117647
,
