system:time_start,tree_canopy_cover
,2.0392156862745097
,1.6627450980392156
,2.792156862745098
,
