system:time_start,tree_canopy_cover
,0.34705882352941175
,0.3588235294117647
,0.3176470588235294
,
