system:time_start,tree_canopy_cover
,0.3568627450980392
,0.24705882352941178
,0.6313725490196078
,
