system:time_start,tree_canopy_cover
,1.5215686274509805
,1.5549019607843138
,1.6176470588235294
,
