system:time_start,tree_canopy_cover
,1.7647058823529411
,2.223529411764706
,1.6764705882352942
,
