system:time_start,tree_canopy_cover
,0.0
,0.12549019607843137
,0.6535947712418301
,
