system:time_start,tree_canopy_cover
,1.707843137254902
,1.280392156862745
,1.5098039215686274
,
