system:time_start,tree_canopy_cover
,0.021568627450980392
,0.021568627450980392
,0.19411764705882353
,
