system:time_start,tree_canopy_cover
,1.3176470588235294
,1.2705882352941176
,1.3647058823529412
,
