system:time_start,tree_canopy_cover
,13.137254901960784
,13.529411764705882
,14.117647058823529
,
