system:time_start,tree_canopy_cover
,5.380392156862745
,5.3999999999999995
,5.725490196078431
,
