system:time_start,tree_canopy_cover
,0.5908496732026143
,0.5856209150326798
,0.5725490196078431
,
