system:time_start,tree_canopy_cover
,0.6901960784313725
,0.5647058823529412
,0.6745098039215687
,
