system:time_start,tree_canopy_cover
,0.0
,0.0196078431372549
,0.0196078431372549
,
