system:time_start,tree_canopy_cover
,0.01568627450980392
,0.047058823529411764
,0.10980392156862745
,
