system:time_start,tree_canopy_cover
,22.3
,22.507843137254902
,22.54509803921569
,
