system:time_start,tree_canopy_cover
,3.3725490196078427
,3.4196078431372547
,3.6392156862745098
,
