system:time_start,tree_canopy_cover
,1.1568627450980393
,1.1235294117647059
,0.9235294117647059
,
