system:time_start,tree_canopy_cover
,1.8705882352941177
,1.7294117647058824
,1.923529411764706
,
