system:time_start,tree_canopy_cover
,0.888235294117647
,0.888235294117647
,0.9058823529411765
,
