system:time_start,tree_canopy_cover
,0.5411764705882353
,0.6666666666666666
,1.0980392156862746
,
