system:time_start,tree_canopy_cover
,0.5588235294117647
,0.7352941176470588
,0.6764705882352942
,
