system:time_start,tree_canopy_cover
,0.20784313725490194
,0.20784313725490194
,0.20980392156862746
,
