system:time_start,tree_canopy_cover
,1.7934640522875815
,2.159477124183007
,2.1411764705882352
,
