system:time_start,tree_canopy_cover
,1.0196078431372548
,0.9803921568627451
,0.9019607843137255
,
