system:time_start,tree_canopy_cover
,1.0588235294117647
,0.9647058823529412
,0.9882352941176471
,
