system:time_start,tree_canopy_cover
,0.5294117647058824
,0.5117647058823529
,0.6529411764705882
,
