system:time_start,tree_canopy_cover
,0.7686274509803921
,0.7843137254901961
,0.8156862745098039
,
