system:time_start,tree_canopy_cover
,0.19607843137254902
,0.1568627450980392
,0.29411764705882354
,
