system:time_start,tree_canopy_cover
,2.603921568627451
,2.5098039215686274
,2.9490196078431374
,
