system:time_start,tree_canopy_cover
,0.1196078431372549
,0.07647058823529412
,0.1588235294117647
,
