system:time_start,tree_canopy_cover
,1.5686274509803921
,1.5098039215686274
,1.9607843137254901
,
