system:time_start,tree_canopy_cover
,2.7450980392156863
,2.627450980392157
,2.196078431372549
,
