system:time_start,tree_canopy_cover
,0.5882352941176471
,0.5882352941176471
,0.6862745098039216
,
