system:time_start,tree_canopy_cover
,2.6313725490196083
,2.7372549019607844
,2.5921568627450977
,
