system:time_start,tree_canopy_cover
,0.050980392156862744
,0.050980392156862744
,0.2411764705882353
,
