system:time_start,tree_canopy_cover
,0.6078431372549019
,0.6078431372549019
,0.6470588235294118
,
