system:time_start,tree_canopy_cover
,0.34509803921568627
,0.40784313725490196
,1.0352941176470587
,
