system:time_start,tree_canopy_cover
,1.7450980392156863
,1.7647058823529411
,1.7647058823529411
,
