system:time_start,tree_canopy_cover
,0.5098039215686274
,0.5176470588235293
,0.5490196078431373
,
