system:time_start,tree_canopy_cover
,3.5941176470588236
,3.5941176470588236
,3.296732026143791
,
