system:time_start,tree_canopy_cover
,0.9588235294117647
,1.1823529411764706
,1.2986928104575162
,
