system:time_start,tree_canopy_cover
,7.0
,6.333333333333333
,6.733333333333333
,
