system:time_start,tree_canopy_cover
,11.980392156862745
,12.164705882352942
,12.901960784313726
,
