system:time_start,tree_canopy_cover
,0.6470588235294118
,0.611764705882353
,0.611764705882353
,
