system:time_start,tree_canopy_cover
,0.3333333333333333
,0.3333333333333333
,0.6928104575163399
,
