system:time_start,tree_canopy_cover
,0.4549019607843137
,0.43137254901960786
,0.5019607843137255
,
