system:time_start,tree_canopy_cover
,20.774509803921568
,21.017647058823528
,21.276470588235295
,
