system:time_start,tree_canopy_cover
,1.2058823529411764
,1.196078431372549
,1.1862745098039216
,
