system:time_start,tree_canopy_cover
,0.2980392156862745
,0.33725490196078434
,0.22745098039215686
,
