system:time_start,tree_canopy_cover
,5.874509803921569
,5.7176470588235295
,5.466666666666667
,
