system:time_start,tree_canopy_cover
,4.972549019607842
,4.4941176470588236
,4.227450980392157
,
