system:time_start,tree_canopy_cover
,0.9254901960784314
,0.8
,0.8470588235294118
,
