system:time_start,tree_canopy_cover
,0.8372549019607843
,0.7823529411764706
,0.4392156862745098
,
