system:time_start,tree_canopy_cover
,1.072549019607843
,1.103921568627451
,1.815686274509804
,
