system:time_start,tree_canopy_cover
,1.1333333333333333
,1.0666666666666667
,0.9333333333333333
,
