system:time_start,tree_canopy_cover
,0.8235294117647058
,0.8235294117647058
,0.7607843137254903
,
