system:time_start,tree_canopy_cover
,0.27058823529411763
,0.27058823529411763
,0.3352941176470588
,
