system:time_start,tree_canopy_cover
,5.811764705882353
,5.898039215686275
,6.972549019607843
,
