system:time_start,tree_canopy_cover
,0.03529411764705882
,0.0
,0.09411764705882353
,
