system:time_start,tree_canopy_cover
,0.2
,0.18823529411764706
,0.16470588235294117
,
