system:time_start,tree_canopy_cover
,1.1392156862745098
,1.0980392156862746
,1.1666666666666667
,
