system:time_start,tree_canopy_cover
,0.7529411764705882
,0.9411764705882353
,1.6941176470588235
,
