system:time_start,tree_canopy_cover
,0.7019607843137254
,0.7137254901960784
,0.8653594771241829
,
