system:time_start,tree_canopy_cover
,1.2215686274509803
,1.2352941176470589
,1.2352941176470589
,
