system:time_start,tree_canopy_cover
,3.0352941176470587
,3.5294117647058822
,3.2470588235294118
,
