system:time_start,tree_canopy_cover
,23.701960784313723
,26.164705882352937
,24.26470588235294
,
