system:time_start,tree_canopy_cover
,2.2823529411764705
,1.6411764705882352
,2.164705882352941
,
