system:time_start,tree_canopy_cover
,0.29215686274509806
,0.9222222222222222
,2.7522875816993464
,
