system:time_start,tree_canopy_cover
,2.803921568627451
,2.480392156862745
,2.803921568627451
,
