system:time_start,tree_canopy_cover
,1.9784313725490197
,1.831372549019608
,2.1333333333333333
,
