system:time_start,tree_canopy_cover
,0.39215686274509803
,0.4156862745098039
,0.4235294117647059
,
