system:time_start,tree_canopy_cover
,1.6058823529411765
,1.4019607843137254
,1.9117647058823528
,
