system:time_start,tree_canopy_cover
,0.580392156862745
,0.6274509803921569
,0.6431372549019607
,
