system:time_start,tree_canopy_cover
,8.198039215686276
,8.77843137254902
,7.980392156862746
,
