system:time_start,tree_canopy_cover
,0.10065359477124183
,0.10588235294117647
,0.12810457516339868
,
