system:time_start,tree_canopy_cover
,1.576470588235294
,1.6235294117647059
,1.6941176470588235
,
