system:time_start,tree_canopy_cover
,0.10588235294117647
,0.07320261437908496
,0.4117647058823529
,
