system:time_start,tree_canopy_cover
,0.8156862745098039
,0.5647058823529412
,0.6745098039215687
,
