system:time_start,tree_canopy_cover
,0.2117647058823529
,0.21176470588235294
,0.2823529411764706
,
