system:time_start,tree_canopy_cover
,1.303921568627451
,1.2215686274509805
,0.8235294117647058
,
