system:time_start,tree_canopy_cover
,1.0588235294117647
,0.8470588235294118
,1.9411764705882353
,
