system:time_start,tree_canopy_cover
,0.19607843137254902
,0.20784313725490194
,0.21176470588235294
,
