system:time_start,tree_canopy_cover
,0.3254901960784314
,0.0
,3.1490196078431376
,
