system:time_start,tree_canopy_cover
,10.611764705882353
,12.027450980392157
,11.890196078431373
,
