system:time_start,tree_canopy_cover
,4.541176470588235
,4.2823529411764705
,4.6117647058823525
,
