system:time_start,tree_canopy_cover
,0.2980392156862745
,0.2705882352941177
,0.32941176470588235
,
