system:time_start,tree_canopy_cover
,0.35163398692810455
,0.30980392156862746
,0.415686274509804
,
