system:time_start,tree_canopy_cover
,0.2823529411764706
,0.23529411764705882
,0.2823529411764706
,
