system:time_start,tree_canopy_cover
,1.6627450980392156
,1.9764705882352942
,1.9137254901960783
,
