system:time_start,tree_canopy_cover
,10.48235294117647
,9.83921568627451
,10.074509803921568
,
