system:time_start,tree_canopy_cover
,0.4666666666666667
,0.39215686274509803
,0.5411764705882353
,
