system:time_start,tree_canopy_cover
,0.6
,0.44705882352941173
,0.7294117647058823
,
