system:time_start,tree_canopy_cover
,2.3529411764705883
,2.541176470588235
,2.6823529411764704
,
