system:time_start,tree_canopy_cover
,0.0196078431372549
,0.023529411764705882
,0.07058823529411765
,
