system:time_start,tree_canopy_cover
,8.15294117647059
,8.670588235294119
,8.670588235294119
,
