system:time_start,tree_canopy_cover
,1.223529411764706
,1.1764705882352942
,1.0823529411764705
,
