system:time_start,tree_canopy_cover
,0.06666666666666667
,0.15294117647058822
,0.21568627450980393
,
