system:time_start,tree_canopy_cover
,1.5372549019607842
,1.496078431372549
,1.5509803921568628
,
