system:time_start,tree_canopy_cover
,6.411764705882352
,6.3392156862745095
,7.4901960784313735
,
