system:time_start,tree_canopy_cover
,1.1058823529411765
,1.1058823529411765
,1.0143790849673204
,
