system:time_start,tree_canopy_cover
,0.29542483660130714
,0.2928104575163399
,0.28627450980392155
,
