system:time_start,tree_canopy_cover
,0.058823529411764705
,0.058823529411764705
,0.27450980392156865
,
