system:time_start,tree_canopy_cover
,0.0784313725490196
,0.0784313725490196
,0.12549019607843137
,
