system:time_start,tree_canopy_cover
,0.047058823529411764
,0.10980392156862745
,0.11764705882352941
,
