system:time_start,tree_canopy_cover
,0.12941176470588234
,0.08627450980392157
,0.08627450980392157
,
