system:time_start,tree_canopy_cover
,27.48823529411765
,27.970588235294116
,26.2
,
