system:time_start,tree_canopy_cover
,0.10980392156862745
,0.19215686274509802
,0.10980392156862745
,
