system:time_start,tree_canopy_cover
,2.880392156862745
,3.0843137254901962
,2.803921568627451
,
