system:time_start,tree_canopy_cover
,0.2
,0.22745098039215686
,0.4235294117647058
,
