system:time_start,tree_canopy_cover
,0.44705882352941173
,0.44705882352941173
,0.5215686274509804
,
