system:time_start,tree_canopy_cover
,3.3333333333333335
,2.3529411764705883
,2.156862745098039
,
