system:time_start,tree_canopy_cover
,2.0941176470588236
,2.1176470588235294
,2.1176470588235294
,
