system:time_start,tree_canopy_cover
,0.4392156862745098
,0.5019607843137255
,0.40784313725490196
,
