system:time_start,tree_canopy_cover
,0.8771241830065358
,0.8915032679738563
,1.1215686274509804
,
