system:time_start,tree_canopy_cover
,0.8137254901960784
,0.7843137254901961
,0.9215686274509803
,
