system:time_start,tree_canopy_cover
,2.619607843137255
,1.5333333333333332
,3.376470588235294
,
