system:time_start,tree_canopy_cover
,2.756862745098039
,2.7725490196078435
,2.8019607843137257
,
