system:time_start,tree_canopy_cover
,1.6392156862745098
,1.5647058823529412
,1.788235294117647
,
