system:time_start,tree_canopy_cover
,1.3254901960784313
,1.4784313725490197
,1.4745098039215685
,
