system:time_start,tree_canopy_cover
,1.3490196078431373
,1.6862745098039218
,2.5294117647058827
,
