system:time_start,tree_canopy_cover
,0.3607843137254902
,0.18823529411764706
,0.27058823529411763
,
