system:time_start,tree_canopy_cover
,0.08627450980392157
,0.29215686274509806
,0.32156862745098036
,
