system:time_start,tree_canopy_cover
,1.080392156862745
,1.1176470588235294
,1.192156862745098
,
