system:time_start,tree_canopy_cover
,0.23137254901960785
,0.0
,0.6941176470588235
,
