system:time_start,tree_canopy_cover
,3.662745098039216
,4.235294117647059
,3.925490196078431
,
