system:time_start,tree_canopy_cover
,6.074509803921568
,6.035294117647059
,4.352941176470589
,
