system:time_start,tree_canopy_cover
,0.0
,0.02483660130718954
,1.0712418300653594
,
