system:time_start,tree_canopy_cover
,0.00522875816993464
,0.00392156862745098
,0.01045751633986928
,
