system:time_start,tree_canopy_cover
,0.3333333333333333
,0.2549019607843137
,0.6176470588235294
,
