system:time_start,tree_canopy_cover
,2.564705882352941
,2.4823529411764707
,3.0470588235294116
,
