system:time_start,tree_canopy_cover
,2.4156862745098038
,1.5058823529411764
,1.580392156862745
,
