system:time_start,tree_canopy_cover
,3.019607843137255
,2.4980392156862745
,2.607843137254902
,
