system:time_start,tree_canopy_cover
,1.3764705882352941
,1.2352941176470589
,1.4117647058823528
,
