system:time_start,tree_canopy_cover
,0.49411764705882355
,0.49411764705882355
,0.5235294117647059
,
