system:time_start,tree_canopy_cover
,0.047058823529411764
,0.18823529411764706
,0.3058823529411765
,
