system:time_start,tree_canopy_cover
,0.48823529411764705
,0.5529411764705883
,0.5529411764705883
,
