system:time_start,tree_canopy_cover
,0.3333333333333333
,0.3568627450980392
,0.38169934640522873
,
