system:time_start,tree_canopy_cover
,2.537254901960784
,2.368627450980392
,2.2470588235294118
,
