system:time_start,tree_canopy_cover
,0.32941176470588235
,0.32941176470588235
,0.34901960784313724
,
