system:time_start,tree_canopy_cover
,25.313725490196077
,23.96078431372549
,24.429411764705883
,
