system:time_start,tree_canopy_cover
,5.88235294117647
,6.470588235294118
,5.764705882352941
,
