system:time_start,tree_canopy_cover
,10.058823529411764
,8.705882352941178
,9.247058823529413
,
