system:time_start,tree_canopy_cover
,2.2901960784313724
,1.488235294117647
,3.088235294117647
,
