system:time_start,tree_canopy_cover
,3.2039215686274507
,2.8313725490196076
,2.427450980392157
,
