system:time_start,tree_canopy_cover
,0.5764705882352941
,0.32941176470588235
,0.6313725490196078
,
