system:time_start,tree_canopy_cover
,1.6941176470588235
,1.16078431372549
,1.5215686274509803
,
