system:time_start,tree_canopy_cover
,0.0392156862745098
,0.03137254901960784
,0.06274509803921569
,
