system:time_start,tree_canopy_cover
,4.88235294117647
,4.956862745098039
,5.094117647058823
,
