system:time_start,tree_canopy_cover
,9.776470588235295
,9.47843137254902
,8.894117647058824
,
