system:time_start,tree_canopy_cover
,0.5882352941176471
,0.5019607843137255
,0.4784313725490196
,
