system:time_start,tree_canopy_cover
,0.2333333333333333
,0.2901960784313725
,0.32156862745098036
,
