system:time_start,tree_canopy_cover
,2.4156862745098038
,2.3294117647058825
,2.5019607843137255
,
