system:time_start,tree_canopy_cover
,3.135294117647059
,3.441176470588235
,3.0588235294117645
,
