system:time_start,tree_canopy_cover
,0.1764705882352941
,0.21176470588235294
,0.23529411764705882
,
