system:time_start,tree_canopy_cover
,1.1
,1.3666666666666667
,1.4333333333333333
,
