system:time_start,tree_canopy_cover
,4.4411764705882355
,4.4411764705882355
,4.529411764705882
,
