system:time_start,tree_canopy_cover
,2.5921568627450977
,2.884313725490196
,4.196078431372549
,
