system:time_start,tree_canopy_cover
,4.364705882352941
,4.0627450980392155
,3.7019607843137257
,
