system:time_start,tree_canopy_cover
,1.5529411764705883
,1.5529411764705883
,2.0
,
