system:time_start,tree_canopy_cover
,16.158823529411766
,15.529411764705884
,14.262745098039217
,
