system:time_start,tree_canopy_cover
,1.3176470588235294
,1.0980392156862746
,1.3176470588235294
,
