system:time_start,tree_canopy_cover
,0.023529411764705882
,0.023529411764705882
,0.047058823529411764
,
