system:time_start,tree_canopy_cover
,1.1411764705882352
,0.9764705882352941
,1.0823529411764705
,
