system:time_start,tree_canopy_cover
,1.8509803921568628
,1.6
,1.6941176470588235
,
