system:time_start,tree_canopy_cover
,0.9490196078431372
,0.7764705882352941
,1.5098039215686274
,
