system:time_start,tree_canopy_cover
,0.6666666666666666
,0.5490196078431373
,0.7764705882352941
,
