system:time_start,tree_canopy_cover
,0.3352941176470588
,0.3411764705882353
,0.16470588235294117
,
