system:time_start,tree_canopy_cover
,1.6313725490196078
,1.5372549019607842
,1.6313725490196078
,
