system:time_start,tree_canopy_cover
,4.698039215686274
,4.384313725490196
,6.5019607843137255
,
