system:time_start,tree_canopy_cover
,0.19411764705882353
,0.12941176470588234
,0.09803921568627451
,
