system:time_start,tree_canopy_cover
,0.00392156862745098
,0.00196078431372549
,0.013725490196078431
,
