system:time_start,tree_canopy_cover
,13.450980392156863
,12.811764705882354
,13.988235294117647
,
