system:time_start,tree_canopy_cover
,3.2745098039215685
,3.447058823529412
,3.4941176470588236
,
