system:time_start,tree_canopy_cover
,0.06274509803921569
,0.06666666666666667
,0.18627450980392157
,
