system:time_start,tree_canopy_cover
,0.9666666666666667
,1.0470588235294118
,1.3627450980392157
,
