system:time_start,tree_canopy_cover
,0.35294117647058826
,0.6274509803921569
,1.176470588235294
,
