system:time_start,tree_canopy_cover
,0.20130718954248367
,0.21176470588235294
,0.25620915032679736
,
