system:time_start,tree_canopy_cover
,0.4784313725490196
,0.776470588235294
,1.1176470588235294
,
