system:time_start,tree_canopy_cover
,1.168627450980392
,1.1294117647058823
,1.384313725490196
,
