system:time_start,tree_canopy_cover
,11.200000000000001
,11.598039215686276
,11.682352941176472
,
