system:time_start,tree_canopy_cover
,2.173856209150327
,3.2941176470588234
,4.411764705882353
,
