system:time_start,tree_canopy_cover
,17.49542483660131
,16.580392156862747
,16.141176470588235
,
