system:time_start,tree_canopy_cover
,22.737254901960785
,23.541176470588233
,19.345098039215685
,
