system:time_start,tree_canopy_cover
,0.00784313725490196
,0.011764705882352941
,0.01568627450980392
,
