system:time_start,tree_canopy_cover
,1.811764705882353
,1.811764705882353
,1.919607843137255
,
