system:time_start,tree_canopy_cover
,0.39215686274509803
,0.6274509803921569
,1.0862745098039215
,
