system:time_start,tree_canopy_cover
,0.26666666666666666
,0.26666666666666666
,0.20392156862745098
,
