system:time_start,tree_canopy_cover
,1.7980392156862746
,1.8941176470588235
,1.8666666666666667
,
