system:time_start,tree_canopy_cover
,1.576470588235294
,1.4431372549019605
,1.1803921568627451
,
