system:time_start,tree_canopy_cover
,25.694117647058825
,27.41176470588235
,28.64313725490196
,
