system:time_start,tree_canopy_cover
,0.0
,0.03137254901960784
,0.11764705882352941
,
