system:time_start,tree_canopy_cover
,20.527450980392157
,20.44705882352941
,12.26078431372549
,
