system:time_start,tree_canopy_cover
,3.2941176470588234
,3.1058823529411765
,3.0588235294117645
,
