system:time_start,tree_canopy_cover
,1.3549019607843138
,1.2607843137254902
,1.1980392156862745
,
