system:time_start,tree_canopy_cover
,2.4
,1.9764705882352942
,2.0470588235294116
,
