system:time_start,tree_canopy_cover
,0.17254901960784313
,0.20392156862745098
,0.5176470588235293
,
