system:time_start,tree_canopy_cover
,0.0
,0.058823529411764705
,0.23529411764705882
,
