system:time_start,tree_canopy_cover
,0.1411764705882353
,0.14901960784313725
,0.16470588235294117
,
