system:time_start,tree_canopy_cover
,1.5032679738562091
,1.9411764705882353
,2.695424836601307
,
