system:time_start,tree_canopy_cover
,0.10196078431372547
,0.10980392156862746
,0.32941176470588235
,
