system:time_start,tree_canopy_cover
,3.8705882352941177
,4.454901960784314
,5.388235294117647
,
