system:time_start,tree_canopy_cover
,0.40980392156862744
,0.3686274509803922
,0.39215686274509803
,
