system:time_start,tree_canopy_cover
,2.492156862745098
,2.4137254901960783
,2.576470588235294
,
