system:time_start,tree_canopy_cover
,0.2588235294117647
,0.27058823529411763
,0.27058823529411763
,
