system:time_start,tree_canopy_cover
,9.643137254901962
,9.819607843137254
,10.317647058823528
,
