system:time_start,tree_canopy_cover
,0.25098039215686274
,0.27450980392156865
,0.4
,
