system:time_start,tree_canopy_cover
,0.7705882352941177
,0.8117647058823529
,0.8
,
