system:time_start,tree_canopy_cover
,2.227450980392157
,2.023529411764706
,2.572549019607843
,
