system:time_start,tree_canopy_cover
,2.466666666666667
,2.427450980392157
,2.3705882352941177
,
