system:time_start,tree_canopy_cover
,6.898039215686275
,6.7215686274509805
,6.96078431372549
,
