system:time_start,tree_canopy_cover
,1.1294117647058823
,0.9098039215686275
,0.807843137254902
,
