system:time_start,tree_canopy_cover
,4.572549019607843
,5.435294117647059
,5.262745098039216
,
