system:time_start,tree_canopy_cover
,0.2156862745098039
,0.35686274509803917
,0.5098039215686275
,
