system:time_start,tree_canopy_cover
,3.976470588235294
,3.768627450980392
,3.8117647058823527
,
