system:time_start,tree_canopy_cover
,3.9215686274509802
,3.1372549019607843
,4.215686274509804
,
