system:time_start,tree_canopy_cover
,1.2
,1.7294117647058824
,1.7647058823529411
,
