system:time_start,tree_canopy_cover
,0.8784313725490196
,0.8784313725490196
,0.8156862745098039
,
