system:time_start,tree_canopy_cover
,0.06666666666666667
,0.11568627450980393
,0.29673202614379085
,
