system:time_start,tree_canopy_cover
,1.0980392156862746
,1.0588235294117647
,1.1372549019607843
,
