system:time_start,tree_canopy_cover
,0.42745098039215684
,0.4156862745098039
,0.48627450980392156
,
