system:time_start,tree_canopy_cover
,0.5705882352941176
,0.48823529411764705
,0.5411764705882353
,
