system:time_start,tree_canopy_cover
,20.71764705882353
,22.341176470588238
,23.919607843137257
,
