system:time_start,tree_canopy_cover
,4.145098039215686
,3.8156862745098037
,3.556862745098039
,
