system:time_start,tree_canopy_cover
,0.25098039215686274
,0.19607843137254902
,0.2549019607843137
,
