system:time_start,tree_canopy_cover
,0.43529411764705883
,0.5058823529411764
,0.49411764705882355
,
