system:time_start,tree_canopy_cover
,1.603921568627451
,1.5176470588235293
,1.6784313725490196
,
