system:time_start,tree_canopy_cover
,6.352941176470588
,6.447058823529412
,6.588235294117647
,
