system:time_start,tree_canopy_cover
,0.1764705882352941
,0.1411764705882353
,0.2117647058823529
,
