system:time_start,tree_canopy_cover
,0.3529411764705882
,0.32156862745098036
,0.32941176470588235
,
