system:time_start,tree_canopy_cover
,1.7333333333333334
,1.6313725490196078
,1.427450980392157
,
