system:time_start,tree_canopy_cover
,0.6588235294117647
,0.2196078431372549
,0.7686274509803921
,
