system:time_start,tree_canopy_cover
,0.06862745098039216
,0.09803921568627451
,0.10588235294117647
,
