system:time_start,tree_canopy_cover
,0.0
,0.00392156862745098
,0.011764705882352941
,
