system:time_start,tree_canopy_cover
,0.8627450980392157
,0.8627450980392157
,0.7058823529411764
,
