system:time_start,tree_canopy_cover
,0.3215686274509804
,0.13725490196078433
,0.8313725490196079
,
