system:time_start,tree_canopy_cover
,0.5176470588235293
,0.6588235294117647
,0.3764705882352941
,
