system:time_start,tree_canopy_cover
,0.7973856209150326
,0.8104575163398693
,1.0196078431372548
,
