system:time_start,tree_canopy_cover
,2.6627450980392156
,2.2784313725490195
,2.5254901960784313
,
