system:time_start,tree_canopy_cover
,1.8588235294117645
,1.8352941176470587
,1.9999999999999998
,
