system:time_start,tree_canopy_cover
,0.2627450980392157
,0.2627450980392157
,0.5254901960784314
,
