system:time_start,tree_canopy_cover
,1.464705882352941
,1.6588235294117646
,1.6588235294117646
,
