system:time_start,tree_canopy_cover
,0.23529411764705882
,0.23529411764705882
,0.27450980392156865
,
