system:time_start,tree_canopy_cover
,0.043137254901960784
,0.08627450980392157
,0.08627450980392157
,
