system:time_start,tree_canopy_cover
,1.5058823529411764
,1.6313725490196078
,1.6784313725490196
,
