system:time_start,tree_canopy_cover
,2.3058823529411763
,2.3529411764705883
,2.447058823529412
,
