system:time_start,tree_canopy_cover
,0.6705882352941176
,0.8823529411764706
,0.8117647058823529
,
