system:time_start,tree_canopy_cover
,4.764705882352941
,4.6156862745098035
,4.925490196078431
,
