system:time_start,tree_canopy_cover
,2.2509803921568627
,3.211764705882353
,2.8
,
