system:time_start,tree_canopy_cover
,1.003921568627451
,0.9803921568627452
,0.9647058823529411
,
