system:time_start,tree_canopy_cover
,0.8156862745098039
,0.9411764705882353
,1.16078431372549
,
