system:time_start,tree_canopy_cover
,0.43137254901960786
,0.4411764705882353
,0.6372549019607843
,
