system:time_start,tree_canopy_cover
,0.8705882352941177
,1.011764705882353
,0.9882352941176471
,
