system:time_start,tree_canopy_cover
,0.09803921568627451
,0.11764705882352941
,0.21568627450980393
,
