system:time_start,tree_canopy_cover
,1.9725490196078432
,1.3176470588235294
,1.3137254901960784
,
