system:time_start,tree_canopy_cover
,0.23529411764705882
,0.3137254901960784
,1.207843137254902
,
