system:time_start,tree_canopy_cover
,1.3313725490196078
,1.1392156862745098
,1.2627450980392156
,
