system:time_start,tree_canopy_cover
,5.929411764705883
,6.133333333333333
,6.345098039215686
,
