system:time_start,tree_canopy_cover
,0.2980392156862745
,0.39215686274509803
,0.3607843137254902
,
