system:time_start,tree_canopy_cover
,26.945098039215686
,27.67843137254902
,28.89411764705882
,
