system:time_start,tree_canopy_cover
,9.882352941176471
,9.568627450980392
,9.490196078431373
,
