system:time_start,tree_canopy_cover
,0.12941176470588234
,0.13725490196078433
,0.10980392156862745
,
