system:time_start,tree_canopy_cover
,0.1797385620915033
,0.23333333333333334
,0.39869281045751637
,
