system:time_start,tree_canopy_cover
,7.849019607843138
,8.45686274509804
,7.449019607843137
,
