system:time_start,tree_canopy_cover
,1.883660130718954
,1.9555555555555557
,2.8901960784313725
,
