system:time_start,tree_canopy_cover
,0.01568627450980392
,0.0
,0.9901960784313726
,
