system:time_start,tree_canopy_cover
,0.08627450980392157
,0.10980392156862745
,0.11372549019607843
,
