system:time_start,tree_canopy_cover
,1.3058823529411765
,1.5176470588235293
,1.4823529411764707
,
