system:time_start,tree_canopy_cover
,0.21764705882352942
,0.4549019607843137
,1.1326797385620915
,
