system:time_start,tree_canopy_cover
,1.192156862745098
,0.9411764705882353
,2.2588235294117647
,
