system:time_start,tree_canopy_cover
,1.7490196078431373
,1.792156862745098
,2.1843137254901963
,
