system:time_start,tree_canopy_cover
,0.4196078431372549
,0.4235294117647059
,0.44313725490196076
,
