system:time_start,tree_canopy_cover
,1.5529411764705883
,1.768627450980392
,2.545098039215686
,
