system:time_start,tree_canopy_cover
,0.5254901960784314
,0.5411764705882353
,0.5647058823529412
,
