system:time_start,tree_canopy_cover
,1.3450980392156862
,1.388235294117647
,1.3745098039215686
,
