system:time_start,tree_canopy_cover
,1.107843137254902
,0.9509803921568627
,1.3529411764705883
,
