system:time_start,tree_canopy_cover
,3.2333333333333334
,2.7666666666666666
,3.0666666666666664
,
