system:time_start,tree_canopy_cover
,1.1372549019607843
,1.2549019607843137
,2.019607843137255
,
