system:time_start,tree_canopy_cover
,1.5686274509803921
,1.2549019607843137
,1.6627450980392156
,
