system:time_start,tree_canopy_cover
,3.0549019607843135
,3.376470588235294
,3.380392156862745
,
