system:time_start,tree_canopy_cover
,0.16470588235294117
,0.13333333333333333
,0.21176470588235294
,
