system:time_start,tree_canopy_cover
,2.2862745098039214
,2.243137254901961
,2.243137254901961
,
