system:time_start,tree_canopy_cover
,2.847058823529412
,3.3882352941176466
,3.8588235294117648
,
