system:time_start,tree_canopy_cover
,1.396078431372549
,1.4117647058823528
,1.4117647058823528
,
