system:time_start,tree_canopy_cover
,0.19607843137254902
,0.1803921568627451
,0.19607843137254902
,
