system:time_start,tree_canopy_cover
,2.7019607843137257
,3.211764705882353
,3.1098039215686275
,
