system:time_start,tree_canopy_cover
,0.47058823529411764
,0.48627450980392156
,0.4156862745098039
,
