system:time_start,tree_canopy_cover
,0.5529411764705883
,0.12941176470588234
,0.46862745098039216
,
