system:time_start,tree_canopy_cover
,0.09411764705882353
,0.08627450980392157
,0.08627450980392157
,
