system:time_start,tree_canopy_cover
,1.8333333333333333
,1.5098039215686274
,2.135294117647059
,
