system:time_start,tree_canopy_cover
,8.223529411764705
,7.933333333333333
,9.313725490196077
,
