system:time_start,tree_canopy_cover
,2.0549019607843135
,2.0941176470588236
,2.211764705882353
,
