system:time_start,tree_canopy_cover
,0.16470588235294117
,0.11764705882352941
,0.16470588235294117
,
