system:time_start,tree_canopy_cover
,0.9588235294117646
,0.8745098039215686
,0.9705882352941176
,
