system:time_start,tree_canopy_cover
,0.3411764705882353
,0.18823529411764706
,0.4
,
