system:time_start,tree_canopy_cover
,0.0196078431372549
,0.043137254901960784
,0.050980392156862744
,
