system:time_start,tree_canopy_cover
,0.3431372549019608
,0.3235294117647059
,0.5
,
