system:time_start,tree_canopy_cover
,1.8705882352941177
,1.8705882352941177
,1.888235294117647
,
