system:time_start,tree_canopy_cover
,0.8117647058823529
,0.7411764705882353
,0.7764705882352941
,
