system:time_start,tree_canopy_cover
,1.5215686274509803
,1.0098039215686274
,1.4431372549019608
,
