system:time_start,tree_canopy_cover
,0.39019607843137255
,0.6607843137254903
,1.0999999999999999
,
