system:time_start,tree_canopy_cover
,0.0
,0.060784313725490195
,0.37450980392156863
,
