system:time_start,tree_canopy_cover
,0.34509803921568627
,0.2823529411764706
,0.33725490196078434
,
