system:time_start,tree_canopy_cover
,2.6823529411764704
,2.5058823529411764
,2.541176470588235
,
