system:time_start,tree_canopy_cover
,2.3196078431372547
,2.4725490196078432
,2.0137254901960784
,
