system:time_start,tree_canopy_cover
,0.2549019607843137
,0.2588235294117647
,0.27450980392156865
,
