system:time_start,tree_canopy_cover
,3.6862745098039214
,3.331372549019608
,3.331372549019608
,
