system:time_start,tree_canopy_cover
,5.117647058823529
,5.094117647058823
,4.773856209150328
,
