system:time_start,tree_canopy_cover
,0.054901960784313725
,0.0
,0.054901960784313725
,
