system:time_start,tree_canopy_cover
,0.00784313725490196
,0.00784313725490196
,0.023529411764705882
,
