system:time_start,tree_canopy_cover
,0.0392156862745098
,0.0392156862745098
,0.0392156862745098
,
