system:time_start,tree_canopy_cover
,0.1803921568627451
,0.39215686274509803
,0.6588235294117648
,
