system:time_start,tree_canopy_cover
,0.7058823529411764
,0.7529411764705882
,0.7686274509803921
,
