system:time_start,tree_canopy_cover
,3.411764705882353
,3.235294117647059
,3.764705882352941
,
