system:time_start,tree_canopy_cover
,2.015686274509804
,1.83921568627451
,1.884313725490196
,
