system:time_start,tree_canopy_cover
,0.011764705882352941
,0.03529411764705882
,0.08235294117647059
,
