system:time_start,tree_canopy_cover
,9.658823529411766
,7.752941176470588
,10.309803921568628
,
