system:time_start,tree_canopy_cover
,0.7647058823529411
,0.7392156862745098
,0.9431372549019608
,
