system:time_start,tree_canopy_cover
,3.6941176470588233
,3.7411764705882353
,3.7529411764705882
,
