system:time_start,tree_canopy_cover
,1.1411764705882352
,1.2490196078431373
,1.1019607843137256
,
