system:time_start,tree_canopy_cover
,4.776470588235294
,5.105882352941176
,5.6
,
