system:time_start,tree_canopy_cover
,0.2627450980392157
,0.21176470588235297
,0.3137254901960784
,
