system:time_start,tree_canopy_cover
,2.488235294117647
,2.3823529411764706
,2.4352941176470586
,
