system:time_start,tree_canopy_cover
,0.44705882352941173
,0.49411764705882355
,0.5411764705882353
,
