system:time_start,tree_canopy_cover
,89.33464052287583
,93.87973856209152
,98.08496732026144
,
