system:time_start,tree_canopy_cover
,0.16862745098039217
,0.1980392156862745
,0.28627450980392155
,
