system:time_start,tree_canopy_cover
,0.3156862745098039
,0.28823529411764703
,0.30196078431372547
,
