system:time_start,tree_canopy_cover
,0.06274509803921569
,0.06274509803921569
,0.12549019607843137
,
