system:time_start,tree_canopy_cover
,1.1039215686274508
,1.0274509803921568
,1.184313725490196
,
