system:time_start,tree_canopy_cover
,1.4823529411764707
,1.4352941176470588
,1.423529411764706
,
