system:time_start,tree_canopy_cover
,14.554901960784315
,12.543137254901962
,13.858823529411765
,
