system:time_start,tree_canopy_cover
,1.4823529411764707
,1.7019607843137254
,1.784313725490196
,
