system:time_start,tree_canopy_cover
,0.11764705882352941
,0.1411764705882353
,0.12941176470588234
,
