system:time_start,tree_canopy_cover
,0.4
,0.2980392156862745
,0.48627450980392156
,
