system:time_start,tree_canopy_cover
,0.11764705882352941
,0.09411764705882353
,0.1764705882352941
,
