system:time_start,tree_canopy_cover
,0.6705882352941176
,0.6823529411764706
,0.32941176470588235
,
