system:time_start,tree_canopy_cover
,8.294117647058824
,9.176470588235295
,6.529411764705883
,
