system:time_start,tree_canopy_cover
,0.48627450980392156
,0.48627450980392156
,0.5176470588235293
,
