system:time_start,tree_canopy_cover
,0.8313725490196078
,0.9882352941176471
,0.9568627450980391
,
