system:time_start,tree_canopy_cover
,0.12941176470588234
,0.1411764705882353
,0.15294117647058825
,
