system:time_start,tree_canopy_cover
,0.12941176470588234
,0.1568627450980392
,0.1803921568627451
,
