system:time_start,tree_canopy_cover
,0.9882352941176471
,1.4
,1.2901960784313726
,
