system:time_start,tree_canopy_cover
,0.4156862745098039
,0.4156862745098039
,0.4196078431372549
,
