system:time_start,tree_canopy_cover
,0.9058823529411765
,0.9882352941176471
,1.3176470588235294
,
