system:time_start,tree_canopy_cover
,0.9882352941176471
,0.9882352941176471
,1.0470588235294118
,
