system:time_start,tree_canopy_cover
,1.2705882352941176
,1.8
,1.6588235294117646
,
