system:time_start,tree_canopy_cover
,0.26666666666666666
,0.4627450980392157
,0.615686274509804
,
