system:time_start,tree_canopy_cover
,0.6941176470588236
,0.2980392156862745
,1.9450980392156865
,
