system:time_start,tree_canopy_cover
,0.8294117647058823
,0.7999999999999999
,1.1
,
