system:time_start,tree_canopy_cover
,0.8784313725490196
,1.0431372549019609
,0.9333333333333333
,
