system:time_start,tree_canopy_cover
,7.870588235294117
,8.1921568627451
,5.487581699346404
,
