system:time_start,tree_canopy_cover
,0.1803921568627451
,0.16470588235294117
,0.2901960784313726
,
