system:time_start,tree_canopy_cover
,6.141176470588235
,5.552941176470588
,5.317647058823529
,
