system:time_start,tree_canopy_cover
,1.188235294117647
,1.0470588235294118
,0.8823529411764706
,
