system:time_start,tree_canopy_cover
,0.27450980392156865
,0.26666666666666666
,0.5098039215686274
,
