system:time_start,tree_canopy_cover
,2.152941176470588
,2.152941176470588
,2.0941176470588236
,
