system:time_start,tree_canopy_cover
,0.6588235294117647
,0.6705882352941176
,0.6352941176470588
,
