system:time_start,tree_canopy_cover
,0.9803921568627451
,1.0392156862745099
,1.0588235294117647
,
