system:time_start,tree_canopy_cover
,0.8
,0.26666666666666666
,0.9333333333333333
,
