system:time_start,tree_canopy_cover
,0.8
,0.8470588235294118
,0.6745098039215687
,
