system:time_start,tree_canopy_cover
,2.9045751633986923
,2.8209150326797388
,2.7490196078431373
,
