system:time_start,tree_canopy_cover
,4.9411764705882355
,5.176470588235294
,5.294117647058823
,
