system:time_start,tree_canopy_cover
,0.5333333333333333
,0.40784313725490196
,0.9882352941176471
,
