system:time_start,tree_canopy_cover
,4.247058823529411
,4.125490196078431
,4.262745098039216
,
