system:time_start,tree_canopy_cover
,0.5882352941176471
,0.6235294117647059
,0.6352941176470588
,
