system:time_start,tree_canopy_cover
,0.5882352941176471
,0.4862745098039216
,0.42745098039215684
,
