system:time_start,tree_canopy_cover
,0.1411764705882353
,0.16078431372549018
,0.23137254901960785
,
