system:time_start,tree_canopy_cover
,5.252941176470588
,5.252941176470588
,4.818300653594772
,
