system:time_start,tree_canopy_cover
,1.2901960784313726
,1.0980392156862746
,0.9529411764705882
,
