system:time_start,tree_canopy_cover
,0.29411764705882354
,0.4117647058823529
,0.18823529411764706
,
