system:time_start,tree_canopy_cover
,13.607843137254902
,13.772549019607844
,12.566666666666666
,
