system:time_start,tree_canopy_cover
,0.2607843137254902
,0.3431372549019608
,0.3156862745098039
,
