system:time_start,tree_canopy_cover
,0.047058823529411764
,0.047058823529411764
,0.09411764705882353
,
