system:time_start,tree_canopy_cover
,0.21372549019607842
,0.20784313725490194
,0.24313725490196078
,
