system:time_start,tree_canopy_cover
,0.7176470588235294
,0.6705882352941176
,0.3764705882352941
,
