system:time_start,tree_canopy_cover
,1.8823529411764706
,2.0588235294117645
,3.0
,
