system:time_start,tree_canopy_cover
,0.07058823529411765
,0.08235294117647059
,0.14705882352941177
,
