system:time_start,tree_canopy_cover
,0.14509803921568626
,0.2588235294117647
,0.058823529411764705
,
