system:time_start,tree_canopy_cover
,0.2627450980392157
,0.27058823529411763
,0.2823529411764706
,
