system:time_start,tree_canopy_cover
,0.8823529411764706
,0.9411764705882353
,1.1764705882352942
,
