system:time_start,tree_canopy_cover
,21.380392156862744
,23.501960784313724
,20.83529411764706
,
