system:time_start,tree_canopy_cover
,2.2745098039215685
,2.156862745098039
,2.5098039215686274
,
