system:time_start,tree_canopy_cover
,2.6705882352941175
,1.8588235294117648
,3.0039215686274505
,
