system:time_start,tree_canopy_cover
,1.4901960784313726
,1.392156862745098
,1.4117647058823528
,
