system:time_start,tree_canopy_cover
,0.3980392156862745
,0.6176470588235294
,0.7686274509803921
,
