system:time_start,tree_canopy_cover
,0.9313725490196079
,1.2254901960784315
,1.1274509803921569
,
