system:time_start,tree_canopy_cover
,5.858823529411765
,5.898039215686275
,5.9450980392156865
,
