system:time_start,tree_canopy_cover
,10.041176470588237
,9.858823529411765
,10.105882352941176
,
