system:time_start,tree_canopy_cover
,0.13725490196078433
,0.19607843137254902
,0.21176470588235294
,
