system:time_start,tree_canopy_cover
,0.6588235294117647
,0.6588235294117647
,0.6980392156862745
,
