system:time_start,tree_canopy_cover
,2.5254901960784313
,3.4274509803921567
,5.952941176470588
,
