system:time_start,tree_canopy_cover
,0.7058823529411764
,0.7843137254901961
,1.4901960784313726
,
