system:time_start,tree_canopy_cover
,0.16862745098039217
,0.18235294117647058
,0.18823529411764706
,
