system:time_start,tree_canopy_cover
,0.9254901960784314
,0.9568627450980391
,0.8470588235294118
,
