system:time_start,tree_canopy_cover
,0.06274509803921569
,0.0
,1.1431372549019607
,
