system:time_start,tree_canopy_cover
,0.07058823529411765
,0.0
,2.2666666666666666
,
