system:time_start,tree_canopy_cover
,3.1686274509803916
,2.6274509803921564
,2.76078431372549
,
