system:time_start,tree_canopy_cover
,2.156862745098039
,2.2862745098039214
,2.3294117647058825
,
