system:time_start,tree_canopy_cover
,1.3372549019607842
,1.3372549019607842
,1.423529411764706
,
