system:time_start,tree_canopy_cover
,0.5294117647058824
,0.5647058823529412
,0.5764705882352941
,
