system:time_start,tree_canopy_cover
,2.635294117647059
,2.541176470588235
,2.8235294117647056
,
