system:time_start,tree_canopy_cover
,0.4549019607843137
,0.22745098039215686
,1.2509803921568627
,
