system:time_start,tree_canopy_cover
,0.10588235294117647
,0.0
,0.4392156862745098
,
