system:time_start,tree_canopy_cover
,7.494117647058824
,7.494117647058824
,3.235294117647059
,
