system:time_start,tree_canopy_cover
,10.152941176470588
,10.32156862745098
,10.262745098039215
,
