system:time_start,tree_canopy_cover
,1.0294117647058822
,0.9803921568627451
,0.9803921568627451
,
