system:time_start,tree_canopy_cover
,1.1816993464052286
,1.1712418300653595
,1.1450980392156862
,
