system:time_start,tree_canopy_cover
,0.07189542483660132
,0.05751633986928104
,0.11503267973856209
,
