system:time_start,tree_canopy_cover
,0.18823529411764706
,0.12549019607843137
,0.20392156862745098
,
