system:time_start,tree_canopy_cover
,0.5137254901960784
,0.5411764705882353
,0.5333333333333333
,
