system:time_start,tree_canopy_cover
,2.7176470588235295
,2.7176470588235295
,3.5
,
