system:time_start,tree_canopy_cover
,2.4705882352941178
,2.3529411764705883
,2.3529411764705883
,
