system:time_start,tree_canopy_cover
,0.0
,0.23529411764705882
,0.5843137254901961
,
