system:time_start,tree_canopy_cover
,0.08627450980392157
,0.08627450980392157
,0.27450980392156865
,
