system:time_start,tree_canopy_cover
,2.2
,2.070588235294118
,1.8117647058823532
,
