system:time_start,tree_canopy_cover
,0.050980392156862744
,0.047058823529411764
,0.054901960784313725
,
