system:time_start,tree_canopy_cover
,1.156862745098039
,1.196078431372549
,1.0588235294117647
,
