system:time_start,tree_canopy_cover
,0.00392156862745098
,0.00392156862745098
,0.00784313725490196
,
