system:time_start,tree_canopy_cover
,1.6941176470588235
,1.9450980392156862
,2.0392156862745097
,
