system:time_start,tree_canopy_cover
,2.0627450980392155
,2.0313725490196077
,2.1176470588235294
,
