system:time_start,tree_canopy_cover
,4.8392156862745095
,4.945098039215686
,5.4941176470588236
,
