system:time_start,tree_canopy_cover
,9.537254901960784
,8.909803921568628
,9.035294117647059
,
