system:time_start,impervious
978307200000,79902.03529411776
1136073600000,80397.03529411776
1293840000000,80941.03529411776
1451606400000,87950.03529411776
