system:time_start,impervious
978307200000,8308.98039215686
1136073600000,8308.98039215686
1293840000000,8308.98039215686
1451606400000,8310.98039215686
