system:time_start,impervious
978307200000,170176.52156862745
1136073600000,174238.52156862745
1293840000000,183727.52156862745
1451606400000,184555.52156862745
