system:time_start,impervious
978307200000,3307.929411764706
1136073600000,3307.929411764706
1293840000000,3307.929411764706
1451606400000,3307.929411764706
