system:time_start,impervious
978307200000,7522.301960784314
1136073600000,7522.301960784314
1293840000000,7522.301960784314
1451606400000,7657.301960784314
