system:time_start,impervious
978307200000,792049.2745098043
1136073600000,802643.6549019611
1293840000000,809480.635294118
1451606400000,814355.2823529416
