system:time_start,impervious
978307200000,198742.74117647062
1136073600000,210284.82745098046
1293840000000,216199.74117647065
1451606400000,217937.74117647065
