system:time_start,impervious
978307200000,762302.525490195
1136073600000,814002.8588235285
1293840000000,854395.4470588224
1451606400000,883204.6352941162
