system:time_start,impervious
978307200000,666245.8941176467
1136073600000,669554.9607843134
1293840000000,673396.1764705878
1451606400000,697814.2235294115
