system:time_start,impervious
978307200000,15599.949019607857
1136073600000,15599.949019607857
1293840000000,15599.949019607857
1451606400000,15599.949019607857
