system:time_start,impervious
978307200000,54950.337254901984
1136073600000,54950.337254901984
1293840000000,54950.337254901984
1451606400000,54950.337254901984
