system:time_start,impervious
978307200000,87231.4196078432
1136073600000,88085.4196078432
1293840000000,90868.91764705887
1451606400000,91899.91764705889
