system:time_start,impervious
978307200000,303365.294117647
1136073600000,304080.294117647
1293840000000,305175.294117647
1451606400000,306957.294117647
