system:time_start,impervious
978307200000,91594.60392156868
1136073600000,91817.60392156868
1293840000000,92694.60392156868
1451606400000,92694.60392156868
