system:time_start,impervious
978307200000,96.05882352941178
1136073600000,96.05882352941178
1293840000000,96.05882352941178
1451606400000,96.05882352941178
