system:time_start,impervious
978307200000,252034.82352941178
1136073600000,252558.82352941178
1293840000000,256304.82352941178
1451606400000,256918.82352941178
