system:time_start,impervious
978307200000,17406.419607843138
1136073600000,17406.419607843138
1293840000000,17406.419607843138
1451606400000,17406.419607843138
