system:time_start,impervious
978307200000,688.81568627451
1136073600000,688.81568627451
1293840000000,688.81568627451
1451606400000,688.81568627451
