system:time_start,impervious
978307200000,328384.6509803923
1136073600000,352373.6509803923
1293840000000,359096.8078431374
1451606400000,390691.45098039234
