system:time_start,impervious
978307200000,6370.694117647058
1136073600000,6370.694117647058
1293840000000,6370.694117647058
1451606400000,6370.694117647058
