system:time_start,impervious
978307200000,444518.537254902
1136073600000,445499.537254902
1293840000000,447669.04313725495
1451606400000,458893.5725490197
