system:time_start,impervious
978307200000,217173.42745098038
1136073600000,217651.42745098038
1293840000000,217791.42745098038
1451606400000,218438.42745098038
