system:time_start,impervious
978307200000,4125.047058823527
1136073600000,4125.047058823527
1293840000000,4125.047058823527
1451606400000,4125.047058823527
