system:time_start,impervious
978307200000,274665.1921568628
1136073600000,284874.2627450981
1293840000000,290123.30196078436
1451606400000,297731.30196078436
