system:time_start,impervious
978307200000,18151.9843137255
1136073600000,18151.9843137255
1293840000000,18246.984313725497
1451606400000,18446.984313725497
