system:time_start,impervious
978307200000,28718.48627450981
1136073600000,28718.48627450981
1293840000000,28718.48627450981
1451606400000,28718.48627450981
