system:time_start,impervious
978307200000,355785.92941176484
1136073600000,356034.92941176484
1293840000000,356125.92941176484
1451606400000,362622.92941176484
