system:time_start,impervious
978307200000,33778.952941176496
1136073600000,33778.952941176496
1293840000000,33778.952941176496
1451606400000,33780.952941176496
