system:time_start,impervious
978307200000,218552.83137254906
1136073600000,219737.83137254906
1293840000000,220401.83137254906
1451606400000,220957.83137254906
