system:time_start,impervious
978307200000,15461.937254901959
1136073600000,15461.937254901959
1293840000000,15461.937254901959
1451606400000,15461.937254901959
