system:time_start,impervious
978307200000,71612.25882352951
1136073600000,76371.25882352958
1293840000000,76421.25882352958
1451606400000,76939.2588235296
