system:time_start,impervious
978307200000,160340.45098039226
1136073600000,166719.51764705894
1293840000000,167398.54901960795
1451606400000,168630.3529411766
