system:time_start,impervious
978307200000,14800.207843137256
1136073600000,14800.207843137256
1293840000000,14800.207843137256
1451606400000,14800.207843137256
