system:time_start,impervious
978307200000,1827914.4313725494
1136073600000,1835597.5372549023
1293840000000,1840522.537254902
1451606400000,1844089.5529411766
