system:time_start,impervious
978307200000,56175.78039215684
1136073600000,58006.36862745096
1293840000000,58166.36862745096
1451606400000,58257.36862745096
