system:time_start,impervious
978307200000,3222.5607843137245
1136073600000,3222.5607843137245
1293840000000,3222.5607843137245
1451606400000,3222.5607843137245
