system:time_start,impervious
978307200000,3820.247058823529
1136073600000,3820.247058823529
1293840000000,3820.247058823529
1451606400000,3820.247058823529
