system:time_start,impervious
978307200000,3882.0745098039197
1136073600000,3882.0745098039197
1293840000000,3882.0745098039197
1451606400000,3882.0745098039197
