system:time_start,impervious
978307200000,245033.6745098039
1136073600000,257699.5333333334
1293840000000,297655.13725490187
1451606400000,324230.2745098037
