system:time_start,impervious
978307200000,46755.01960784315
1136073600000,46755.01960784315
1293840000000,46755.01960784315
1451606400000,46755.01960784315
