system:time_start,impervious
978307200000,76310.90588235295
1136073600000,76310.90588235295
1293840000000,76310.90588235295
1451606400000,76310.90588235295
