system:time_start,impervious
978307200000,98484.27450980399
1136073600000,98498.27450980399
1293840000000,98517.27450980399
1451606400000,98695.274509804
