system:time_start,impervious
978307200000,21224.937254901994
1136073600000,21224.937254901994
1293840000000,21224.937254901994
1451606400000,21224.937254901994
