system:time_start,impervious
978307200000,31228.13725490202
1136073600000,32099.607843137324
1293840000000,32473.60784313732
1451606400000,36704.60784313734
