system:time_start,impervious
978307200000,318875.6196078431
1136073600000,328995.6196078431
1293840000000,373185.3215686275
1451606400000,517276.1882352941
