system:time_start,impervious
978307200000,143045.01960784316
1136073600000,144845.60784313726
1293840000000,146372.05098039217
1451606400000,147479.60392156863
