system:time_start,impervious
978307200000,166278.65490196095
1136073600000,169811.65490196095
1293840000000,172422.65490196098
1451606400000,172935.65490196098
