system:time_start,impervious
978307200000,173401.7803921574
1136073600000,188668.78039215738
1293840000000,193339.78039215726
1451606400000,194997.78039215723
