system:time_start,impervious
978307200000,358232.7372549025
1136073600000,359707.44313725544
1293840000000,360797.59607843193
1451606400000,362393.9450980397
