system:time_start,impervious
978307200000,84920.30196078437
1136073600000,87372.30196078437
1293840000000,87914.30196078437
1451606400000,90198.30196078436
