system:time_start,impervious
978307200000,23465.058823529445
1136073600000,23465.058823529445
1293840000000,23465.058823529445
1451606400000,23465.058823529445
