system:time_start,impervious
978307200000,15199.843137254906
1136073600000,15199.843137254906
1293840000000,15199.843137254906
1451606400000,15688.843137254906
