system:time_start,impervious
978307200000,14250.074509803932
1136073600000,14294.074509803932
1293840000000,14353.639215686286
1451606400000,14353.639215686286
