system:time_start,impervious
978307200000,47235.62352941178
1136073600000,47262.62352941178
1293840000000,47262.62352941178
1451606400000,47262.62352941178
