system:time_start,impervious
978307200000,292054.47450980375
1136073600000,307283.47450980375
1293840000000,314481.47450980375
1451606400000,316972.47450980375
