system:time_start,impervious
978307200000,966735.1098039215
1136073600000,976810.1098039218
1293840000000,987501.7450980392
1451606400000,992875.8941176472
