system:time_start,impervious
978307200000,21834.466666666707
1136073600000,21834.466666666707
1293840000000,21834.466666666707
1451606400000,21834.466666666707
