system:time_start,impervious
978307200000,733726.592156863
1136073600000,747591.9764705885
1293840000000,768037.9058823532
1451606400000,780757.9568627453
