system:time_start,impervious
978307200000,330710.60392156837
1136073600000,344300.576470588
1293840000000,362513.7372549018
1451606400000,424212.1490196077
