system:time_start,impervious
978307200000,864221.4039215686
1136073600000,868379.4039215689
1293840000000,874290.4039215688
1451606400000,880266.4039215689
