system:time_start,impervious
978307200000,32903.85098039216
1136073600000,32903.85098039216
1293840000000,32903.85098039216
1451606400000,32903.85098039216
