system:time_start,impervious
978307200000,597813.7176470595
1136073600000,624877.7960784319
1293840000000,636297.5137254908
1451606400000,646608.027450981
