system:time_start,impervious
978307200000,18884.93333333333
1136073600000,18884.93333333333
1293840000000,18884.93333333333
1451606400000,35817.90980392157
