system:time_start,impervious
978307200000,16208.741176470587
1136073600000,16445.792156862746
1293840000000,16445.792156862746
1451606400000,16445.792156862746
