system:time_start,impervious
978307200000,2639.0078431372553
1136073600000,2639.0078431372553
1293840000000,2639.0078431372553
1451606400000,2639.0078431372553
