system:time_start,impervious
978307200000,139075.07058823525
1136073600000,139213.07058823525
1293840000000,139213.07058823525
1451606400000,139213.07058823525
