system:time_start,impervious
978307200000,586828.988235294
1136073600000,599692.3490196078
1293840000000,612985.1725490195
1451606400000,630451.5176470587
