system:time_start,impervious
978307200000,2166.027450980392
1136073600000,2166.027450980392
1293840000000,2166.027450980392
1451606400000,2166.027450980392
