system:time_start,impervious
978307200000,72727.1490196079
1136073600000,73060.14901960791
1293840000000,77418.06666666674
1451606400000,86282.09803921575
