system:time_start,impervious
978307200000,41317.30588235298
1136073600000,41317.30588235298
1293840000000,44854.701960784354
1451606400000,44854.701960784354
