system:time_start,impervious
978307200000,838664.3647058819
1136073600000,900316.5490196072
1293840000000,957587.866666666
1451606400000,987816.7686274501
