system:time_start,impervious
978307200000,58833.031372549056
1136073600000,59873.031372549056
1293840000000,60679.031372549056
1451606400000,61865.031372549056
