system:time_start,impervious
978307200000,336250.50196078356
1136073600000,340206.50196078356
1293840000000,340528.5019607836
1451606400000,343344.5019607836
