system:time_start,impervious
978307200000,59050.62352941174
1136073600000,59050.62352941174
1293840000000,59050.62352941174
1451606400000,59050.62352941174
