system:time_start,impervious
978307200000,465143.1333333334
1136073600000,564308.8000000002
1293840000000,640966.9254901959
1451606400000,817395.2196078431
