system:time_start,impervious
978307200000,434499.35686274513
1136073600000,438849.35686274513
1293840000000,444657.4666666667
1451606400000,450971.46666666673
