system:time_start,impervious
978307200000,90451.36078431374
1136073600000,90557.36078431374
1293840000000,91276.36078431374
1451606400000,91389.36078431374
