system:time_start,impervious
978307200000,30.03529411764706
1136073600000,30.03529411764706
1293840000000,30.03529411764706
1451606400000,30.03529411764706
