system:time_start,impervious
978307200000,24106.545098039252
1136073600000,24106.545098039252
1293840000000,24106.545098039252
1451606400000,24106.545098039252
