system:time_start,impervious
978307200000,56305.9137254902
1136073600000,56305.9137254902
1293840000000,56305.9137254902
1451606400000,56305.9137254902
