system:time_start,impervious
978307200000,983.7176470588236
1136073600000,983.7176470588236
1293840000000,983.7176470588236
1451606400000,983.7176470588236
