system:time_start,impervious
978307200000,168604.08627450996
1136073600000,169937.46666666685
1293840000000,175622.1294117649
1451606400000,177982.17254901983
