system:time_start,impervious
978307200000,248233.44705882377
1136073600000,260589.44705882377
1293840000000,268123.1764705885
1451606400000,289229.00784313714
