system:time_start,impervious
978307200000,405600.5921568631
1136073600000,484421.20784313756
1293840000000,570215.0313725485
1451606400000,702711.4196078421
