system:time_start,impervious
978307200000,44952.42352941176
1136073600000,45096.22352941176
1293840000000,62749.278431372535
1451606400000,154838.4392156863
