system:time_start,impervious
978307200000,605279.1686274504
1136073600000,652410.9058823523
1293840000000,675573.9058823524
1451606400000,694286.9764705878
