system:time_start,impervious
978307200000,92810.76862745099
1136073600000,92925.76862745099
1293840000000,96313.76862745099
1451606400000,96421.76862745099
