system:time_start,impervious
978307200000,27795.67843137266
1136073600000,27795.67843137266
1293840000000,27795.67843137266
1451606400000,27795.67843137266
