system:time_start,impervious
978307200000,221583.40000000029
1136073600000,227176.16470588263
1293840000000,232147.16470588263
1451606400000,235766.16470588263
