system:time_start,impervious
978307200000,833258.7254901959
1136073600000,842939.2196078431
1293840000000,855803.4117647058
1451606400000,864764.4117647058
