system:time_start,impervious
978307200000,732830.5843137254
1136073600000,735494.7411764705
1293840000000,737963.6745098038
1451606400000,747312.0549019607
