system:time_start,impervious
978307200000,133869.64705882364
1136073600000,133869.6470588236
1293840000000,133869.6470588236
1451606400000,133869.6470588236
