system:time_start,impervious
978307200000,294508.03921568627
1136073600000,301123.8784313726
1293840000000,306807.031372549
1451606400000,308978.61960784317
