system:time_start,impervious
978307200000,1104623.329411765
1136073600000,1127708.7647058829
1293840000000,1141558.5725490202
1451606400000,1160531.6745098045
