system:time_start,impervious
978307200000,161060.1882352942
1136073600000,163426.1882352942
1293840000000,163426.1882352942
1451606400000,164988.18823529422
