system:time_start,impervious
978307200000,161134.98823529418
1136073600000,163619.98823529418
1293840000000,163832.98823529418
1451606400000,164617.98823529415
