system:time_start,impervious
978307200000,1107045.7568627454
1136073600000,1130165.184313726
1293840000000,1138557.792156863
1451606400000,1141800.792156863
