system:time_start,impervious
978307200000,8138.639215686267
1136073600000,8138.639215686267
1293840000000,8138.639215686267
1451606400000,8138.639215686267
