system:time_start,impervious
978307200000,49507.38823529412
1136073600000,49507.38823529412
1293840000000,49507.38823529412
1451606400000,49507.38823529412
