system:time_start,impervious
978307200000,9027.556862745094
1136073600000,9027.556862745094
1293840000000,9027.556862745094
1451606400000,9027.556862745094
