system:time_start,impervious
978307200000,27380.023529411792
1136073600000,27380.023529411792
1293840000000,27380.023529411792
1451606400000,27380.023529411792
