system:time_start,impervious
978307200000,384164.80000000005
1136073600000,386506.8
1293840000000,386873.80000000005
1451606400000,387302.8
