system:time_start,impervious
978307200000,69571.70196078435
1136073600000,70069.70196078435
1293840000000,70150.70196078435
1451606400000,71253.70196078435
