system:time_start,impervious
978307200000,877909.4000000001
1136073600000,882904.3999999999
1293840000000,890144.3999999999
1451606400000,893547.4000000001
