system:time_start,impervious
978307200000,212432.94901960786
1136073600000,212785.94901960786
1293840000000,213639.94901960786
1451606400000,214004.94901960786
