system:time_start,impervious
978307200000,6373.839215686272
1136073600000,6373.839215686272
1293840000000,6373.839215686272
1451606400000,6373.839215686272
