system:time_start,impervious
978307200000,21623.529411764714
1136073600000,21623.529411764714
1293840000000,21623.529411764714
1451606400000,21623.529411764714
