system:time_start,impervious
978307200000,2179721.584313725
1136073600000,2340745.584313725
1293840000000,2473591.5843137256
1451606400000,2503491.584313725
