system:time_start,impervious
978307200000,44564.843137254895
1136073600000,44893.843137254895
1293840000000,45983.92549019606
1451606400000,46209.92549019606
