system:time_start,impervious
978307200000,331090.1372549022
1136073600000,359543.4823529414
1293840000000,367063.51764705905
1451606400000,371075.3333333336
