system:time_start,impervious
978307200000,6301.721568627435
1136073600000,6356.721568627435
1293840000000,6358.721568627435
1451606400000,6358.721568627435
