system:time_start,impervious
978307200000,344.93333333333334
1136073600000,344.93333333333334
1293840000000,344.93333333333334
1451606400000,344.93333333333334
