system:time_start,impervious
978307200000,24447.32156862745
1136073600000,24447.32156862745
1293840000000,24447.32156862745
1451606400000,24449.203921568627
