system:time_start,impervious
978307200000,47750.392156862756
1136073600000,48592.45098039217
1293840000000,51704.43921568628
1451606400000,51900.25098039217
