system:time_start,impervious
978307200000,139641.6666666667
1136073600000,149911.6666666667
1293840000000,160581.89803921548
1451606400000,163237.99215686254
