system:time_start,impervious
978307200000,306377.0823529412
1136073600000,313896.9450980393
1293840000000,323264.1254901961
1451606400000,344234.85098039225
