system:time_start,impervious
978307200000,14669.415686274517
1136073600000,14669.415686274517
1293840000000,14669.415686274517
1451606400000,14669.415686274517
