system:time_start,impervious
978307200000,9183.835294117645
1136073600000,9183.835294117645
1293840000000,9183.835294117645
1451606400000,9183.835294117645
