system:time_start,impervious
978307200000,11720.78431372549
1136073600000,11720.78431372549
1293840000000,11720.78431372549
1451606400000,11796.78431372549
