system:time_start,impervious
978307200000,110360.92941176488
1136073600000,110497.92941176488
1293840000000,112418.29411764724
1451606400000,113076.52941176487
