system:time_start,impervious
978307200000,147058.07058823516
1136073600000,148549.07058823516
1293840000000,148845.07058823516
1451606400000,148845.07058823516
