system:time_start,impervious
978307200000,2421.0705882352927
1136073600000,2421.0705882352927
1293840000000,2421.0705882352927
1451606400000,2421.0705882352927
