system:time_start,impervious
978307200000,822936.6431372551
1136073600000,835161.6352941178
1293840000000,843486.9215686277
1451606400000,849422.1098039218
