system:time_start,impervious
978307200000,2193113.125490196
1136073600000,2202497.4941176474
1293840000000,2210491.0039215693
1451606400000,2224836.1803921578
