system:time_start,impervious
978307200000,88512.23529411771
1136073600000,88512.23529411771
1293840000000,88556.23529411771
1451606400000,88724.23529411771
