system:time_start,impervious
978307200000,4043.8078431372546
1136073600000,4043.8078431372546
1293840000000,4043.8078431372546
1451606400000,4043.8078431372546
