system:time_start,impervious
978307200000,346258.8392156868
1136073600000,350014.49803921615
1293840000000,355521.69411764754
1451606400000,365935.1372549024
