system:time_start,impervious
978307200000,9747.050980392158
1136073600000,9747.050980392158
1293840000000,9747.050980392158
1451606400000,9747.050980392158
