system:time_start,impervious
978307200000,11209.423529411766
1136073600000,11209.423529411766
1293840000000,11209.423529411766
1451606400000,11209.423529411766
