system:time_start,impervious
978307200000,50.01960784313726
1136073600000,50.01960784313726
1293840000000,50.01960784313726
1451606400000,50.01960784313726
