system:time_start,impervious
978307200000,287616.16078431223
1136073600000,292311.16078431206
1293840000000,294092.36078431207
1451606400000,294918.5450980376
