system:time_start,impervious
978307200000,37937.34901960787
1136073600000,37937.34901960787
1293840000000,37937.34901960787
1451606400000,37937.34901960787
