system:time_start,impervious
978307200000,40237.21568627452
1136073600000,40237.21568627452
1293840000000,40237.21568627452
1451606400000,40237.21568627452
