system:time_start,impervious
978307200000,220979.72941176474
1136073600000,221328.72941176474
1293840000000,221385.72941176474
1451606400000,221385.72941176474
