system:time_start,impervious
978307200000,3988.1529411764686
1136073600000,3988.1529411764686
1293840000000,3988.1529411764686
1451606400000,3988.1529411764686
