system:time_start,impervious
978307200000,258831.74901960793
1136073600000,259112.83529411774
1293840000000,259144.83529411774
1451606400000,259144.83529411774
