system:time_start,impervious
978307200000,175301.99215686272
1136073600000,228896.80392156864
1293840000000,232846.80392156864
1451606400000,234381.80392156864
