system:time_start,impervious
978307200000,3264305.164705881
1136073600000,3773345.2784313704
1293840000000,4209223.031372547
1451606400000,4595530.403921566
