system:time_start,impervious
978307200000,24157.145098039215
1136073600000,24157.145098039215
1293840000000,24157.145098039215
1451606400000,24157.145098039215
