system:time_start,impervious
978307200000,760946.4156862748
1136073600000,770296.4156862748
1293840000000,788117.4156862748
1451606400000,790948.4156862748
