system:time_start,impervious
978307200000,64922.65882352943
1136073600000,65138.65882352943
1293840000000,65494.65882352943
1451606400000,66912.65882352943
