system:time_start,impervious
978307200000,265913.19607843144
1136073600000,266146.19607843144
1293840000000,266690.1960784314
1451606400000,273191.19607843144
