system:time_start,impervious
978307200000,2846158.882352941
1136073600000,2898961.011764706
1293840000000,2917495.956862745
1451606400000,2938876.650980392
