system:time_start,impervious
978307200000,169095.7607843136
1136073600000,170440.7607843136
1293840000000,172495.7607843136
1451606400000,173542.76078431358
