system:time_start,impervious
978307200000,61746.1607843137
1136073600000,62129.1607843137
1293840000000,62267.1607843137
1451606400000,62860.1607843137
