system:time_start,impervious
978307200000,11169.086274509802
1136073600000,11169.086274509802
1293840000000,11169.086274509802
1451606400000,11169.086274509802
