system:time_start,impervious
978307200000,135881.8509803924
1136073600000,158236.73725490228
1293840000000,164904.33725490206
1451606400000,174933.98431372558
