system:time_start,impervious
978307200000,708994.321568628
1136073600000,710935.321568628
1293840000000,725886.4235294124
1451606400000,742336.6745098045
