system:time_start,impervious
978307200000,423020.8549019609
1136073600000,424675.9607843138
1293840000000,425484.9607843138
1451606400000,428348.9607843138
