system:time_start,impervious
978307200000,162161.15294117652
1136073600000,163412.1529411765
1293840000000,167247.1529411765
1451606400000,167748.03529411767
