system:time_start,impervious
978307200000,25858.372549019703
1136073600000,25858.372549019703
1293840000000,25858.372549019703
1451606400000,26009.372549019703
