system:time_start,impervious
978307200000,448497.1137254903
1136073600000,449252.1137254902
1293840000000,461700.6666666666
1451606400000,473523.21960784314
