system:time_start,impervious
978307200000,1494.607843137255
1136073600000,1494.607843137255
1293840000000,1494.607843137255
1451606400000,1494.607843137255
