system:time_start,impervious
978307200000,348283.5215686276
1136073600000,377117.8862745098
1293840000000,383778.5098039215
1451606400000,387371.04705882346
