system:time_start,impervious
978307200000,35237.30588235294
1136073600000,35237.30588235294
1293840000000,35237.30588235294
1451606400000,35237.30588235294
