system:time_start,impervious
978307200000,437612.568627451
1136073600000,438977.5686274511
1293840000000,441205.568627451
1451606400000,441810.5686274511
