system:time_start,impervious
978307200000,130341.14117647057
1136073600000,130387.14117647057
1293840000000,132583.14117647056
1451606400000,132583.14117647056
