system:time_start,impervious
978307200000,90800.8039215687
1136073600000,95192.8039215687
1293840000000,96077.8039215687
1451606400000,96004.85490196096
