system:time_start,impervious
978307200000,801554.7333333339
1136073600000,815245.6313725495
1293840000000,823814.6313725496
1451606400000,826108.9450980397
