system:time_start,impervious
978307200000,273215.9215686274
1136073600000,274559.49019607843
1293840000000,274606.49019607843
1451606400000,275290.9411764706
