system:time_start,impervious
978307200000,20358.243137254907
1136073600000,20587.243137254907
1293840000000,20680.243137254907
1451606400000,20877.243137254907
