system:time_start,impervious
978307200000,131432.2235294119
1136073600000,132259.85490196093
1293840000000,132936.85490196093
1451606400000,139568.84313725497
