system:time_start,impervious
978307200000,142087.29019607854
1136073600000,142803.29019607854
1293840000000,144483.29019607854
1451606400000,146580.443137255
