system:time_start,impervious
978307200000,5155214.411764705
1136073600000,5249019.30980392
1293840000000,5335375.30980392
1451606400000,5370442.874509803
