system:time_start,impervious
978307200000,81440.96078431375
1136073600000,82687.96078431375
1293840000000,82868.96078431375
1451606400000,83050.96078431375
