system:time_start,impervious
978307200000,259161.43529411775
1136073600000,264999.4352941178
1293840000000,272474.4352941178
1451606400000,277585.43529411784
