system:time_start,impervious
978307200000,49077.24705882353
1136073600000,49077.24705882353
1293840000000,49077.24705882353
1451606400000,49077.24705882353
