system:time_start,impervious
978307200000,843921.1921568632
1136073600000,851388.2705882357
1293840000000,873529.2431372554
1451606400000,880037.1568627455
