system:time_start,impervious
978307200000,54674.10196078432
1136073600000,54674.10196078432
1293840000000,54674.10196078432
1451606400000,54674.10196078432
