system:time_start,impervious
978307200000,863362.8352941165
1136073600000,869242.8352941165
1293840000000,879404.8352941165
1451606400000,887139.3058823517
