system:time_start,impervious
978307200000,123951.44313725499
1136073600000,126326.4901960785
1293840000000,136256.67450980403
1451606400000,137675.243137255
