system:time_start,impervious
978307200000,605407.3725490196
1136073600000,611944.3725490196
1293840000000,621404.3725490195
1451606400000,627312.3725490195
