system:time_start,impervious
978307200000,71826.93725490199
1136073600000,72791.937254902
1293840000000,72883.937254902
1451606400000,72991.97254901964
