system:time_start,impervious
978307200000,80424.30196078445
1136073600000,80516.30196078445
1293840000000,80557.30196078445
1451606400000,81194.30196078445
