system:time_start,impervious
978307200000,12899.596078431396
1136073600000,12899.596078431396
1293840000000,12899.596078431396
1451606400000,12899.596078431396
