system:time_start,impervious
978307200000,226903.69803921581
1136073600000,231299.62352941203
1293840000000,234291.62352941197
1451606400000,240333.44313725518
