system:time_start,impervious
978307200000,457468.2196078432
1136073600000,466461.2196078432
1293840000000,513044.5843137255
1451606400000,740002.6588235293
