system:time_start,impervious
978307200000,607402.1058823529
1136073600000,617682.3882352941
1293840000000,627168.1176470588
1451606400000,629452.9843137255
