system:time_start,impervious
978307200000,108666.94509803923
1136073600000,108753.94509803923
1293840000000,109121.94509803923
1451606400000,112162.94509803923
