system:time_start,impervious
978307200000,332285.06666666665
1136073600000,337232.8666666667
1293840000000,342274.8666666667
1451606400000,352744.08235294104
