system:time_start,impervious
978307200000,910489.4666666667
1136073600000,919156.4784313726
1293840000000,933415.4941176471
1451606400000,945589.2235294117
