system:time_start,impervious
978307200000,519036.5058823526
1136073600000,522016.3921568624
1293840000000,530669.8666666663
1451606400000,537665.5176470585
