system:time_start,impervious
978307200000,5064.129411764704
1136073600000,5064.129411764704
1293840000000,5064.129411764704
1451606400000,5064.129411764704
