system:time_start,impervious
978307200000,50525.53333333334
1136073600000,50525.53333333334
1293840000000,65645.53333333333
1451606400000,65959.53333333333
