system:time_start,impervious
978307200000,39187.65882352941
1136073600000,39187.65882352941
1293840000000,39187.65882352941
1451606400000,39187.65882352941
