system:time_start,impervious
978307200000,97289.21568627456
1136073600000,97790.21568627456
1293840000000,98382.21568627456
1451606400000,98468.21568627456
