system:time_start,impervious
978307200000,4432.333333333333
1136073600000,4432.333333333333
1293840000000,4432.333333333333
1451606400000,4432.333333333333
