system:time_start,impervious
978307200000,10620.792156862755
1136073600000,10620.792156862755
1293840000000,10620.792156862755
1451606400000,10620.792156862755
