system:time_start,impervious
978307200000,484583.87058823556
1136073600000,488969.992156863
1293840000000,490013.52941176493
1451606400000,498432.043137255
