system:time_start,impervious
978307200000,4233.3372549019605
1136073600000,4233.3372549019605
1293840000000,4233.3372549019605
1451606400000,4233.3372549019605
