system:time_start,impervious
978307200000,24498.80784313725
1136073600000,24498.80784313725
1293840000000,24498.80784313725
1451606400000,24498.80784313725
