system:time_start,impervious
978307200000,70185.59607843141
1136073600000,71333.59607843141
1293840000000,72220.24705882356
1451606400000,73718.56078431375
