system:time_start,impervious
978307200000,319540.7882352945
1136073600000,330791.6392156867
1293840000000,545967.8470588232
1451606400000,615960.6980392149
