system:time_start,impervious
978307200000,23196.60000000001
1136073600000,23196.60000000001
1293840000000,23196.60000000001
1451606400000,23252.60000000001
