system:time_start,impervious
978307200000,994623.4000000001
1136073600000,995715.611764706
1293840000000,996084.6117647061
1451606400000,998635.611764706
