system:time_start,impervious
978307200000,271.035294117647
1136073600000,271.035294117647
1293840000000,271.035294117647
1451606400000,271.035294117647
