system:time_start,impervious
978307200000,497.709803921569
1136073600000,497.709803921569
1293840000000,497.709803921569
1451606400000,497.709803921569
