system:time_start,impervious
978307200000,335266.22745098034
1136073600000,335705.22745098034
1293840000000,336926.2274509803
1451606400000,342025.2274509803
