system:time_start,impervious
978307200000,100408.17254901964
1136073600000,100602.17254901964
1293840000000,100708.17254901964
1451606400000,101262.17254901964
