system:time_start,impervious
978307200000,421455.76862745115
1136073600000,434149.2823529413
1293840000000,437946.2823529413
1451606400000,441363.2823529413
