system:time_start,impervious
978307200000,190381.12156862763
1136073600000,190572.75686274527
1293840000000,190877.75686274527
1451606400000,190877.75686274527
