system:time_start,impervious
978307200000,292347.3607843138
1136073600000,292400.3607843138
1293840000000,292450.3607843138
1451606400000,293307.3607843138
