system:time_start,impervious
978307200000,57119.27450980396
1136073600000,63413.54509803925
1293840000000,64299.392156862785
1451606400000,67205.39215686289
