system:time_start,impervious
978307200000,1353717.5176470582
1136073600000,1363810.5176470585
1293840000000,1366888.5176470582
1451606400000,1387175.5176470585
