system:time_start,impervious
978307200000,93099.02745098039
1136073600000,93203.28235294118
1293840000000,93252.28235294118
1451606400000,93354.28235294118
