system:time_start,impervious
978307200000,8634.70196078431
1136073600000,8634.70196078431
1293840000000,8634.70196078431
1451606400000,8634.70196078431
