system:time_start,impervious
978307200000,25074.32156862745
1136073600000,25074.32156862745
1293840000000,25074.32156862745
1451606400000,25074.32156862745
