system:time_start,impervious
978307200000,691699.5607843143
1136073600000,692977.5607843143
1293840000000,695645.5607843142
1451606400000,696233.7254901967
