system:time_start,impervious
978307200000,612392.0235294121
1136073600000,638477.9058823532
1293840000000,685898.7333333337
1451606400000,692122.7333333339
