system:time_start,impervious
978307200000,2871.7372549019606
1136073600000,2871.7372549019606
1293840000000,2871.7372549019606
1451606400000,2871.7372549019606
