system:time_start,impervious
978307200000,170.28235294117647
1136073600000,170.28235294117647
1293840000000,170.28235294117647
1451606400000,170.28235294117647
