system:time_start,impervious
978307200000,525453.949019609
1136073600000,529949.7333333346
1293840000000,552596.6627450992
1451606400000,565963.8823529423
