system:time_start,impervious
978307200000,87824.67058823552
1136073600000,87824.67058823552
1293840000000,87824.67058823552
1451606400000,87917.67058823552
