system:time_start,impervious
978307200000,110419.47450980419
1136073600000,110495.47450980419
1293840000000,110780.47450980419
1451606400000,113126.4745098042
