system:time_start,impervious
978307200000,9156.26274509803
1136073600000,9156.26274509803
1293840000000,9156.26274509803
1451606400000,9156.26274509803
