system:time_start,impervious
978307200000,127498.52549019644
1136073600000,127642.52549019644
1293840000000,127903.52549019644
1451606400000,128186.52549019644
