system:time_start,impervious
978307200000,947218.4941176482
1136073600000,963379.5647058835
1293840000000,979008.5960784326
1451606400000,989090.5960784324
