system:time_start,impervious
978307200000,49813.909803921575
1136073600000,49854.909803921575
1293840000000,51568.88235294117
1451606400000,51679.91372549019
