system:time_start,impervious
978307200000,103222.9686274511
1136073600000,109111.78431372566
1293840000000,112843.98431372567
1451606400000,117770.80000000018
