system:time_start,impervious
978307200000,15007.074509803922
1136073600000,15007.074509803922
1293840000000,15007.074509803922
1451606400000,15007.074509803922
