system:time_start,impervious
978307200000,9227.97647058823
1136073600000,9227.97647058823
1293840000000,9227.97647058823
1451606400000,9227.97647058823
