system:time_start,impervious
978307200000,39453.109803921594
1136073600000,39886.109803921594
1293840000000,40016.109803921594
1451606400000,40016.109803921594
