system:time_start,impervious
978307200000,22551.439215686278
1136073600000,22594.439215686278
1293840000000,22799.439215686278
1451606400000,22799.439215686278
