system:time_start,impervious
978307200000,413046.80392156885
1136073600000,421263.69411764736
1293840000000,428113.81176470616
1451606400000,436579.81176470616
