system:time_start,impervious
978307200000,1051263.6117647057
1136073600000,1082274.388235294
1293840000000,1152143.2274509803
1451606400000,1244592.4117647063
