system:time_start,impervious
978307200000,636943.2313725491
1136073600000,661093.5725490197
1293840000000,704781.3294117649
1451606400000,772889.5843137256
