system:time_start,impervious
978307200000,2070238.180392155
1136073600000,2153009.3647058806
1293840000000,2231099.3411764684
1451606400000,2272186.243137253
