system:time_start,impervious
978307200000,338511.9372549021
1136073600000,341953.65098039224
1293840000000,344898.1568627452
1451606400000,351949.49803921574
