system:time_start,impervious
978307200000,236549.23529411765
1136073600000,237044.23529411768
1293840000000,237636.23529411768
1451606400000,244714.2352941177
