system:time_start,impervious
978307200000,433884.08627451
1136073600000,437808.08627451
1293840000000,439242.64313725504
1451606400000,442433.2313725492
