system:time_start,impervious
978307200000,27669.01176470605
1136073600000,27669.01176470605
1293840000000,27669.01176470605
1451606400000,27669.01176470605
