system:time_start,impervious
978307200000,7314.156862745098
1136073600000,7314.156862745098
1293840000000,7314.156862745098
1451606400000,7314.156862745098
