system:time_start,impervious
978307200000,64374.92156862746
1136073600000,64463.92156862746
1293840000000,64463.92156862746
1451606400000,64463.92156862746
