system:time_start,impervious
978307200000,8210.854901960784
1136073600000,8210.854901960784
1293840000000,8210.854901960784
1451606400000,8210.854901960784
