system:time_start,impervious
978307200000,1333920.6666666674
1136073600000,1341493.5960784322
1293840000000,1376468.2352941185
1451606400000,1384101.6588235302
