system:time_start,impervious
978307200000,24990.086274509827
1136073600000,24990.086274509827
1293840000000,24990.086274509827
1451606400000,24990.086274509827
