system:time_start,impervious
978307200000,1151617.5725490197
1136073600000,1168547.5725490197
1293840000000,1188871.5725490197
1451606400000,1208943.4392156864
