system:time_start,impervious
978307200000,13095.745098039222
1136073600000,13095.745098039222
1293840000000,13095.745098039222
1451606400000,13095.745098039222
