system:time_start,impervious
978307200000,785.3686274509803
1136073600000,785.3686274509803
1293840000000,785.3686274509803
1451606400000,785.3686274509803
