system:time_start,impervious
978307200000,204800.23921568634
1136073600000,205856.23921568634
1293840000000,208775.44705882357
1451606400000,209360.44705882357
