system:time_start,impervious
978307200000,1104764.250980392
1136073600000,1124966.1764705882
1293840000000,1140678.2627450982
1451606400000,1150904.262745098
