system:time_start,impervious
978307200000,53125.67843137256
1136073600000,60389.26666666668
1293840000000,60440.26666666668
1451606400000,60440.26666666668
