system:time_start,impervious
978307200000,2368.105882352941
1136073600000,2368.105882352941
1293840000000,2368.105882352941
1451606400000,2368.105882352941
