system:time_start,impervious
978307200000,11109.968627450982
1136073600000,11109.968627450982
1293840000000,11109.968627450982
1451606400000,11109.968627450982
