system:time_start,impervious
978307200000,43220.07450980391
1136073600000,43283.07450980391
1293840000000,43283.07450980391
1451606400000,47302.11764705881
