system:time_start,impervious
978307200000,25472.737254902175
1136073600000,25472.737254902175
1293840000000,25472.737254902175
1451606400000,25472.737254902175
