system:time_start,impervious
978307200000,244271.6901960784
1136073600000,245422.6901960784
1293840000000,247834.6901960784
1451606400000,247834.6901960784
