system:time_start,impervious
978307200000,366512.73725490196
1136073600000,374275.73725490196
1293840000000,381724.7372549019
1451606400000,382243.7372549019
