system:time_start,impervious
978307200000,80431.86666666668
1136073600000,81243.86666666668
1293840000000,81475.86666666668
1451606400000,81475.86666666668
