system:time_start,impervious
978307200000,225942.7137254902
1136073600000,228842.7137254902
1293840000000,245336.7137254902
1451606400000,255932.7137254902
