system:time_start,impervious
978307200000,40728.94509803924
1136073600000,44257.45098039218
1293840000000,44692.09803921571
1451606400000,46731.4117647059
