system:time_start,impervious
978307200000,344168.6980392157
1136073600000,360239.4352941176
1293840000000,383649.8666666665
1451606400000,427690.42745098023
