system:time_start,impervious
978307200000,225331.91764705884
1136073600000,225429.91764705887
1293840000000,234424.91764705884
1451606400000,235253.25098039216
