system:time_start,impervious
978307200000,279672.08627451037
1136073600000,285130.309803922
1293840000000,287235.8078431377
1451606400000,289562.2705882357
