system:time_start,impervious
978307200000,9311.807843137276
1136073600000,9311.807843137276
1293840000000,9311.807843137276
1451606400000,9311.807843137276
