system:time_start,impervious
978307200000,139336.23921568628
1136073600000,139336.23921568625
1293840000000,139336.23921568628
1451606400000,139336.23921568628
