system:time_start,impervious
978307200000,54433.11764705878
1136073600000,54433.11764705878
1293840000000,54437.11764705878
1451606400000,54559.11764705878
