system:time_start,impervious
978307200000,14571.68627450982
1136073600000,15759.68627450982
1293840000000,15858.68627450982
1451606400000,16485.68627450982
