system:time_start,impervious
978307200000,116809.137254902
1136073600000,117043.137254902
1293840000000,117481.137254902
1451606400000,117575.137254902
