system:time_start,impervious
978307200000,584245.5058823529
1136073600000,586887.6470588236
1293840000000,591050.1960784316
1451606400000,597383.2274509803
