system:time_start,impervious
978307200000,97329.71764705893
1136073600000,140268.69019607862
1293840000000,141540.19607843156
1451606400000,144002.78431372566
