system:time_start,impervious
978307200000,738811.8627450984
1136073600000,757445.6549019613
1293840000000,781714.866666667
1451606400000,796975.9529411767
