system:time_start,impervious
978307200000,13675.745098039199
1136073600000,13675.745098039199
1293840000000,13675.745098039199
1451606400000,13675.745098039199
