system:time_start,impervious
978307200000,119361.12549019612
1136073600000,119774.85882352946
1293840000000,119867.85882352946
1451606400000,119969.3647058824
