system:time_start,impervious
978307200000,399630.1960784315
1136073600000,403130.1960784315
1293840000000,406757.043137255
1451606400000,413510.8470588237
