system:time_start,impervious
978307200000,817062.8745098036
1136073600000,824741.6745098035
1293840000000,833901.9411764703
1451606400000,838876.4431372546
