system:time_start,impervious
978307200000,46768.34901960785
1136073600000,49564.34901960785
1293840000000,56797.2980392157
1451606400000,57678.2980392157
