system:time_start,impervious
978307200000,42256.32941176471
1136073600000,42490.32941176471
1293840000000,42543.32941176471
1451606400000,42543.32941176471
