system:time_start,impervious
978307200000,1006702.2470588237
1136073600000,1015666.2470588237
1293840000000,1047083.4745098042
1451606400000,1072144.5725490197
