system:time_start,impervious
978307200000,1349660.4196078435
1136073600000,1356667.4196078435
1293840000000,1372935.4196078435
1451606400000,1377468.4196078433
