system:time_start,impervious
978307200000,342991.1960784322
1136073600000,358817.0392156871
1293840000000,379634.8313725496
1451606400000,384341.05098039267
