system:time_start,impervious
978307200000,3578.0235294117647
1136073600000,3578.0235294117647
1293840000000,3578.0235294117647
1451606400000,3578.0235294117647
