system:time_start,impervious
978307200000,527712.4352941181
1136073600000,532401.5137254907
1293840000000,534982.6000000004
1451606400000,535721.5960784319
