system:time_start,impervious
978307200000,273532.0862745099
1136073600000,274373.0862745099
1293840000000,275185.08627450984
1451606400000,276175.0862745098
