system:time_start,impervious
978307200000,485.79215686274506
1136073600000,485.79215686274506
1293840000000,485.79215686274506
1451606400000,485.79215686274506
