system:time_start,impervious
978307200000,859336.4901960786
1136073600000,884169.4901960786
1293840000000,895450.2941176472
1451606400000,910758.8705882353
