system:time_start,impervious
978307200000,1492059.9176470581
1136073600000,1518895.05490196
1293840000000,1546948.5372549011
1451606400000,1564729.5372549011
