system:time_start,impervious
978307200000,640092.4078431367
1136073600000,646848.3529411759
1293840000000,658167.8509803916
1451606400000,663127.8509803916
