system:time_start,impervious
978307200000,53810.3725490196
1136073600000,53810.3725490196
1293840000000,53810.3725490196
1451606400000,53810.3725490196
