system:time_start,impervious
978307200000,828139.6156862751
1136073600000,831218.9450980397
1293840000000,835269.9450980397
1451606400000,838353.9450980397
