system:time_start,impervious
978307200000,126931.58431372551
1136073600000,127062.58431372551
1293840000000,153873.07843137256
1451606400000,186087.90196078434
