system:time_start,impervious
978307200000,230860.79607843136
1136073600000,233884.3019607843
1293840000000,237843.30196078424
1451606400000,239721.37647058815
