system:time_start,impervious
978307200000,196448.3725490196
1136073600000,198695.3725490196
1293840000000,236347.88235294117
1451606400000,248195.88235294117
