system:time_start,impervious
978307200000,1271424.384313725
1136073600000,1325699.3529411757
1293840000000,1351453.352941176
1451606400000,1375989.8352941172
