system:time_start,impervious
978307200000,84124.4862745098
1136073600000,85258.48627450982
1293840000000,86314.48627450984
1451606400000,87224.80392156866
