system:time_start,impervious
978307200000,130480.53333333378
1136073600000,130932.53333333378
1293840000000,131135.53333333362
1451606400000,131638.53333333344
