system:time_start,impervious
978307200000,5349.415686274509
1136073600000,5349.415686274509
1293840000000,5349.415686274509
1451606400000,5349.415686274509
