system:time_start,impervious
978307200000,201815.35294117648
1136073600000,202380.35294117648
1293840000000,203637.35294117648
1451606400000,204611.35294117648
