system:time_start,impervious
978307200000,212779.82352941134
1136073600000,212779.82352941134
1293840000000,212891.82352941134
1451606400000,212891.82352941134
