system:time_start,impervious
978307200000,50943.243137254925
1136073600000,50943.243137254925
1293840000000,50943.243137254925
1451606400000,50999.243137254925
