system:time_start,impervious
978307200000,76537.0117647059
1136073600000,76537.0117647059
1293840000000,76537.0117647059
1451606400000,76537.0117647059
