system:time_start,impervious
978307200000,45849.149019607845
1136073600000,45849.149019607845
1293840000000,45849.149019607845
1451606400000,45849.149019607845
