system:time_start,impervious
978307200000,28244.83921568638
1136073600000,28244.83921568638
1293840000000,28244.83921568638
1451606400000,28244.83921568638
