system:time_start,impervious
978307200000,724.9921568627449
1136073600000,724.9921568627449
1293840000000,724.9921568627449
1451606400000,724.9921568627449
