system:time_start,impervious
978307200000,254639.305882353
1136073600000,261093.68235294122
1293840000000,273465.1215686274
1451606400000,285254.1921568627
