system:time_start,impervious
978307200000,6225.043137254902
1136073600000,6225.043137254902
1293840000000,6225.043137254902
1451606400000,6225.043137254902
