system:time_start,impervious
978307200000,36932.87843137257
1136073600000,37046.87843137257
1293840000000,37303.87843137257
1451606400000,37303.87843137257
