system:time_start,impervious
978307200000,198118.5607843137
1136073600000,198604.5607843137
1293840000000,199274.5607843137
1451606400000,199321.5607843137
