system:time_start,impervious
978307200000,5110.831372549012
1136073600000,5110.831372549012
1293840000000,5110.831372549012
1451606400000,5110.831372549012
