system:time_start,impervious
978307200000,5570.431372549019
1136073600000,5571.560784313726
1293840000000,5704.560784313725
1451606400000,5704.560784313725
