system:time_start,impervious
978307200000,321345.2980392158
1136073600000,325289.2980392158
1293840000000,330428.29803921573
1451606400000,334808.29803921573
