system:time_start,impervious
978307200000,2745510.564705883
1136073600000,2762587.564705883
1293840000000,2786764.5647058836
1451606400000,2804432.219607844
