system:time_start,impervious
978307200000,1451208.4823529408
1136073600000,1457306.4823529408
1293840000000,1463037.4823529406
1451606400000,1468860.4823529408
