system:time_start,impervious
978307200000,469882.12549019605
1136073600000,473868.27843137254
1293840000000,476492.1960784313
1451606400000,480503.19607843127
