system:time_start,impervious
978307200000,74854.07450980404
1136073600000,75301.07450980404
1293840000000,76482.07450980404
1451606400000,76686.07450980404
