system:time_start,impervious
978307200000,25215.321568627453
1136073600000,25215.321568627453
1293840000000,25215.321568627453
1451606400000,25328.321568627453
