system:time_start,impervious
978307200000,1318346.0627450976
1136073600000,1379859.82745098
1293840000000,1384324.3372549016
1451606400000,1389969.82745098
