system:time_start,impervious
978307200000,38010.52549019613
1136073600000,38095.52549019613
1293840000000,38148.52549019613
1451606400000,38158.52549019613
