system:time_start,impervious
978307200000,439244.1960784315
1136073600000,439427.1960784315
1293840000000,440455.1960784315
1451606400000,441679.19607843156
