system:time_start,impervious
978307200000,266705.3098039216
1136073600000,266705.3098039217
1293840000000,266705.3098039216
1451606400000,266705.3098039216
