system:time_start,impervious
978307200000,730917.4117647061
1136073600000,736612.4117647061
1293840000000,745418.8549019609
1451606400000,750376.8549019608
