system:time_start,impervious
978307200000,37111.99215686274
1136073600000,37111.99215686274
1293840000000,37909.99215686274
1451606400000,40787.99215686274
