system:time_start,impervious
978307200000,386384.3607843139
1136073600000,386594.3607843139
1293840000000,386858.3607843139
1451606400000,389384.36078431393
