system:time_start,impervious
978307200000,105300.0745098039
1136073600000,105300.0745098039
1293840000000,105300.0745098039
1451606400000,105300.0745098039
