system:time_start,impervious
978307200000,109706.00392156874
1136073600000,110259.00392156874
1293840000000,111693.443137255
1451606400000,111809.47843137266
