system:time_start,impervious
978307200000,287430.1686274509
1136073600000,294410.1686274508
1293840000000,296280.1686274509
1451606400000,299896.2039215685
