system:time_start,impervious
978307200000,247228.21568627463
1136073600000,248532.29411764714
1293840000000,251191.29411764716
1451606400000,252028.29411764716
