system:time_start,impervious
978307200000,42787.40392156863
1136073600000,87608.31764705885
1293840000000,156425.57254901968
1451606400000,231582.55686274523
