system:time_start,impervious
978307200000,87245.96470588238
1136073600000,88115.85882352946
1293840000000,91836.30588235303
1451606400000,93456.30588235304
