system:time_start,impervious
978307200000,733238.5490196077
1136073600000,825301.7490196072
1293840000000,920237.1686274502
1451606400000,976331.9333333327
