system:time_start,impervious
978307200000,59080.48235294118
1136073600000,59080.48235294118
1293840000000,59125.44705882353
1451606400000,59125.44705882353
