system:time_start,impervious
978307200000,31062.717647058813
1136073600000,31062.717647058813
1293840000000,31062.717647058813
1451606400000,31062.717647058813
