system:time_start,impervious
978307200000,39080.31764705882
1136073600000,39279.31764705882
1293840000000,39402.22745098039
1451606400000,39402.22745098039
