system:time_start,impervious
978307200000,25371.91764705882
1136073600000,25371.91764705882
1293840000000,25371.91764705882
1451606400000,25371.91764705882
