system:time_start,impervious
978307200000,839753.2627450979
1136073600000,844497.2627450979
1293840000000,856728.262745098
1451606400000,883417.3686274508
