system:time_start,impervious
978307200000,276432.5411764706
1136073600000,277687.3411764706
1293840000000,278542.3411764706
1451606400000,278690.3411764706
