system:time_start,impervious
978307200000,70934.81568627454
1136073600000,70934.81568627454
1293840000000,70934.81568627454
1451606400000,70934.81568627454
