system:time_start,impervious
978307200000,6901.164705882352
1136073600000,7052.164705882352
1293840000000,7819.317647058821
1451606400000,8945.317647058822
