system:time_start,impervious
978307200000,63278.090196078476
1136073600000,63278.090196078476
1293840000000,63499.058823529456
1451606400000,63499.058823529456
