system:time_start,impervious
978307200000,3941.349019607841
1136073600000,3941.349019607841
1293840000000,3941.349019607841
1451606400000,3941.349019607841
