system:time_start,impervious
978307200000,7713.321568627451
1136073600000,7713.321568627451
1293840000000,7713.321568627451
1451606400000,7713.321568627451
