system:time_start,impervious
978307200000,724914.9411764706
1136073600000,765889.2666666666
1293840000000,776817.0235294118
1451606400000,794409.1647058823
