system:time_start,impervious
978307200000,134029.60784313738
1136073600000,178698.05098039226
1293840000000,182630.9215686275
1451606400000,189326.9215686275
