system:time_start,impervious
978307200000,490799.92549019604
1136073600000,503989.14901960787
1293840000000,532467.2470588236
1451606400000,543418.3843137255
