system:time_start,impervious
978307200000,197199.1450980391
1136073600000,200000.14509803907
1293840000000,202568.69803921555
1451606400000,205596.69803921555
