system:time_start,impervious
978307200000,22237.050980392156
1136073600000,22237.050980392156
1293840000000,22237.050980392156
1451606400000,22237.050980392156
