system:time_start,impervious
978307200000,1363454.6901960787
1136073600000,1420573.6901960787
1293840000000,1453197.6901960787
1451606400000,1468621.4313725494
