system:time_start,impervious
978307200000,251096.89411764714
1136073600000,251875.89411764714
1293840000000,256494.89411764714
1451606400000,262246.89411764714
