system:time_start,impervious
978307200000,709310.2431372548
1136073600000,758318.7529411763
1293840000000,771606.0980392154
1451606400000,790045.0901960782
