system:time_start,impervious
978307200000,100086.12549019637
1136073600000,104362.97647058853
1293840000000,105486.97647058853
1451606400000,105486.97647058853
