system:time_start,impervious
978307200000,63674.3568627451
1136073600000,63868.3568627451
1293840000000,64018.3568627451
1451606400000,64441.6705882353
