system:time_start,impervious
978307200000,30250.160784313783
1136073600000,32783.68627450986
1293840000000,32783.68627450986
1451606400000,32783.68627450986
