system:time_start,impervious
978307200000,1164953.2901960784
1136073600000,1171068.2901960784
1293840000000,1176809.388235294
1451606400000,1179178.388235294
