system:time_start,impervious
978307200000,40777.33333333334
1136073600000,40777.33333333334
1293840000000,40875.33333333334
1451606400000,40875.33333333334
