system:time_start,impervious
978307200000,17044.3137254902
1136073600000,17044.3137254902
1293840000000,17044.3137254902
1451606400000,17044.3137254902
