system:time_start,impervious
978307200000,203757.00392156877
1136073600000,205538.00392156877
1293840000000,211877.00392156874
1451606400000,217864.00392156874
