system:time_start,impervious
978307200000,56669.670588235305
1136073600000,56669.670588235305
1293840000000,56669.670588235305
1451606400000,56669.670588235305
