system:time_start,impervious
978307200000,774.8980392156865
1136073600000,774.8980392156865
1293840000000,795.8980392156865
1451606400000,795.8980392156865
