system:time_start,impervious
978307200000,147831.43529411772
1136073600000,148004.43529411772
1293840000000,148049.0039215687
1451606400000,148345.0039215687
