system:time_start,impervious
978307200000,46882.95294117649
1136073600000,47195.545098039234
1293840000000,47343.545098039234
1451606400000,48814.545098039234
