system:time_start,impervious
978307200000,459777.48627451
1136073600000,461628.48627451
1293840000000,462594.48627451
1451606400000,468100.51372549037
