system:time_start,impervious
978307200000,18289.50588235296
1136073600000,18289.50588235296
1293840000000,18289.50588235296
1451606400000,18289.50588235296
