system:time_start,impervious
978307200000,163095.00784313725
1136073600000,169477.59607843135
1293840000000,178334.031372549
1451606400000,179927.031372549
