system:time_start,impervious
978307200000,764.0549019607843
1136073600000,764.0549019607843
1293840000000,764.0549019607843
1451606400000,764.0549019607843
