system:time_start,impervious
978307200000,1109416.0980392164
1136073600000,1159983.2980392163
1293840000000,1174756.4784313731
1451606400000,1179890.3372549028
