system:time_start,impervious
978307200000,30979.00784313726
1136073600000,30979.00784313726
1293840000000,30979.00784313726
1451606400000,30979.00784313726
