system:time_start,impervious
978307200000,2009.6196078431371
1136073600000,2009.6196078431371
1293840000000,2009.6196078431371
1451606400000,2009.6196078431371
