system:time_start,impervious
978307200000,95350.99607843155
1136073600000,101794.99607843156
1293840000000,107264.0901960786
1451606400000,110751.0901960786
