system:time_start,impervious
978307200000,246839.57647058833
1136073600000,253046.443137255
1293840000000,256666.44313725497
1451606400000,277218.44313725503
