system:time_start,impervious
978307200000,148053.19607843133
1136073600000,148534.19607843133
1293840000000,149556.1960784313
1451606400000,149615.1960784313
