system:time_start,impervious
978307200000,94336.79607843167
1136073600000,94336.79607843167
1293840000000,94336.79607843167
1451606400000,94341.90980392187
