system:time_start,impervious
978307200000,84824.43137254902
1136073600000,84824.43137254902
1293840000000,84869.43137254902
1451606400000,84869.43137254902
