system:time_start,impervious
978307200000,30484.592156862815
1136073600000,30962.909803921637
1293840000000,30962.909803921637
1451606400000,31007.909803921637
