system:time_start,impervious
978307200000,493698.78039215715
1136073600000,509467.7803921571
1293840000000,514091.1254901963
1451606400000,522061.1254901963
