system:time_start,impervious
978307200000,200496.03921568635
1136073600000,201312.03921568635
1293840000000,201646.14117647067
1451606400000,225951.14117647067
