system:time_start,impervious
978307200000,69372.32156862757
1136073600000,69417.32156862755
1293840000000,69417.32156862755
1451606400000,69570.32156862755
