system:time_start,impervious
978307200000,216869.81568627447
1136073600000,217113.81568627447
1293840000000,217410.81568627447
1451606400000,218180.81568627447
