system:time_start,impervious
978307200000,177914.47450980396
1136073600000,177953.47450980396
1293840000000,177953.47450980396
1451606400000,177953.47450980396
