system:time_start,impervious
978307200000,40766.19215686277
1136073600000,40976.192156862766
1293840000000,41396.192156862766
1451606400000,41396.192156862766
