system:time_start,impervious
978307200000,555128.2705882359
1136073600000,560303.2705882359
1293840000000,578711.3176470596
1451606400000,581968.682352942
