system:time_start,impervious
978307200000,296997.66274509864
1136073600000,297044.66274509864
1293840000000,297044.66274509864
1451606400000,297050.66274509864
