system:time_start,impervious
978307200000,674835.0117647058
1136073600000,677023.0117647058
1293840000000,682944.2705882352
1451606400000,683274.2705882352
