system:time_start,impervious
978307200000,293315.3960784313
1136073600000,293496.3960784313
1293840000000,293581.3960784313
1451606400000,302213.3960784312
