system:time_start,impervious
978307200000,580.8117647058823
1136073600000,580.8117647058823
1293840000000,580.8117647058823
1451606400000,580.8117647058823
