system:time_start,impervious
978307200000,783178.431372549
1136073600000,822609.9568627451
1293840000000,838018.3568627452
1451606400000,853704.4274509804
