system:time_start,impervious
978307200000,4902.788235294118
1136073600000,4902.788235294118
1293840000000,4902.788235294118
1451606400000,4902.788235294118
