system:time_start,impervious
978307200000,5940.113725490193
1136073600000,5940.113725490193
1293840000000,5940.113725490193
1451606400000,5940.113725490193
