system:time_start,impervious
978307200000,547298.4156862743
1136073600000,554592.4156862743
1293840000000,555877.4156862743
1451606400000,557032.4156862743
