system:time_start,impervious
978307200000,191908.78431372542
1136073600000,192337.7843137254
1293840000000,199813.36078431364
1451606400000,205191.45490196074
