system:time_start,impervious
978307200000,144753.85490196073
1136073600000,144753.85490196073
1293840000000,144887.85490196073
1451606400000,144887.85490196073
