system:time_start,impervious
978307200000,531435.2352941178
1136073600000,531905.4901960786
1293840000000,533396.4901960786
1451606400000,534743.6470588236
