system:time_start,impervious
978307200000,111593.67843137261
1136073600000,111593.67843137261
1293840000000,111593.67843137261
1451606400000,111700.67843137261
