system:time_start,impervious
978307200000,15962.43921568628
1136073600000,16076.43921568628
1293840000000,16076.43921568628
1451606400000,16076.43921568628
