system:time_start,impervious
978307200000,9265.141176470588
1136073600000,9265.141176470588
1293840000000,9265.141176470588
1451606400000,9265.141176470588
