system:time_start,impervious
978307200000,297499.329411764
1136073600000,331346.32941176405
1293840000000,357619.3294117639
1451606400000,361911.3294117639
