system:time_start,impervious
978307200000,55590.01176470591
1136073600000,68678.01176470588
1293840000000,68678.01176470588
1451606400000,68678.01176470588
