system:time_start,impervious
978307200000,183812.61176470542
1136073600000,183812.61176470542
1293840000000,183812.61176470542
1451606400000,183812.61176470542
