system:time_start,impervious
978307200000,21810.192156862773
1136073600000,21976.192156862773
1293840000000,21976.192156862773
1451606400000,21976.192156862773
