system:time_start,impervious
978307200000,317566.82745097997
1136073600000,333715.82745097997
1293840000000,344108.8274509799
1451606400000,346990.8980392152
