system:time_start,impervious
978307200000,212693.11372549017
1136073600000,271179.8509803922
1293840000000,352281.13725490205
1451606400000,483520.9411764707
