system:time_start,impervious
978307200000,270561.5450980394
1136073600000,273752.5450980394
1293840000000,275740.5450980394
1451606400000,275740.5450980394
