system:time_start,impervious
978307200000,95805.64705882358
1136073600000,98406.64705882358
1293840000000,99486.64705882358
1451606400000,102231.64705882358
