system:time_start,impervious
978307200000,105079.66274509803
1136073600000,131462.925490196
1293840000000,134228.92549019604
1451606400000,134424.92549019604
