system:time_start,impervious
978307200000,150796.72549019603
1136073600000,170471.16078431375
1293840000000,177230.81568627458
1451606400000,178324.81568627458
