system:time_start,impervious
978307200000,250.15686274509804
1136073600000,250.15686274509804
1293840000000,250.15686274509804
1451606400000,250.15686274509804
