system:time_start,impervious
978307200000,78512.82352941183
1136073600000,78826.82352941183
1293840000000,79008.82352941183
1451606400000,79112.82352941183
