system:time_start,impervious
978307200000,16178.545098039229
1136073600000,16262.545098039229
1293840000000,16312.545098039229
1451606400000,16319.545098039229
