system:time_start,impervious
978307200000,0.20392156862745098
1136073600000,0.20392156862745098
1293840000000,0.20392156862745098
1451606400000,0.20392156862745098
