system:time_start,impervious
978307200000,85971.27058823538
1136073600000,95548.27058823538
1293840000000,96354.27058823538
1451606400000,133913.27058823538
