system:time_start,impervious
978307200000,53407.07843137257
1136073600000,53407.07843137257
1293840000000,53407.07843137257
1451606400000,53407.07843137257
