system:time_start,impervious
978307200000,129930.18039215705
1136073600000,132829.31372549033
1293840000000,134034.1764705884
1451606400000,135575.192156863
