system:time_start,impervious
978307200000,38391.90980392158
1136073600000,39985.145098039226
1293840000000,40211.79215686276
1451606400000,40323.8274509804
