system:time_start,impervious
978307200000,546861.9333333335
1136073600000,554186.9333333337
1293840000000,559252.1333333335
1451606400000,568802.7764705885
