system:time_start,impervious
978307200000,108426.06274509811
1136073600000,109323.06274509813
1293840000000,111992.15686274518
1451606400000,113502.44313725497
