system:time_start,impervious
978307200000,236952.44705882375
1136073600000,256529.73725490217
1293840000000,276744.3960784313
1451606400000,285907.18431372533
