system:time_start,impervious
978307200000,500012.39607843145
1136073600000,516028.47843137255
1293840000000,556078.3411764704
1451606400000,562412.3411764703
