system:time_start,impervious
978307200000,423391.27450980386
1136073600000,425613.27450980386
1293840000000,427286.27450980386
1451606400000,430494.27450980386
