system:time_start,impervious
978307200000,54654.20784313724
1136073600000,54654.20784313724
1293840000000,54655.7450980392
1451606400000,54655.7450980392
