system:time_start,impervious
978307200000,4357.466666666667
1136073600000,4357.466666666667
1293840000000,4357.466666666667
1451606400000,4357.466666666667
