system:time_start,impervious
978307200000,1358.9882352941165
1136073600000,1358.9882352941165
1293840000000,1358.9882352941165
1451606400000,1358.9882352941165
