system:time_start,impervious
978307200000,180777.4470588236
1136073600000,180818.4470588236
1293840000000,180818.4470588236
1451606400000,180818.4470588236
