system:time_start,impervious
978307200000,973612.2627450982
1136073600000,977825.262745098
1293840000000,983783.2627450981
1451606400000,989759.2627450982
