system:time_start,impervious
978307200000,139214.74117647056
1136073600000,147833.74117647053
1293840000000,152731.5411764705
1451606400000,158473.54117647052
