system:time_start,impervious
978307200000,931518.4078431374
1136073600000,944083.8627450982
1293840000000,966549.8627450982
1451606400000,967085.8627450983
