system:time_start,impervious
978307200000,60531.82352941176
1136073600000,60531.82352941176
1293840000000,60531.82352941176
1451606400000,60531.82352941176
