system:time_start,impervious
978307200000,26028.447058823534
1136073600000,26028.447058823534
1293840000000,26167.447058823534
1451606400000,26167.447058823534
