system:time_start,impervious
978307200000,5701.996078431371
1136073600000,5701.996078431371
1293840000000,5701.996078431371
1451606400000,6044.996078431371
