system:time_start,impervious
978307200000,103190.0039215687
1136073600000,103190.0039215687
1293840000000,103190.0039215687
1451606400000,103190.0039215687
