system:time_start,impervious
978307200000,1213335.14117647
1136073600000,1244583.2549019605
1293840000000,1277320.9372549015
1451606400000,1319543.164705882
