system:time_start,impervious
978307200000,9163.56078431372
1136073600000,9163.56078431372
1293840000000,9163.56078431372
1451606400000,9163.56078431372
