system:time_start,impervious
978307200000,37527.592156862745
1136073600000,37527.592156862745
1293840000000,37527.592156862745
1451606400000,37527.592156862745
