system:time_start,impervious
978307200000,153822.80000000005
1136073600000,157592.1098039216
1293840000000,159116.04313725492
1451606400000,160840.337254902
