system:time_start,impervious
978307200000,736893.1568627448
1136073600000,738654.156862745
1293840000000,753173.1607843136
1451606400000,757434.1607843136
