system:time_start,impervious
978307200000,117468.60392156865
1136073600000,119680.60392156865
1293840000000,122447.60392156865
1451606400000,122948.60392156865
