system:time_start,impervious
978307200000,91300.90588235323
1136073600000,94538.11764705912
1293840000000,96864.90196078461
1451606400000,99808.90196078463
