system:time_start,impervious
978307200000,86725.13333333343
1136073600000,88078.13333333343
1293840000000,89743.13333333343
1451606400000,93621.13333333345
