system:time_start,impervious
978307200000,220975.6352941176
1136073600000,222926.6352941176
1293840000000,223297.6352941176
1451606400000,223520.6352941176
