system:time_start,impervious
978307200000,169343.54117647058
1136073600000,169343.54117647058
1293840000000,169343.54117647058
1451606400000,169343.54117647058
