system:time_start,impervious
978307200000,193259.7215686276
1136073600000,202084.01176470614
1293840000000,209690.4862745101
1451606400000,212246.266666667
