system:time_start,impervious
978307200000,399982.63137254916
1136073600000,404126.7294117648
1293840000000,423537.3529411766
1451606400000,431018.3529411766
