system:time_start,impervious
978307200000,267581.58039215696
1136073600000,271955.86666666676
1293840000000,273046.86666666676
1451606400000,275437.86666666676
