system:time_start,impervious
978307200000,40753.156862745105
1136073600000,40807.156862745105
1293840000000,40861.156862745105
1451606400000,40861.156862745105
