system:time_start,impervious
978307200000,279177.9137254904
1136073600000,314959.92156862747
1293840000000,341669.61568627466
1451606400000,350431.11372549034
