system:time_start,impervious
978307200000,48091.2980392157
1136073600000,48179.2980392157
1293840000000,48179.2980392157
1451606400000,48293.2980392157
