system:time_start,impervious
978307200000,860962.0196078422
1136073600000,867405.1490196068
1293840000000,873239.5450980384
1451606400000,876697.5450980383
