system:time_start,impervious
978307200000,183107.74117647047
1136073600000,183237.74117647047
1293840000000,183347.74117647047
1451606400000,183347.74117647047
