system:time_start,impervious
978307200000,261317.96078431373
1136073600000,261353.96078431373
1293840000000,261353.96078431373
1451606400000,261353.96078431373
