system:time_start,impervious
978307200000,397788.59607843123
1136073600000,400806.59607843123
1293840000000,409151.65882352926
1451606400000,412662.65882352926
