system:time_start,impervious
978307200000,358688.65882353
1136073600000,371968.396078432
1293840000000,379352.72941176523
1451606400000,389815.92156862805
