system:time_start,impervious
978307200000,14632.168627450996
1136073600000,14632.168627450996
1293840000000,14632.168627450996
1451606400000,14632.168627450996
