system:time_start,impervious
978307200000,44132.50196078433
1136073600000,55321.64313725491
1293840000000,57833.5137254902
1451606400000,58275.5137254902
