system:time_start,impervious
978307200000,94738.0862745099
1136073600000,94738.0862745099
1293840000000,94738.0862745099
1451606400000,94738.0862745099
