system:time_start,impervious
978307200000,144842.8509803924
1136073600000,146012.8509803924
1293840000000,146409.85098039242
1451606400000,146432.8509803924
