system:time_start,impervious
978307200000,799257.9607843139
1136073600000,806107.960784314
1293840000000,863189.7137254903
1451606400000,920411.8666666667
