system:time_start,impervious
978307200000,48513.980392156875
1136073600000,48693.980392156875
1293840000000,49760.980392156875
1451606400000,51471.980392156875
