system:time_start,impervious
978307200000,133865.46666666667
1136073600000,135638.46666666667
1293840000000,136301.46666666667
1451606400000,136494.46666666667
