system:time_start,impervious
978307200000,4581.36862745098
1136073600000,4581.36862745098
1293840000000,4581.36862745098
1451606400000,4581.36862745098
