system:time_start,impervious
978307200000,972930.8431372556
1136073600000,1018342.6313725498
1293840000000,1042271.0431372555
1451606400000,1071946.039215687
