system:time_start,impervious
978307200000,5655.494117647058
1136073600000,5655.494117647058
1293840000000,5655.494117647058
1451606400000,5655.494117647058
