system:time_start,impervious
978307200000,32614.972549019625
1136073600000,32614.972549019625
1293840000000,32614.972549019625
1451606400000,32660.972549019625
