system:time_start,impervious
978307200000,49688.309803921584
1136073600000,49688.309803921584
1293840000000,49688.309803921584
1451606400000,49875.309803921584
