system:time_start,impervious
978307200000,210499.69411764704
1136073600000,231087.0117647059
1293840000000,245265.32941176475
1451606400000,296935.38823529414
