system:time_start,impervious
978307200000,42404.38823529413
1136073600000,42404.38823529413
1293840000000,42404.38823529413
1451606400000,42404.38823529413
