system:time_start,impervious
978307200000,1013830.4039215684
1136073600000,1069876.2549019607
1293840000000,1100183.6784313724
1451606400000,1117401.5137254903
