system:time_start,impervious
978307200000,134073.03529411787
1136073600000,134852.35294117668
1293840000000,136072.88627451006
1451606400000,137517.88627451006
