system:time_start,impervious
978307200000,16219.474509803962
1136073600000,16219.474509803962
1293840000000,16219.474509803962
1451606400000,16219.474509803962
