system:time_start,impervious
978307200000,185459.9568627447
1136073600000,186599.01568627413
1293840000000,189171.2705882349
1451606400000,192975.60784313682
