system:time_start,impervious
978307200000,6177.545098039216
1136073600000,6177.545098039216
1293840000000,6177.545098039216
1451606400000,6177.545098039216
