system:time_start,impervious
978307200000,5023.290196078429
1136073600000,5023.290196078429
1293840000000,5023.290196078429
1451606400000,5023.290196078429
