system:time_start,impervious
978307200000,535648.8431372552
1136073600000,541829.8431372552
1293840000000,552959.8784313728
1451606400000,560377.5450980394
