system:time_start,impervious
978307200000,1619.8666666666638
1136073600000,1619.8666666666638
1293840000000,1619.8666666666638
1451606400000,1619.8666666666638
