system:time_start,impervious
978307200000,162153.98823529424
1136073600000,164299.98823529424
1293840000000,164357.98823529424
1451606400000,164479.98823529424
