system:time_start,impervious
978307200000,95651.32941176479
1136073600000,96042.32941176477
1293840000000,97064.32941176479
1451606400000,97156.32941176479
