system:time_start,impervious
978307200000,32026.078431372553
1136073600000,32026.078431372553
1293840000000,32026.07843137255
1451606400000,32026.078431372553
