system:time_start,impervious
978307200000,179735.1058823529
1136073600000,179956.1058823529
1293840000000,180071.1058823529
1451606400000,181598.1058823529
