system:time_start,impervious
978307200000,233779.73725490156
1136073600000,234534.73725490156
1293840000000,237723.29019607801
1451606400000,248398.59607843088
