system:time_start,impervious
978307200000,64238.062745098025
1136073600000,64238.062745098025
1293840000000,64346.062745098025
1451606400000,64387.062745098025
