system:time_start,impervious
978307200000,93878.52941176468
1136073600000,106062.43921568627
1293840000000,112816.69411764706
1451606400000,121146.69411764706
