system:time_start,impervious
978307200000,135005.1372549021
1136073600000,137158.2156862747
1293840000000,150779.74509803942
1451606400000,151284.74509803945
