system:time_start,impervious
978307200000,121583.90588235298
1136073600000,122622.6078431373
1293840000000,125492.51372549024
1451606400000,125741.05098039219
