system:time_start,impervious
978307200000,52610.80784313725
1136073600000,52610.80784313725
1293840000000,52610.80784313725
1451606400000,52610.80784313725
