system:time_start,impervious
978307200000,190110.4117647064
1136073600000,200294.41176470637
1293840000000,201463.41176470637
1451606400000,203309.79215686326
