system:time_start,impervious
978307200000,1994140.0274509813
1136073600000,2051941.7725490206
1293840000000,2096326.6627450988
1451606400000,2119599.3529411773
