system:time_start,impervious
978307200000,9929.282352941176
1136073600000,9929.282352941176
1293840000000,9929.282352941176
1451606400000,10380.282352941176
