system:time_start,impervious
978307200000,4745.980392156862
1136073600000,4745.980392156862
1293840000000,4749.980392156862
1451606400000,4749.980392156862
