system:time_start,impervious
978307200000,3564.7411764705894
1136073600000,3564.7411764705894
1293840000000,3610.7411764705894
1451606400000,3610.7411764705894
