system:time_start,impervious
978307200000,194807.56470588248
1136073600000,197522.56470588248
1293840000000,199724.1647058825
1451606400000,205409.58431372565
