system:time_start,impervious
978307200000,176746.09411764695
1136073600000,178414.09411764692
1293840000000,178698.09411764692
1451606400000,178698.09411764692
