system:time_start,impervious
978307200000,154772.89019607852
1136073600000,154772.89019607852
1293840000000,154772.89019607852
1451606400000,154828.89019607852
