system:time_start,impervious
978307200000,460012.87843137275
1136073600000,485706.87843137275
1293840000000,500916.62352941185
1451606400000,506544.6862745099
