system:time_start,impervious
978307200000,12621.796078431371
1136073600000,12625.796078431371
1293840000000,13011.796078431371
1451606400000,13011.796078431371
