system:time_start,impervious
978307200000,497775.6196078429
1136073600000,519280.62745098025
1293840000000,534434.3490196076
1451606400000,550626.7960784312
