system:time_start,impervious
978307200000,3009058.1019607857
1136073600000,3033491.29019608
1293840000000,3063795.9372549034
1451606400000,3098143.2509803935
