system:time_start,impervious
978307200000,2211.858823529412
1136073600000,2273.858823529412
1293840000000,2273.858823529412
1451606400000,2273.858823529412
