system:time_start,impervious
978307200000,10529.25098039216
1136073600000,10529.25098039216
1293840000000,10529.25098039216
1451606400000,10529.25098039216
