system:time_start,impervious
978307200000,295336.98823529476
1136073600000,303782.6823529417
1293840000000,306633.7921568634
1451606400000,309450.7921568634
