system:time_start,impervious
978307200000,164073.80392156864
1136073600000,169874.0549019608
1293840000000,171598.0705882353
1451606400000,183248.40000000002
