system:time_start,impervious
978307200000,463693.4980392157
1136073600000,477917.6196078432
1293840000000,515831.3607843138
1451606400000,518005.13725490205
