system:time_start,impervious
978307200000,185666.56470588245
1136073600000,274706.9568627451
1293840000000,280504.9568627451
1451606400000,284645.19215686276
