system:time_start,impervious
978307200000,636354.3176470589
1136073600000,677450.3019607842
1293840000000,686087.3019607844
1451606400000,694117.3019607844
