system:time_start,impervious
978307200000,550225.2666666668
1136073600000,550613.2666666668
1293840000000,550698.2666666668
1451606400000,551702.2666666668
