system:time_start,impervious
978307200000,351080.7019607839
1136073600000,352483.7019607839
1293840000000,353771.7019607839
1451606400000,355057.7019607839
