system:time_start,impervious
978307200000,1319642.8549019608
1136073600000,1354188.2666666666
1293840000000,1382874.6784313726
1451606400000,1408785.6784313724
