system:time_start,impervious
978307200000,5004.772549019608
1136073600000,5161.772549019608
1293840000000,5161.772549019608
1451606400000,5161.772549019608
