system:time_start,impervious
978307200000,392521.13333333377
1136073600000,395537.403921569
1293840000000,402907.403921569
1451606400000,404537.403921569
