system:time_start,impervious
978307200000,450275.6901960783
1136073600000,462230.7450980391
1293840000000,472155.7529411764
1451606400000,500434.2705882352
