system:time_start,impervious
978307200000,27323.61568627451
1136073600000,27323.61568627451
1293840000000,27368.61568627451
1451606400000,27368.61568627451
