system:time_start,impervious
978307200000,1492143.623529412
1136073600000,1507263.3803921572
1293840000000,1515965.3803921572
1451606400000,1541605.3803921575
