system:time_start,impervious
978307200000,5981.062745098031
1136073600000,5981.062745098031
1293840000000,5981.062745098031
1451606400000,5981.062745098031
