system:time_start,impervious
978307200000,459896.70980392164
1136073600000,529973.2156862745
1293840000000,578338.4352941177
1451606400000,590335.4352941177
