system:time_start,impervious
978307200000,230290.83137254932
1136073600000,231563.83137254932
1293840000000,231909.8313725493
1451606400000,232098.83137254932
