system:time_start,impervious
978307200000,710794.9764705885
1136073600000,722640.9764705885
1293840000000,730038.9764705884
1451606400000,738943.9764705884
