system:time_start,impervious
978307200000,537688.9607843135
1136073600000,548030.870588235
1293840000000,555035.8705882351
1451606400000,587031.5686274506
