system:time_start,impervious
978307200000,36061.03921568627
1136073600000,36117.03921568627
1293840000000,36159.03921568627
1451606400000,36275.03921568627
