system:time_start,impervious
978307200000,40481.454901960795
1136073600000,60558.141176470555
1293840000000,63354.39607843134
1451606400000,70404.37254901956
