system:time_start,impervious
978307200000,52216.43529411765
1136073600000,52216.43529411765
1293840000000,52216.43529411765
1451606400000,52216.43529411765
