system:time_start,impervious
978307200000,117927.37647058856
1136073600000,117967.37647058856
1293840000000,117967.37647058856
1451606400000,117967.37647058856
