system:time_start,impervious
978307200000,231322.96078431362
1136073600000,235748.96078431362
1293840000000,237151.96078431362
1451606400000,239082.56862745088
