system:time_start,impervious
978307200000,2881708.372549019
1136073600000,2933218.372549019
1293840000000,2949152.3725490193
1451606400000,2992811.7019607835
