system:time_start,impervious
978307200000,149861.45490196106
1136073600000,151837.45490196106
1293840000000,152629.47843137285
1451606400000,154303.34117647086
