system:time_start,impervious
978307200000,375389.67058823496
1136073600000,376045.67058823496
1293840000000,378367.67058823496
1451606400000,379561.55294117617
