system:time_start,impervious
978307200000,126319.24705882359
1136073600000,127668.24705882359
1293840000000,127712.24705882359
1451606400000,140045.2470588236
