system:time_start,impervious
978307200000,113479.64313725499
1136073600000,113479.64313725499
1293840000000,113479.64313725499
1451606400000,113479.64313725499
