system:time_start,impervious
978307200000,77166.22352941176
1136073600000,77166.22352941176
1293840000000,77166.22352941176
1451606400000,77360.22352941176
