system:time_start,impervious
978307200000,1035279.7215686274
1136073600000,1091293.7215686275
1293840000000,1130279.7215686273
1451606400000,1249006.2078431367
