system:time_start,impervious
978307200000,239507.95686274514
1136073600000,246117.96078431376
1293840000000,251381.97254901967
1451606400000,252452.97254901964
