system:time_start,impervious
978307200000,1730.0313725490196
1136073600000,1730.0313725490196
1293840000000,1730.0313725490196
1451606400000,1730.0313725490196
