system:time_start,impervious
978307200000,339636.37254901964
1136073600000,340663.37254901964
1293840000000,341189.37254901964
1451606400000,342192.37254901964
