system:time_start,impervious
978307200000,13990.894117647063
1136073600000,14372.894117647063
1293840000000,14674.894117647063
1451606400000,14726.894117647063
