system:time_start,impervious
978307200000,137226.14901960836
1136073600000,140399.1490196084
1293840000000,145607.28235294178
1451606400000,146405.38039215739
