system:time_start,impervious
978307200000,344329.2078431372
1136073600000,344329.2078431372
1293840000000,344329.2078431372
1451606400000,344396.2078431372
