system:time_start,impervious
978307200000,431922.64313725545
1136073600000,438061.5764705888
1293840000000,448269.05882353004
1451606400000,451434.9372549025
