system:time_start,impervious
978307200000,243919.09019607864
1136073600000,248095.09019607864
1293840000000,248331.09019607864
1451606400000,250785.09019607864
