system:time_start,impervious
978307200000,241336.87450980398
1136073600000,241386.87450980395
1293840000000,241689.87450980398
1451606400000,241885.87450980398
