system:time_start,impervious
978307200000,478945.9803921571
1136073600000,489243.011764706
1293840000000,490773.011764706
1451606400000,493504.011764706
