system:time_start,impervious
978307200000,264794.32549019624
1136073600000,265365.4784313727
1293840000000,265800.4784313727
1451606400000,265800.4784313727
