system:time_start,impervious
978307200000,11886.388235294124
1136073600000,11886.388235294124
1293840000000,11886.388235294124
1451606400000,11886.388235294124
