system:time_start,impervious
978307200000,361758.29411764716
1136073600000,363325.2941176472
1293840000000,364839.29411764716
1451606400000,368332.54117647075
