system:time_start,impervious
978307200000,496572.74509803945
1136073600000,497357.53333333356
1293840000000,497594.53333333356
1451606400000,498050.53333333356
