system:time_start,impervious
978307200000,12306.239215686273
1136073600000,12306.239215686273
1293840000000,12346.239215686273
1451606400000,12346.239215686273
