system:time_start,impervious
978307200000,17899.490196078434
1136073600000,17899.490196078434
1293840000000,17899.490196078434
1451606400000,17899.490196078434
