system:time_start,impervious
978307200000,6114.203921568624
1136073600000,6114.203921568624
1293840000000,6114.203921568624
1451606400000,6114.203921568624
