system:time_start,impervious
978307200000,187961.71764705915
1136073600000,189963.71764705915
1293840000000,191611.71764705915
1451606400000,193463.71764705915
