system:time_start,impervious
978307200000,13849.117647058823
1136073600000,13895.117647058823
1293840000000,13903.117647058823
1451606400000,13903.117647058823
