system:time_start,impervious
978307200000,4413.760784313726
1136073600000,4413.760784313726
1293840000000,4413.760784313726
1451606400000,4413.760784313726
