system:time_start,impervious
978307200000,484806.18431372574
1136073600000,485063.18431372574
1293840000000,485292.18431372574
1451606400000,488098.20000000024
