system:time_start,impervious
978307200000,583415.9529411754
1136073600000,627967.380392156
1293840000000,649747.4980392149
1451606400000,696287.7921568619
