system:time_start,impervious
978307200000,34930.49803921569
1136073600000,34930.49803921569
1293840000000,34930.49803921569
1451606400000,34930.49803921569
