system:time_start,impervious
978307200000,48207.13333333333
1136073600000,48207.13333333333
1293840000000,48207.13333333333
1451606400000,48207.13333333333
