system:time_start,impervious
978307200000,2995.643137254902
1136073600000,2995.643137254902
1293840000000,2995.643137254902
1451606400000,2995.643137254902
