system:time_start,impervious
978307200000,210948.33725490214
1136073600000,212419.33725490214
1293840000000,213540.33725490214
1451606400000,216319.96078431388
