system:time_start,impervious
978307200000,683532.9137254904
1136073600000,699316.4862745102
1293840000000,726510.8392156867
1451606400000,731186.8901960789
