system:time_start,impervious
978307200000,24782.93725490196
1136073600000,24782.93725490196
1293840000000,24782.93725490196
1451606400000,24782.93725490196
