system:time_start,impervious
978307200000,486149.8666666668
1136073600000,487559.8666666668
1293840000000,498216.19215686293
1451606400000,499783.7568627453
