system:time_start,impervious
978307200000,97090.16862745107
1136073600000,97090.16862745107
1293840000000,97090.16862745107
1451606400000,97090.16862745107
