system:time_start,impervious
978307200000,85444.07450980393
1136073600000,85444.07450980393
1293840000000,85444.07450980393
1451606400000,85444.07450980393
