system:time_start,impervious
978307200000,34479.41960784318
1136073600000,34479.41960784318
1293840000000,34479.41960784318
1451606400000,34479.41960784318
