system:time_start,impervious
978307200000,419776.16470588214
1136073600000,420637.16470588214
1293840000000,421951.16470588214
1451606400000,423767.16470588214
