system:time_start,impervious
978307200000,91344.18431372594
1136073600000,91478.18431372594
1293840000000,91478.18431372594
1451606400000,91478.18431372594
