system:time_start,impervious
978307200000,387683.305882353
1136073600000,397677.305882353
1293840000000,412588.30588235304
1451606400000,414608.30588235304
