system:time_start,impervious
978307200000,282766.843137255
1136073600000,287061.70588235307
1293840000000,297596.705882353
1451606400000,298265.74509803933
