system:time_start,impervious
978307200000,1442700.0862745098
1136073600000,1450853.454901961
1293840000000,1457385.9647058821
1451606400000,1466834.9647058824
