system:time_start,impervious
978307200000,269815.9411764705
1136073600000,272329.9411764705
1293840000000,276657.9411764705
1451606400000,277736.0156862744
