system:time_start,impervious
978307200000,63491.22745098044
1136073600000,63491.22745098044
1293840000000,63491.22745098044
1451606400000,63491.22745098044
