system:time_start,impervious
978307200000,654426.1607843139
1136073600000,668550.1921568629
1293840000000,674798.8078431375
1451606400000,686795.423529412
