system:time_start,impervious
978307200000,517095.7921568629
1136073600000,520099.7921568629
1293840000000,552186.580392157
1451606400000,559123.5372549023
