system:time_start,impervious
978307200000,124322.14117647069
1136073600000,124530.14117647069
1293840000000,124969.34901960794
1451606400000,125061.34901960794
