system:time_start,impervious
978307200000,6185.137254901961
1136073600000,6410.137254901962
1293840000000,6947.137254901962
1451606400000,6947.137254901962
