system:time_start,impervious
978307200000,81467.15294117651
1136073600000,81467.15294117651
1293840000000,81467.15294117651
1451606400000,81467.15294117651
