system:time_start,impervious
978307200000,437442.2196078432
1136073600000,510560.6235294117
1293840000000,524072.8745098038
1451606400000,544507.0745098033
