system:time_start,impervious
978307200000,79826.86274509806
1136073600000,79826.86274509806
1293840000000,81044.74509803923
1451606400000,82948.74509803923
