system:time_start,impervious
978307200000,379688.7137254905
1136073600000,502835.4000000002
1293840000000,675932.8588235291
1451606400000,865180.6823529404
