system:time_start,impervious
978307200000,2092.4784313725486
1136073600000,2092.4784313725486
1293840000000,2092.4784313725486
1451606400000,2092.4784313725486
