system:time_start,impervious
978307200000,9985.964705882352
1136073600000,9985.964705882352
1293840000000,9985.964705882352
1451606400000,9985.964705882352
