system:time_start,impervious
978307200000,16615.905882352945
1136073600000,16727.905882352945
1293840000000,16727.905882352945
1451606400000,16727.905882352945
