system:time_start,impervious
978307200000,66744.65098039218
1136073600000,67506.25882352944
1293840000000,68624.98431372551
1451606400000,71367.2823529412
