system:time_start,impervious
978307200000,164497.50588235288
1136073600000,180047.35294117648
1293840000000,259745.70196078432
1451606400000,272138.549019608
