system:time_start,impervious
978307200000,170403.8784313727
1136073600000,170514.8784313727
1293840000000,170691.38823529426
1451606400000,170878.38823529426
