system:time_start,impervious
978307200000,64148.91764705879
1136073600000,66954.05098039216
1293840000000,70087.0941176471
1451606400000,71983.0941176471
