system:time_start,impervious
978307200000,3869265.6627450986
1136073600000,3898569.8078431375
1293840000000,3950974.901960785
1451606400000,3971565.901960785
