system:time_start,impervious
978307200000,156176.01568627512
1136073600000,170394.01568627506
1293840000000,177069.01568627503
1451606400000,177864.01568627503
