system:time_start,impervious
978307200000,1263015.180392157
1136073600000,1291240.9607843137
1293840000000,1304907.231372549
1451606400000,1337119.988235294
