system:time_start,impervious
978307200000,22041.850980392162
1136073600000,22041.850980392162
1293840000000,22041.850980392162
1451606400000,22041.850980392162
