system:time_start,impervious
978307200000,15093.749019607849
1136073600000,15137.749019607849
1293840000000,15191.749019607849
1451606400000,21849.749019607847
