system:time_start,impervious
978307200000,209174.39215686268
1136073600000,218062.39215686268
1293840000000,220487.39215686268
1451606400000,222593.39215686268
