system:time_start,impervious
978307200000,15294.239215686273
1136073600000,15294.239215686273
1293840000000,15294.239215686273
1451606400000,15294.239215686273
