system:time_start,impervious
978307200000,50711.000000000015
1136073600000,50711.000000000015
1293840000000,50711.000000000015
1451606400000,50711.000000000015
