system:time_start,impervious
978307200000,1500.7137254901952
1136073600000,1500.7137254901952
1293840000000,1500.7137254901952
1451606400000,1500.7137254901952
