system:time_start,impervious
978307200000,539132.3725490195
1136073600000,542665.0235294116
1293840000000,549173.5019607843
1451606400000,553652.0
