system:time_start,impervious
978307200000,318216.4392156863
1136073600000,318352.4392156863
1293840000000,318396.4392156863
1451606400000,318499.4392156863
