system:time_start,impervious
978307200000,9446.06274509804
1136073600000,9446.06274509804
1293840000000,9446.06274509804
1451606400000,10831.06274509804
