system:time_start,impervious
978307200000,6557.454901960782
1136073600000,6557.454901960782
1293840000000,6557.454901960782
1451606400000,6557.454901960782
