system:time_start,impervious
978307200000,80276.62745098055
1136073600000,80533.62745098055
1293840000000,80788.83921568644
1451606400000,81397.87450980408
