system:time_start,impervious
978307200000,321583.1725490197
1136073600000,327617.1725490197
1293840000000,330138.1725490197
1451606400000,334220.1725490197
