system:time_start,impervious
978307200000,449968.9882352941
1136073600000,455493.8588235293
1293840000000,461134.8588235293
1451606400000,464050.31764705875
