system:time_start,impervious
978307200000,2376703.8431372545
1136073600000,2657950.4431372546
1293840000000,2857573.203921569
1451606400000,2959375.2588235294
