system:time_start,impervious
978307200000,548083.3176470591
1136073600000,549844.3176470591
1293840000000,553413.3960784317
1451606400000,560466.1843137258
