system:time_start,impervious
978307200000,100710.18039215697
1136073600000,100836.18039215697
1293840000000,100836.18039215697
1451606400000,103760.18039215698
