system:time_start,impervious
978307200000,25182.070588235318
1136073600000,25182.070588235318
1293840000000,25182.070588235318
1451606400000,25182.070588235318
