system:time_start,impervious
978307200000,633085.694117647
1136073600000,665035.6941176472
1293840000000,698321.3764705884
1451606400000,798174.4039215686
