system:time_start,impervious
978307200000,34265.42352941177
1136073600000,34389.42352941177
1293840000000,34521.42352941177
1451606400000,34521.42352941177
