system:time_start,impervious
978307200000,144161.93725490198
1136073600000,149756.68235294125
1293840000000,159479.0705882355
1451606400000,161408.13725490216
