system:time_start,impervious
978307200000,26546.019607843147
1136073600000,26717.019607843147
1293840000000,27130.2274509804
1451606400000,27170.666666666675
