system:time_start,impervious
978307200000,53794.01176470589
1136073600000,53794.01176470589
1293840000000,53794.01176470589
1451606400000,53794.01176470589
