system:time_start,impervious
978307200000,228050.35294117668
1136073600000,230686.66666666686
1293840000000,231443.66666666686
1451606400000,232247.66666666686
