system:time_start,impervious
978307200000,122762.37647058866
1136073600000,132856.37647058867
1293840000000,139180.37647058856
1451606400000,139547.37647058856
