system:time_start,impervious
978307200000,269728.5019607843
1136073600000,272633.5019607843
1293840000000,273056.5019607843
1451606400000,273197.5019607844
