system:time_start,impervious
978307200000,51142.22352941178
1136073600000,51142.22352941178
1293840000000,51142.22352941178
1451606400000,51142.22352941178
