system:time_start,impervious
978307200000,249812.3529411765
1136073600000,249812.3529411765
1293840000000,249812.3529411765
1451606400000,249812.35294117645
