system:time_start,impervious
978307200000,635663.6980392158
1136073600000,635943.6980392159
1293840000000,636454.6980392159
1451606400000,641177.6980392158
