system:time_start,impervious
978307200000,55763.95294117647
1136073600000,55914.95294117647
1293840000000,55914.95294117647
1451606400000,55914.95294117647
