system:time_start,impervious
978307200000,436450.0823529418
1136073600000,444891.08235294174
1293840000000,448466.08235294174
1451606400000,449503.08235294174
