system:time_start,impervious
978307200000,380328.6313725492
1136073600000,384581.1098039218
1293840000000,386122.1098039218
1451606400000,388914.1098039218
