system:time_start,impervious
978307200000,25778.00392156863
1136073600000,30103.00392156863
1293840000000,30313.00392156863
1451606400000,30479.00392156863
