system:time_start,impervious
978307200000,129723.94901960783
1136073600000,129723.94901960783
1293840000000,129723.94901960783
1451606400000,130567.94901960783
