system:time_start,impervious
978307200000,247811.54117647043
1136073600000,258959.54117647046
1293840000000,262651.54117647046
1451606400000,266260.35294117633
