system:time_start,impervious
978307200000,934768.5490196078
1136073600000,940851.5490196077
1293840000000,951626.5490196077
1451606400000,952904.5490196077
