system:time_start,impervious
978307200000,5343062.000000001
1136073600000,5582153.5254901955
1293840000000,5763767.02745098
1451606400000,5928865.42745098
