system:time_start,impervious
978307200000,61227.69019607842
1136073600000,61324.69019607842
1293840000000,61324.69019607842
1451606400000,61324.69019607842
