system:time_start,impervious
978307200000,523232.4274509805
1136073600000,531355.4274509806
1293840000000,550210.6196078433
1451606400000,566958.6196078432
