system:time_start,impervious
978307200000,11236.54117647059
1136073600000,11236.54117647059
1293840000000,11236.54117647059
1451606400000,11380.015686274512
