system:time_start,impervious
978307200000,581993.462745098
1136073600000,585010.937254902
1293840000000,588281.1529411766
1451606400000,588794.1529411766
