system:time_start,impervious
978307200000,199816.27843137248
1136073600000,203526.94117647051
1293840000000,206660.81960784306
1451606400000,207452.81960784303
