system:time_start,impervious
978307200000,503670.51764705894
1136073600000,529618.2980392158
1293840000000,555389.9647058825
1451606400000,562443.0470588236
