system:time_start,impervious
978307200000,524393.4039215685
1136073600000,527537.4039215686
1293840000000,531550.4039215686
1451606400000,533674.2156862745
