system:time_start,impervious
978307200000,317264.74117647053
1136073600000,321213.7411764704
1293840000000,326093.7411764704
1451606400000,328635.7411764704
