system:time_start,impervious
978307200000,1528531.694117647
1136073600000,1568750.694117647
1293840000000,1576618.788235294
1451606400000,1582577.1529411764
