system:time_start,impervious
978307200000,5952.647058823528
1136073600000,5952.647058823528
1293840000000,5952.647058823528
1451606400000,5952.647058823528
