system:time_start,impervious
978307200000,16721.94509803922
1136073600000,16721.94509803922
1293840000000,16721.94509803922
1451606400000,18055.94509803922
