system:time_start,impervious
978307200000,245601.38039215625
1136073600000,247163.3803921562
1293840000000,248346.3803921562
1451606400000,249386.3803921562
