system:time_start,impervious
978307200000,29826.054901960786
1136073600000,29826.054901960786
1293840000000,29826.054901960786
1451606400000,29826.054901960786
