system:time_start,impervious
978307200000,124920.38431372558
1136073600000,124980.38431372558
1293840000000,124980.38431372558
1451606400000,124980.38431372558
