system:time_start,impervious
978307200000,60452.494117647046
1136073600000,60452.494117647046
1293840000000,60452.494117647046
1451606400000,60452.494117647046
