system:time_start,impervious
978307200000,427233.84705882345
1136073600000,429745.3764705882
1293840000000,439173.3764705882
1451606400000,441565.3764705882
