system:time_start,impervious
978307200000,819818.2745098042
1136073600000,836217.4470588239
1293840000000,848916.5960784316
1451606400000,858464.4823529414
