system:time_start,impervious
978307200000,3860.9254901960767
1136073600000,3860.9254901960767
1293840000000,3927.9254901960767
1451606400000,3927.9254901960767
