system:time_start,impervious
978307200000,230915.14117647058
1136073600000,231203.14117647058
1293840000000,231390.14117647058
1451606400000,245588.14117647058
