system:time_start,impervious
978307200000,686552.4588235288
1136073600000,716212.2705882348
1293840000000,807989.270588235
1451606400000,819188.2862745094
