system:time_start,impervious
978307200000,369017.18823529413
1136073600000,375177.1882352941
1293840000000,376669.1882352942
1451606400000,378639.18823529413
