system:time_start,impervious
978307200000,358.02745098039213
1136073600000,358.02745098039213
1293840000000,358.02745098039213
1451606400000,358.02745098039213
