system:time_start,impervious
978307200000,489561.85882352944
1136073600000,504041.8588235295
1293840000000,514412.8588235295
1451606400000,526700.8588235294
