system:time_start,impervious
978307200000,210206.0745098043
1136073600000,291450.5019607845
1293840000000,292982.5019607845
1451606400000,293439.5019607845
