system:time_start,impervious
978307200000,365281.168627451
1136073600000,365281.16862745094
1293840000000,365281.168627451
1451606400000,365281.168627451
