system:time_start,impervious
978307200000,769805.2784313725
1136073600000,784925.5490196077
1293840000000,799857.756862745
1451606400000,805284.6392156861
