system:time_start,impervious
978307200000,49540.2156862745
1136073600000,49587.2156862745
1293840000000,49587.2156862745
1451606400000,49587.2156862745
