system:time_start,impervious
978307200000,3130.784313725489
1136073600000,3130.784313725489
1293840000000,3130.784313725489
1451606400000,3130.784313725489
