system:time_start,impervious
978307200000,58032.43529411763
1136073600000,58032.43529411763
1293840000000,58032.43529411763
1451606400000,59162.721568627436
