system:time_start,impervious
978307200000,73987.56078431383
1136073600000,73987.56078431383
1293840000000,74158.56078431383
1451606400000,74158.56078431383
