system:time_start,impervious
978307200000,120264.76470588241
1136073600000,120264.76470588241
1293840000000,120264.76470588241
1451606400000,120264.76470588241
