system:time_start,impervious
978307200000,1887719.5568627452
1136073600000,1933031.839215686
1293840000000,1967877.0156862745
1451606400000,1999375.7529411763
