system:time_start,impervious
978307200000,221161.39607843137
1136073600000,226034.39607843134
1293840000000,227824.3215686274
1451606400000,239458.3215686274
