system:time_start,impervious
978307200000,8375.866666666665
1136073600000,8423.866666666663
1293840000000,8423.866666666663
1451606400000,8434.937254901959
