system:time_start,impervious
978307200000,144057.70588235295
1136073600000,146092.70588235295
1293840000000,261245.37647058826
1451606400000,298378.37647058815
