system:time_start,impervious
978307200000,213626.83137254906
1136073600000,213834.83137254906
1293840000000,214027.83137254906
1451606400000,214901.83137254906
