system:time_start,impervious
978307200000,287041.9333333334
1136073600000,293461.4784313726
1293840000000,302128.47843137255
1451606400000,302344.4784313726
