system:time_start,impervious
978307200000,342075.10588235315
1136073600000,344981.10588235315
1293840000000,351913.10588235315
1451606400000,365517.074509804
