system:time_start,impervious
978307200000,162956.87058823527
1136073600000,163003.87058823527
1293840000000,163432.54117647055
1451606400000,163432.54117647055
