system:time_start,impervious
978307200000,101706.41568627484
1136073600000,101706.41568627484
1293840000000,101706.41568627484
1451606400000,101770.41568627484
