system:time_start,impervious
978307200000,363689.75686274504
1136073600000,367700.75686274504
1293840000000,369239.75686274504
1451606400000,376697.12549019605
