system:time_start,impervious
978307200000,138085.529411765
1136073600000,138134.529411765
1293840000000,138384.560784314
1451606400000,138488.56078431403
