system:time_start,impervious
978307200000,35578.33725490198
1136073600000,35578.33725490198
1293840000000,36412.1411764706
1451606400000,36437.31372549021
