system:time_start,impervious
978307200000,111641.87058823528
1136073600000,124190.89411764703
1293840000000,134381.99607843137
1451606400000,134655.99607843137
