system:time_start,impervious
978307200000,57977.7254901961
1136073600000,57977.7254901961
1293840000000,57977.7254901961
1451606400000,57977.7254901961
