system:time_start,soil_temperature_level_1
,293.50513966878253
,292.7720718383789
,293.20872751871747
,293.96277236938477
,293.01868947347003
,293.91908264160156
,292.4000778198242
,293.5648714701335
,292.94135030110675
,293.38016001383465
,293.1860071818034
,292.6824022928874
,293.1256167093913
,293.8741391499837
,292.92796325683594
,293.55630111694336
,292.2117780049642
,294.8743642171224
,294.9915631612142
,294.95624415079754
,293.49139404296875
,292.41932042439777
,293.9306577046712
,293.4668426513672
,293.7567990620931
,295.5490188598633
,293.01270548502606
,294.57304763793945
,294.0608774820964
,293.4200731913249
,296.1495018005371
,295.7656059265137
,293.9826151529948
,294.1719334920247
