system:time_start,soil_temperature_level_1
,279.57850842598157
,279.0056915283203
,278.95125892834784
,279.3626657143617
,279.27712856194916
,279.00464845315
,279.4773782583383
,279.3935984097994
,279.3486574613131
,279.9680907420623
,279.7531067285782
,278.5141189770821
,279.0983623602451
,279.3572030678773
,279.58933355869385
,279.07501934736206
,278.63373653705304
,279.88721446501904
,279.84836196899414
,278.869560730763
,279.7918194501828
,279.46917949578705
,279.5238943833571
,279.32920622214294
,279.83833557520154
,279.8086088131636
,279.5491841634115
,279.5947368328388
,279.2390772501628
,280.22297110924353
,279.9169510083321
,280.0834351564065
,279.33255474384015
,279.2840061676808
