system:time_start,soil_temperature_level_1
,290.65024616071577
,289.0530206403162
,288.9863206603427
,290.67868936549854
,289.82150915148446
,290.1310262572802
,289.8512526841191
,290.1378086740457
,290.37922558632187
,290.3299871522781
,289.81899598156394
,289.96644378298316
,289.5155583140125
,289.7126908930797
,290.1043567425809
,290.91402950278285
,290.5771175200908
,288.4356471691055
,289.6713163330381
,290.0332563780365
,289.66201945934216
,290.10470765869303
,290.26775981132585
,290.1812193574961
,289.61167598660876
,289.8611619462851
,290.4089936545128
,290.6337123309713
,290.1640681525474
,289.4317104375636
,289.1017616999563
,290.8378103859404
,290.744934699796
,291.9064055291372
