system:time_start,soil_temperature_level_1
,283.8488505743687
,282.57090200785717
,282.89325375027124
,283.02786636352533
,283.08387626697817
,284.138957603305
,284.34432998358034
,284.21694983688053
,283.33948182748037
,283.377448187934
,283.63444578881354
,284.7121699464087
,283.3286273183386
,283.39712970708706
,283.9769943835688
,283.99835352180827
,283.50207671620484
,282.9096834270003
,282.90932217766255
,283.30846063451827
,283.52981602288537
,283.89177023195754
,283.94224161883585
,283.92558792213987
,283.578154495339
,283.6255747477213
,283.1687941707038
,283.3364993076698
,283.3423147263869
,283.1199001486784
,282.66228976280854
,283.2325631683948
,283.47376201355377
,284.8992847118502
