system:time_start,soil_temperature_level_1
,283.8473178952239
,282.5587886051306
,282.81908789346386
,283.1005157056705
,282.9888142824789
,284.1294236294059
,284.47655347089744
,284.2928152651134
,283.4777986984844
,283.38364467571563
,283.7275555632835
,284.8196480822501
,283.3600850364034
,283.5957872356247
,283.9341364818642
,283.98214911921696
,283.452885541497
,283.064135608131
,282.9898904903914
,283.3448927433299
,283.592506270692
,284.0674298210045
,284.0138993078424
,284.04292230335005
,283.6182621899193
,283.78978691791065
,283.24218420772894
,283.3952978464368
,283.4265847809863
,283.19854059145433
,282.7595957379008
,283.2822624324828
,283.52394362259895
,284.97167834693454
