system:time_start,soil_temperature_level_1
,294.57490854198613
,295.1756118045656
,294.2259491150653
,294.60810111559147
,295.16134343980167
,295.5679941156008
,294.79963456174426
,294.4784948831891
,295.4047005573631
,296.2167782377191
,295.68634059007826
,294.94146302647505
,295.03684538997254
,295.30903525350703
,294.8940430316358
,294.5743092330319
,295.39551882222855
,295.9906132267375
,295.2737836978667
,295.0643679109791
,295.1227001243986
,295.17122728202423
,294.81395213583494
,295.2962151083005
,294.76761441695
,295.6860955272635
,295.5640676011895
,295.15116294361025
,295.2698516175318
,294.36281497969
,295.91076069707714
,295.55160128519447
,295.3243667960612
,294.8186418495344
