system:time_start,soil_temperature_level_1
,282.85550445980493
,282.76649358537463
,283.8413133621216
,282.7122732798258
,283.3140104081896
,282.9496358235677
,283.9896485010783
,283.14869552188446
,282.361147456699
,283.10977352990045
,283.5487660302056
,282.33548683590357
,282.3659160402086
,283.03374756707086
,283.038017378913
,281.8497806125217
,282.51784006754554
,284.89877986907953
,283.7641653484768
,283.51615556081134
,283.6227735943264
,283.7717267142402
,282.1952956517537
,283.17097229427765
,283.5773224300808
,283.7856753667196
,283.93752002716064
,283.2128375371297
,282.805292447408
,284.2826794518365
,283.0622318055894
,285.1411794026693
,282.66482257843023
,281.9251987669203
