system:time_start,soil_temperature_level_1
,280.5313773449556
,280.3540519431785
,280.9281209780846
,280.65387047661676
,280.4405514752423
,280.58346392784586
,281.43595349347146
,281.0032893522286
,280.66855593080874
,280.94311787169653
,281.21145050613967
,280.0878774854872
,280.06500983532567
,280.84182159988967
,280.76458857971943
,280.05963374950267
,280.41597046086815
,282.24537371411736
,281.54285718187873
,280.9834943229769
,281.49664947133004
,280.5800796791359
,280.50355887707366
,280.8927866146888
,281.6266538360972
,281.3840508637605
,281.69549014244546
,280.9512700210382
,280.5323961046007
,281.80088820280855
,280.8283530341254
,282.06075173837166
,280.6633029513889
,279.6108990892952
