system:time_start,soil_temperature_level_1
,282.9643342564998
,282.1425160082821
,283.02210388307606
,282.2745423976323
,281.75334365722483
,283.051766834372
,283.4556304655271
,282.87873465948707
,282.7369680126743
,283.0019452812419
,282.84154913979904
,283.96791486121157
,282.81040489146284
,282.99234348803355
,283.65986792479026
,282.6222937302793
,283.54825764550543
,283.2955730397928
,282.2586421503722
,282.5507022875825
,282.5042670761599
,282.69189836809227
,283.2847798474918
,283.69368918221903
,283.14679420078784
,282.93782873717277
,282.4662077675764
,281.9659906832665
,282.46215944147326
,282.8559534964655
,281.9738267287136
,282.46165099631725
,282.7619747798313
,283.7593851128231
