system:time_start,soil_temperature_level_1
,285.0562070210775
,283.0254465738932
,284.6466496785482
,284.0361048380534
,284.3219807942708
,284.19394810994464
,284.4996973673503
,284.96690622965497
,284.37221908569336
,284.64886347452796
,284.6378974914551
,284.2040379842122
,282.11345926920575
,284.3362579345703
,283.64470926920575
,283.07217152913415
,283.3345527648926
,284.45140584309894
,284.57824325561523
,284.8588562011719
,284.695369720459
,284.4615783691406
,284.9116795857748
,285.04326756795246
,285.0398597717285
,285.60443751017254
,285.86074193318683
,283.9578857421875
,283.00532786051434
,284.24407450358075
,283.95409520467126
,287.2660675048828
,284.0569661458333
,283.4918670654297
