system:time_start,soil_temperature_level_1
,281.27635992140995
,281.35753558930895
,281.6066447666713
,281.29573731195353
,281.4609861828032
,281.4668542771112
,281.8247270129976
,281.17124666486467
,280.6431038266137
,281.76765914190383
,282.34859284900483
,280.3342352367583
,281.35547983078726
,281.7808690752302
,281.8995612008231
,281.3222857883998
,280.75237619309195
,282.40789685930525
,281.8282661437988
,280.82949447631836
,281.66805267333984
,281.8969503130231
,281.4939809526716
,281.56033761160717
,282.1798464457194
,281.88430568150113
,281.7272593180339
,281.5828005472819
,281.6286740984236
,282.17941375005813
,281.95965884980706
,282.68691308157787
,281.4496496291388
,280.9698061261858
