system:time_start,soil_temperature_level_1
,285.7425028483073
,286.1367441813151
,286.4177754720052
,286.06275304158527
,286.5371449788411
,286.9420750935872
,287.0743942260742
,286.37119166056317
,285.8207194010417
,287.0656458536784
,287.54211680094403
,286.03041966756183
,286.084908803304
,286.5060742696126
,286.2710901896159
,285.6633008321126
,285.71619542439777
,287.7632700602214
,287.4162762959798
,286.4390246073405
,286.7511215209961
,287.0564715067546
,285.9455935160319
,286.63979085286456
,287.0352160135905
,286.8222122192383
,287.791987101237
,286.4335594177246
,286.07108815511066
,287.14813868204754
,287.1290423075358
,288.2332700093587
,286.23949940999347
,285.4834264119466
