system:time_start,soil_temperature_level_1
,281.40423560864997
,281.44474306973547
,281.70854926831794
,281.674977273652
,281.6390087243282
,281.7646694761334
,282.11170797637016
,281.5014453078761
,281.0729753898852
,281.7854329889471
,282.2168902772846
,280.5572624206543
,281.1681986722079
,281.80711422544533
,282.2178236065489
,281.48062885168827
,280.9531655745073
,282.62842189904416
,282.25530231360233
,281.11642837524414
,282.09972081039894
,282.2075751333526
,281.7359125541918
,281.77961361046994
,282.2348922960686
,281.89117986505687
,282.07375751842153
,281.82722045436054
,281.7955227476178
,282.4894410335656
,282.34574578025126
,282.7248480825713
,281.4852766557173
,281.20400284275865
