system:time_start,soil_temperature_level_1
,284.8319498697917
,284.19481404622394
,285.34691365559894
,284.66379165649414
,284.8071517944336
,284.9602330525716
,285.9437204996745
,285.64819717407227
,284.5134989420573
,285.18471272786456
,285.3394292195638
,284.63266626993817
,283.75637181599933
,284.93013127644855
,284.45836385091144
,283.8092969258626
,284.08306248982746
,285.9185511271159
,285.86149978637695
,285.90942509969074
,285.26272837320965
,285.16816838582355
,284.96616236368817
,284.9273274739583
,286.0835990905762
,286.1818593343099
,285.79335530598956
,284.0817527770996
,284.22546132405597
,285.20310084025067
,285.40295537312824
,287.68303807576496
,284.55284118652344
,283.6990229288737
