system:time_start,soil_temperature_level_1
,280.6615482066412
,279.4906808865145
,279.9455720433649
,280.2040189587095
,279.72101633803646
,280.7697798051174
,281.55951074084396
,280.9674295629345
,280.06232733096715
,279.9322657315236
,280.539439075398
,280.0461148915801
,279.4976390622697
,280.5635907395081
,280.35142375538186
,279.86350898022926
,280.1641734141224
,280.67978018034927
,280.2329043982164
,280.3873746859952
,280.9642250013052
,279.10293058479357
,280.7102195211926
,279.4777867779042
,279.9554536927421
,280.6103741627819
,280.6520988176454
,279.83416462544375
,279.56336627216456
,280.5882271580726
,280.0875945661053
,280.7979183556899
,279.4520850511467
,279.0547995417373
