system:time_start,soil_temperature_level_1
,284.4226897439839
,282.9067662556966
,283.1013203373662
,283.325395701844
,283.61187329704376
,283.8553382967726
,283.74957539122784
,284.1199667188856
,285.050843509627
,284.09782852361235
,283.4977208832164
,284.3037804968563
,283.4355930752224
,284.81398504751695
,284.17548247914254
,285.02117416005075
,284.02553920981325
,282.65767245822485
,283.97370180671595
,284.83973519596054
,284.93203556390455
,284.9007881541311
,285.17653575944314
,284.44399675910853
,283.8397252118146
,284.3826713091061
,285.36487579345703
,284.43979687160913
,284.6129295443311
,283.7820257022057
,283.35661019219293
,285.6045784184962
,284.5319310882945
,285.4961856794946
