system:time_start,soil_temperature_level_1
,281.3284106348814
,280.4978782945313
,280.6670162819119
,280.61272763640505
,280.46067470304257
,281.510595660907
,282.20114683570915
,281.95992372032833
,280.8014067899882
,281.04277606506747
,281.3806013929042
,280.81980364753
,280.2118495845669
,281.5284524196378
,280.6572407457354
,280.1205649143465
,280.8911757387505
,281.4044088029421
,280.8015525275068
,280.96718361694974
,281.70704570463676
,279.93638956122714
,281.0714413237038
,280.28697304103684
,280.8663562930463
,281.4888602295726
,281.2874069414904
,280.15784161332726
,280.03293974503225
,281.24062101643074
,280.94787241316277
,281.76116778005564
,279.7884833595969
,279.91168936627656
