system:time_start,soil_temperature_level_1
,278.6644643147786
,278.05015055338544
,278.22131601969403
,278.1902325948079
,278.38938395182294
,278.2612940470378
,278.7694320678711
,279.1589215596517
,279.1176935831706
,279.0050328572591
,278.7584940592448
,279.42922083536786
,278.26313908894855
,279.4498481750488
,277.9330062866211
,278.877991994222
,278.61181259155273
,278.500732421875
,278.0996564229329
,279.3096402486165
,279.2289784749349
,279.6950798034668
,279.71884536743164
,279.12630462646484
,278.78930282592773
,278.86465708414715
,279.59985605875653
,278.3648490905762
,278.5473353068034
,278.5589663187663
,278.3073539733887
,279.9774971008301
,278.9752451578776
,278.83936818440753
