system:time_start,soil_temperature_level_1
,286.96910858154297
,286.8418426513672
,287.2875061035156
,286.9028434753418
,287.0679651896159
,287.73072560628253
,288.16161346435547
,287.45024998982746
,286.69958241780597
,287.9660339355469
,288.4034144083659
,287.10444259643555
,286.79663467407227
,287.7559064229329
,287.77677154541016
,286.6596565246582
,286.69416427612305
,288.6030680338542
,288.53522872924805
,287.65613174438477
,287.9070765177409
,288.1940778096517
,287.1789487202962
,287.7241897583008
,288.13596216837567
,288.00340779622394
,288.77613576253253
,287.0444984436035
,287.0679016113281
,288.2175661722819
,288.2417055765788
,289.71536382039386
,287.1481679280599
,286.2788670857747
