system:time_start,soil_temperature_level_1
,288.99510447184247
,289.3022689819336
,289.2419789632161
,289.2926648457845
,289.86574300130206
,290.5417022705078
,289.6590805053711
,289.1861406962077
,289.23106384277344
,290.9997736612956
,290.23609161376953
,289.22554143269855
,289.770315806071
,289.6201820373535
,289.36371358235675
,288.88610967000324
,289.35363388061523
,290.58485412597656
,289.91704686482746
,289.20327885945636
,289.9124450683594
,290.17120997111004
,288.99125544230145
,289.50601959228516
,289.8541603088379
,289.95006052652997
,291.0652592976888
,290.01110967000324
,289.64630635579425
,290.1672426859538
,290.8615328470866
,290.935977935791
,289.3745600382487
,289.2527211507161
