system:time_start,soil_temperature_level_1
,275.5211919148763
,275.1640141805013
,275.46288045247394
,275.4562187194824
,275.5077133178711
,275.4349848429362
,275.9120585123698
,276.0612144470215
,275.7986475626628
,275.8669255574544
,275.99881235758465
,276.24380620320636
,275.5692710876465
,276.4070625305176
,275.08103942871094
,275.94291559855145
,275.8983268737793
,275.8124694824219
,275.3111457824707
,276.2033831278483
,276.1518020629883
,276.47783279418945
,276.45312881469727
,275.8054555257161
,275.9795799255371
,276.1426289876302
,276.4308166503906
,275.2975603739421
,275.4429346720378
,275.81175867716473
,275.57954025268555
,276.77365493774414
,275.9819030761719
,275.8495864868164
