system:time_start,soil_temperature_level_1
,292.8558893839519
,293.0798914591471
,291.8044947306315
,292.79027328491213
,293.0072687784831
,293.35375111897787
,292.76659495035807
,292.6723538716634
,292.5230901082357
,293.93395843505857
,293.15152333577475
,292.7119707743327
,292.8418459574382
,292.93619969685875
,293.24169921875
,292.7019081115722
,292.70846227010094
,294.2914321899414
,294.18068669637046
,293.8048133850097
,292.7180562337239
,292.82634150187175
,292.817923227946
,293.1609115600586
,294.02377395629884
,294.0862686157227
,293.6215510050456
,293.4010449727376
,293.2930847167969
,293.38675918579105
,294.3936826070149
,294.4784467061361
,292.8903813680013
,292.27835642496746
