system:time_start,soil_temperature_level_1
,283.4795915079583
,283.0530536000754
,283.3169087685302
,282.7816650394172
,282.54200079938744
,283.82401577476463
,284.4134318601359
,283.70535771517575
,283.3681069537685
,283.80290342408074
,283.6542536488582
,284.77838001934
,283.2713668003906
,283.8145313005789
,284.12340972701764
,283.3242053019064
,283.696602444048
,284.146760242698
,283.03794516612624
,283.08038712611926
,282.9780466353711
,283.4457319730495
,284.2070487344725
,284.3521258302314
,283.72015869445664
,283.8936645387218
,283.2170377985814
,282.90674919330587
,283.27945037444545
,283.47436028466785
,282.51691772836915
,283.326609905461
,283.5249453712651
,284.44502145509176
