system:time_start,soil_temperature_level_1
,283.21288045247394
,281.58555857340497
,281.6883951822917
,282.3698310852051
,282.45037841796875
,283.0106480916341
,283.4499028523763
,283.72203699747723
,282.65721893310547
,282.434087117513
,282.31397501627606
,283.78476587931317
,282.16953404744464
,283.4705645243327
,282.77031962076825
,283.0068524678548
,282.52272923787433
,281.55863698323566
,282.08274205525714
,282.15196863810223
,283.56681569417316
,283.3092460632324
,283.057913462321
,282.9799448649089
,282.40646235148114
,282.6687367757161
,282.9697723388672
,283.02619043986004
,282.4552586873372
,282.00731531778973
,281.5970827738444
,282.97731908162433
,282.9267044067383
,284.05692291259766
