system:time_start,soil_temperature_level_1
,290.656124790085
,289.1476330213285
,289.42366371949214
,290.8760709699515
,289.99458237508213
,290.2502903340481
,289.7660094606207
,290.28427787114833
,290.37909079757384
,290.17880947695164
,289.86600651869355
,290.43275769786277
,289.92543515391645
,289.79694065138693
,290.4427980827638
,290.963097386423
,290.92392153287426
,288.7403564564547
,289.49443100155503
,290.0457288023579
,290.0291622981867
,289.9724377908622
,290.47785243556024
,290.2116381828415
,289.9801139139618
,289.72847101604424
,290.38617360634606
,290.65075412252986
,290.197009711999
,289.4836465505379
,289.09110472057296
,290.46249622836814
,290.6629335422137
,291.6650600141124
