system:time_start,soil_temperature_level_1
,279.2891209920247
,278.74097951253253
,279.1813049316406
,278.9770901997884
,279.0432637532552
,279.7263921101888
,280.1550699869792
,280.5308545430501
,279.62281799316406
,279.84216054280597
,279.6922887166341
,280.2595151265462
,278.69885381062824
,280.433785756429
,278.9181442260742
,279.3335660298665
,278.77653376261395
,280.10368092854816
,279.1117413838704
,279.32856877644855
,279.7158788045247
,278.65908940633136
,279.95381291707355
,279.60493723551434
,279.494322458903
,280.4704055786133
,280.55267333984375
,279.1571184794108
,279.10104115804035
,279.222469329834
,279.210506439209
,280.02156194051105
,280.0510482788086
,279.8585255940755
