system:time_start,soil_temperature_level_1
,285.3002037279534
,285.66230219060725
,285.9285810065992
,285.86585732662314
,286.45600775516397
,286.36867453835225
,286.22728914203066
,285.6953593167392
,285.8635762532552
,287.1884393403024
,287.2385357943448
,285.72548663977426
,286.2854282494747
,286.1954853173458
,286.0746836806789
,285.2938554937189
,285.48986735488427
,287.2008105191317
,286.6353286974358
,285.8368656274044
,286.06936969179094
,286.7266215700092
,285.3593272584858
,286.08532391172463
,286.33959325154626
,286.69860284978694
,287.08561799020475
,286.510311126709
,285.8655707619407
,286.7731652693315
,286.8935115698612
,287.27702250625146
,285.57411170728284
,285.3589405868993
