system:time_start,soil_temperature_level_1
,289.22828806105645
,290.16204593153395
,290.0875326536513
,290.08328982909364
,290.6473011342881
,290.8728574102357
,290.13647926255186
,289.5849891219705
,290.1064285504499
,291.6945316734671
,291.0045186006599
,290.0134506178793
,290.42086056025346
,290.47083523785005
,290.0205467873164
,289.5851724154509
,289.95882982600443
,291.00579184289506
,290.39876677779085
,289.68115725207537
,290.3232887163644
,290.7078487779047
,289.88742423958263
,290.03263263223704
,290.07303638467914
,290.5002583026336
,291.01213489308094
,290.78616783596595
,290.27277979132856
,290.15159577940904
,291.04395492368883
,290.98569865772066
,289.87345846036465
,289.8244870231523
