system:time_start,soil_temperature_level_1
,282.5663866315569
,283.16676766531805
,283.08982740129744
,283.22331437610444
,283.88874090285526
,283.73408072335377
,283.56647527785526
,282.94124439784457
,283.20322381882437
,284.3419759841192
,284.40762401762464
,282.97417177472795
,283.59009497506275
,283.70815331595287
,283.5818525041853
,282.6209845769973
,282.7963861737932
,284.39570290701727
,283.8936006455194
,283.2552626473563
,283.2166955130441
,283.8673947652181
,283.08670171101886
,283.5780755905878
,283.662298474993
,283.70971025739397
,284.1983072190058
,283.46202287219813
,283.1460614885603
,284.26067988077796
,284.16988063993904
,284.6137817019508
,282.96548425583615
,282.79600633893693
