system:time_start,soil_temperature_level_1
,281.84729258219403
,281.84095509847003
,282.31624603271484
,281.62880579630536
,282.3072992960612
,282.2858378092448
,282.6500829060872
,281.8322614034017
,281.3205871582031
,282.4449513753255
,283.24989827473956
,281.072691599528
,281.94628779093426
,282.44931411743164
,282.4241002400716
,281.6995735168457
,281.2350781758626
,283.2119496663411
,282.5287971496582
,281.4936714172363
,282.13926188151044
,282.47799555460614
,281.9432309468587
,282.01094818115234
,282.5277290344238
,282.6306686401367
,282.4123789469401
,282.2403678894043
,282.14185587565106
,282.65067927042645
,282.4756889343262
,283.3934262593587
,282.30379486083984
,281.52637481689453
