system:time_start,soil_temperature_level_1
,279.81624341586934
,279.25891444994056
,279.27746633631017
,279.57557742722366
,279.2540883234733
,278.6417570620919
,279.76620980967647
,279.6515118327118
,279.6811584251514
,279.88515089099536
,279.94834593989424
,278.75483709141827
,279.1320795068418
,279.4708708795372
,279.91685220469594
,279.3029465790531
,278.74052873325803
,279.7194836381553
,280.3713194805643
,279.45127829952514
,280.25971516779657
,279.2987015397076
,279.64911435998
,279.3661712425343
,279.9116534726055
,280.0434342167803
,279.7750540470731
,279.8869012473286
,279.5767894505302
,280.5570651252488
,280.00998262046033
,280.34795182453837
,279.59008759576915
,279.64670592229726
