system:time_start,soil_temperature_level_1
,282.25782775878906
,281.3506368001302
,281.4481608072917
,281.14145278930664
,281.7231725056966
,281.75159962972003
,281.8659489949544
,282.3403180440267
,282.6583073933919
,282.45198822021484
,281.8533452351888
,282.59795506795246
,281.5453402201335
,282.9443066914876
,281.74315388997394
,282.6283760070801
,281.5638898213704
,281.7024637858073
,281.928648630778
,283.05004755655926
,282.9273223876953
,282.97683842976886
,283.21154657999676
,282.69515736897785
,282.37045160929364
,282.46313222249347
,283.29608662923175
,282.22421137491864
,282.32240295410156
,282.0378303527832
,281.7371966044108
,283.7477734883626
,282.4049886067708
,282.5636622111003
