system:time_start,soil_temperature_level_1
,284.0860071818034
,283.06491885408195
,283.5661460059441
,283.3595665415308
,283.15537186244325
,284.41839615949857
,284.707645762632
,284.23282415582764
,283.77296163291413
,283.8010426033676
,284.0385860023096
,285.1778557168952
,283.7403470610422
,283.76261184600327
,284.42891398526245
,284.24810936123714
,284.14567587897074
,283.6734346622795
,283.33743219505067
,283.77972671831
,283.7305654327254
,284.15013654314737
,284.4103651216487
,284.45326098734074
,284.02863632478324
,284.0180904589807
,283.4818153507929
,283.4643760082769
,283.6908120271846
,283.53515350779077
,283.12407564764464
,283.52755052270214
,283.80521049211825
,285.2707253089318
