system:time_start,soil_temperature_level_1
,293.54578208923334
,292.77494955062866
,293.1003432273865
,293.9775360425313
,293.0635280609131
,293.8537654876709
,292.44547033309937
,293.6097569465637
,292.8203441301981
,293.3858280181885
,293.2064110438029
,292.67876243591314
,293.0431954065959
,293.77613560358685
,292.8484323819478
,293.51521523793537
,292.16131194432575
,294.81108474731445
,294.91461515426636
,294.88677930831915
,293.41390085220337
,292.35398737589514
,293.91873359680176
,293.4134702682495
,293.77859052022296
,295.551650206248
,293.01190280914307
,294.62428935368854
,294.07585096359253
,293.3992226918539
,296.03816747665405
,295.7186120351156
,293.93555768330896
,294.1355953216553
