system:time_start,soil_temperature_level_1
,284.41286831810356
,281.9721033005488
,284.0419108072917
,283.3117365155901
,283.8663489932105
,283.5838354201544
,283.9716498965309
,284.55659575689407
,283.4510883149647
,284.06305149623324
,284.10904875255767
,283.6138111296154
,281.6516892569406
,283.87021836780366
,282.9410240536645
,282.49961507888065
,282.8930967421759
,283.66893477666946
,283.52632195608953
,284.00612622215635
,283.9693676176525
,283.80325371878484
,284.11330322992234
,284.23143877301897
,284.4041390191941
,284.8857211158389
,284.9586933680943
,282.99964160010927
,282.3056251889184
,283.333795275007
,283.2273525056385
,286.30498522803896
,283.48318626767116
,282.6878491356259
