system:time_start,soil_temperature_level_1
,277.9256006876628
,276.88675181070965
,276.9919789632161
,276.8931083679199
,277.48303476969403
,276.9426015218099
,277.7954381306966
,278.7999458312988
,277.8660074869792
,277.91768646240234
,277.79239145914715
,278.5910835266113
,276.5670967102051
,278.1687431335449
,277.11452229817706
,277.62014897664386
,277.15312576293945
,277.07025146484375
,276.95352300008136
,277.65188217163086
,278.28439076741535
,277.6299196879069
,278.2693341573079
,277.99347432454425
,277.61634190877277
,277.99017333984375
,278.3820444742839
,277.0553347269694
,276.9175516764323
,277.1052538553874
,277.0279121398926
,278.42923100789386
,278.0120493570964
,277.4716440836589
