system:time_start,soil_temperature_level_1
,291.63154856363934
,291.7642542521159
,290.73872629801434
,291.5134417215983
,291.51609802246094
,292.5796407063802
,291.86131540934247
,291.3347307840983
,291.0389862060547
,293.0515721638997
,292.25818888346356
,291.3174985249837
,291.6135419209798
,291.4017677307129
,291.9835611979167
,291.1280174255371
,291.09357325236004
,292.52557881673175
,292.3908551534017
,292.3509127298991
,291.38270314534503
,291.9689801534017
,291.09909947713214
,291.7169240315755
,291.81869888305664
,292.7547022501628
,292.9971059163411
,291.6539929707845
,291.36539459228516
,291.63726170857746
,292.2972755432129
,292.88757451375324
,291.2930374145508
,291.1033655802409
