system:time_start,soil_temperature_level_1
,288.90529378255206
,287.23986053466797
,287.1455663045247
,287.9056968688965
,287.5083541870117
,287.9266306559245
,287.63574981689453
,288.3505007425944
,289.53063201904297
,287.8643798828125
,287.90597279866535
,287.5615170796712
,287.8742307027181
,288.43759791056317
,288.80071512858075
,289.5611279805501
,288.660462697347
,287.1791305541992
,288.67078018188477
,289.17432022094727
,288.8103535970052
,289.5329399108887
,289.35862096150714
,288.39330800374347
,288.84574762980145
,289.07887268066406
,289.5559794108073
,288.7740135192871
,289.33360544840497
,288.4165509541829
,288.8987007141113
,289.91530990600586
,288.63112386067706
,289.7954355875651
