system:time_start,soil_temperature_level_1
,282.3067321777344
,282.31305440266925
,282.52739969889325
,282.03735478719074
,282.0872344970703
,281.83692169189453
,282.3280995686849
,281.994441986084
,281.6071141560872
,282.72716013590497
,283.11998494466144
,281.2604128519694
,282.0672213236491
,282.3164227803548
,282.53334554036456
,281.9112180074056
,281.50232823689777
,283.0155893961589
,282.79015986124676
,281.3234011332194
,282.3441340128581
,282.58596420288086
,281.9854621887207
,281.9026870727539
,282.61410395304364
,282.84573618570965
,282.4141438802083
,282.5330950419108
,282.20518747965497
,283.322457631429
,282.82089106241864
,283.6509819030762
,282.23119099934894
,282.00499216715497
