system:time_start,soil_temperature_level_1
,293.2973861694336
,292.2707799275716
,292.33763376871747
,293.2464942932129
,292.5958023071289
,293.10618082682294
,292.285151163737
,293.14944585164386
,291.95180257161456
,293.29920705159503
,293.2692133585612
,292.48144658406574
,292.21687444051105
,293.3932965596517
,292.28795115152997
,293.2381070454915
,291.90749486287433
,294.6019744873047
,294.3866488138835
,294.15563837687176
,293.1554896036784
,292.14326604207355
,293.60949325561523
,293.0242004394531
,293.4875297546387
,295.39688873291016
,292.5474548339844
,294.1418927510579
,293.69409942626953
,293.0608940124512
,295.7335624694824
,295.2640546162923
,293.5575993855794
,293.63190205891925
