system:time_start,soil_temperature_level_1
,283.9556121826172
,284.3356577555339
,284.8270263671875
,284.0736961364746
,284.68628946940106
,284.7750727335612
,284.9948908487956
,284.65053939819336
,283.827885945638
,284.9014663696289
,285.9405263264974
,283.9860471089681
,284.3432960510254
,284.63664118448895
,284.46923573811847
,283.73525365193683
,283.881399790446
,286.1701405843099
,285.60503005981445
,284.3554344177246
,284.89803314208984
,285.22656631469727
,283.8881696065267
,284.5983200073242
,284.94193903605145
,285.07008870442706
,285.3712158203125
,284.4590009053548
,284.5260696411133
,285.4536603291829
,285.1456006368001
,286.46481704711914
,284.3622004191081
,283.6540807088216
