system:time_start,soil_temperature_level_1
,287.88168843587243
,288.17443211873376
,288.23705291748047
,288.27346674601233
,288.81811269124347
,289.2225430806478
,288.66567357381183
,288.2080141703288
,288.2146771748861
,289.7907346089681
,289.39949289957684
,288.2193145751953
,288.70848846435547
,288.5331865946452
,288.3318786621094
,287.78096262613934
,288.1542027791341
,289.59085210164386
,288.9478136698405
,288.2275848388672
,288.7555631001791
,289.1414515177409
,287.85124079386395
,288.4651273091634
,288.8328552246094
,289.05987040201825
,289.87099583943683
,288.95339330037433
,288.43532816569007
,289.0565961201986
,289.61187235514325
,289.8454945882162
,288.2087936401367
,288.0409406026204
