system:time_start,soil_temperature_level_1
,281.773331934092
,280.6166628882999
,280.7943416777111
,280.6584299567606
,280.6428638380401
,281.66952332996186
,282.2750757956992
,282.17156673613044
,281.11723867403407
,281.39649288670546
,281.67291643830384
,280.9709398178827
,280.3260159395179
,281.5284634804239
,280.6078543630587
,280.03336482145346
,280.97300650148975
,281.15924414809865
,280.8820768343348
,281.11247738688985
,281.73191293729406
,280.23007671849257
,281.3207447545058
,280.6227091056149
,281.06104327870065
,281.7761690827454
,281.4329136958739
,280.18514415196006
,280.16210101899645
,281.256254520546
,280.9714439807295
,281.8551602266273
,279.92053445829015
,279.99625100894855
