system:time_start,soil_temperature_level_1
,282.8344497680664
,282.8534800211589
,283.4820963541667
,282.79519017537433
,283.49754587809247
,283.1424814860026
,283.6091486612956
,283.0065549214681
,282.63663991292316
,283.7158381144206
,284.50321197509766
,282.5627047220866
,283.2803764343262
,283.274959564209
,283.4021759033203
,282.7910092671712
,282.741029103597
,284.4018147786458
,283.77573521931964
,282.70632298787433
,283.5228551228841
,283.9040590922038
,283.00439580281574
,283.16136423746747
,283.9425799051921
,284.16505940755206
,283.87620798746747
,283.453914642334
,283.1600748697917
,284.0709419250488
,283.86589940388996
,284.7333234151204
,283.4407679239909
,282.7787729899089
