system:time_start,soil_temperature_level_1
,286.47760111490885
,285.71088714599614
,286.4684371948242
,285.87787043253576
,285.99957275390625
,286.94339548746746
,287.50534617106115
,286.82114995320643
,285.7830235799154
,287.0577768961589
,287.3061197916667
,286.2582440694173
,285.59128952026373
,286.7163139343262
,286.34252726236986
,285.4799715677897
,285.9435274759928
,287.6312306722005
,287.44450454711915
,286.93384068806967
,286.9818679809571
,286.8430864969889
,286.419952138265
,286.63586934407556
,287.54198786417646
,287.64442596435543
,287.5138646443685
,285.7158419291178
,286.0243021647135
,287.00970738728836
,287.16639073689777
,288.82339401245116
,286.06209462483724
,285.62767435709634
