system:time_start,soil_temperature_level_1
,284.8701171875
,285.38392130533856
,285.6690495808919
,285.2773272196452
,285.67854563395184
,286.0079650878906
,286.2157516479492
,285.45636622111004
,284.8443959554036
,286.09546915690106
,286.8196741739909
,285.1215527852376
,285.3990872701009
,285.7751299540202
,285.42601776123047
,284.79001744588214
,284.84259668986004
,286.9572041829427
,286.3525199890137
,285.3944714864095
,285.75733184814453
,286.2593142191569
,284.980406443278
,285.55675252278644
,286.1049690246582
,286.00647989908856
,286.89336649576825
,285.52883529663086
,285.3065439860026
,286.4065767923991
,286.0862185160319
,287.36377843221027
,285.43578847249347
,284.6571044921875
