system:time_start,soil_temperature_level_1
,285.70471000671387
,285.66974004109704
,286.32527694702145
,285.91794509887694
,285.97738456726074
,286.55357755025227
,287.1150039672852
,286.4496121724447
,285.52073796590173
,286.58441085815434
,287.435454305013
,285.8543623606364
,285.629986445109
,286.4698075612386
,286.48505694071457
,285.4263445536295
,285.5282540639242
,287.4949545542399
,287.48720207214353
,286.3962964375814
,286.8949431101481
,287.0349814097087
,285.85766487121583
,286.64346834818525
,287.05047734578454
,286.7744360605875
,287.7209810892741
,285.86141942342124
,285.93935979207356
,287.18794466654464
,287.10326576232904
,288.33846015930175
,286.01128743489585
,285.11893424987795
