system:time_start,soil_temperature_level_1
,282.7190475463867
,283.0608952840169
,283.31993611653644
,282.9579226175944
,283.78529866536456
,283.53565216064453
,283.51536814371747
,283.1907615661621
,282.7493591308594
,283.8396275838216
,284.5975824991862
,282.620413462321
,283.4075584411621
,283.29114151000977
,283.46497344970703
,282.5014940897624
,282.4799334208171
,284.4412027994792
,283.9368731180827
,282.9893328348796
,283.62560272216797
,283.8830935160319
,282.94389724731445
,283.3471171061198
,283.8203595479329
,283.7089665730794
,284.2748540242513
,283.2160275777181
,283.122075398763
,283.8262875874837
,283.9174613952637
,284.7213961283366
,283.25826772054035
,282.3990783691406
