system:time_start,soil_temperature_level_1
,287.1297969818115
,285.79895782470703
,285.7571938832601
,286.2330404917399
,285.9373143513997
,286.3355541229248
,285.840721766154
,286.6184908548991
,287.8558813730876
,286.4121271769206
,286.23809305826825
,285.9937489827474
,286.45798365275067
,286.87558809916175
,287.3843994140625
,287.8676096598307
,286.895357131958
,285.9619445800781
,287.0904808044434
,287.57457351684565
,287.1367092132568
,287.69872156778973
,287.8988780975342
,286.7265046437581
,287.38619740804035
,287.2878049214681
,287.8696753184001
,286.93454933166504
,287.5590178171794
,286.84416580200195
,287.2737890879313
,288.3275731404622
,287.0223916371663
,288.1837577819824
