system:time_start,soil_temperature_level_1
,293.224609375
,293.7302525838216
,292.66468048095703
,293.2513236999512
,293.71210225423175
,294.34309641520184
,293.2785390218099
,292.9688784281413
,293.61492411295575
,295.04203033447266
,294.12644449869794
,293.29809951782227
,293.6339276631673
,293.53459548950195
,293.5754114786784
,293.0899187723796
,293.6566276550293
,294.5616149902344
,294.0262260437012
,293.64761479695636
,293.665288289388
,293.7920977274577
,293.17275365193683
,293.5790328979492
,293.5421511332194
,294.3642044067383
,294.74908955891925
,293.9110679626465
,293.5729039510091
,292.9576937357585
,294.4467837015788
,294.3049125671387
,293.5255381266276
,293.1254603068034
