system:time_start,soil_temperature_level_1
,291.78654126153475
,292.0320290828097
,290.8820632713428
,291.5930380890335
,291.64275824505347
,292.4312372622282
,291.8478139241536
,291.38718762605083
,291.26145592288697
,293.12928208060885
,292.3058190829512
,291.6487809886103
,291.54057129569674
,291.75030467821205
,292.073310520338
,291.44016105541283
,291.4559660648954
,292.7961943253227
,292.71148941482323
,292.4916393445886
,291.53865814208984
,291.9301338195801
,291.53593129697055
,291.9380508643993
,292.1741006270699
,292.80603547027147
,292.75594274548513
,291.830523007158
,291.65367723547894
,291.7224674501281
,292.44249100616014
,292.95455960259915
,291.4680137081423
,291.1916552557462
