system:time_start,soil_temperature_level_1
,281.6700062221951
,281.75199720594617
,281.86402808295355
,281.481207953559
,281.63269848293726
,281.48229259914825
,281.8683501349555
,281.3773829142253
,280.9521391126845
,282.10719341701935
,282.4959788852268
,280.7390475802951
,281.5763524373373
,281.6964285108778
,282.00356038411456
,281.358824412028
,280.98423936631946
,282.50616624620227
,282.2116419474284
,280.6955337524414
,281.7612673441569
,282.0267783270942
,281.5539287990994
,281.6019808451334
,282.2059398227268
,282.1366369459364
,281.75505956014
,281.9085782368978
,281.8007024129232
,282.56890869140625
,282.2071189880371
,283.0539393954807
,281.6436703999837
,281.3846906026204
