system:time_start,soil_temperature_level_1
,284.79149417600775
,284.44251030078834
,285.6305823948072
,284.7838596399279
,285.03887740425444
,284.9846845986186
,286.0436798316845
,285.7301009357839
,284.2583136074785
,285.2414484438689
,285.48536007646203
,284.6774219568225
,283.932187895844
,285.00265176745427
,284.6137126977893
,283.9523014123889
,284.2264261107514
,286.1122882124306
,286.04673728390014
,285.7956086863642
,285.46365323274034
,285.3440207329349
,284.8960988694343
,285.0852240963259
,286.19839284039926
,286.2975483769956
,286.03639232248497
,284.22059448905617
,284.2884362262228
,285.31107247394067
,285.49856086399245
,287.6106532552968
,284.6533260621886
,283.78714055600375
