system:time_start,soil_temperature_level_1
,288.74738057454425
,288.92291259765625
,288.8758138020833
,288.97290166219074
,289.46750895182294
,290.2907028198242
,289.45901743570965
,289.0368003845215
,288.88816833496094
,290.6681086222331
,290.0318323771159
,288.9483222961426
,289.4907875061035
,289.29897181193036
,289.10400644938153
,288.6202023824056
,289.0706367492676
,290.3835271199544
,289.68483861287433
,289.1525179545085
,289.6755676269531
,289.9744453430176
,288.7000796000163
,289.39051310221356
,289.655330657959
,289.81511942545575
,290.8047281901042
,289.8483772277832
,289.4541193644206
,289.7562115987142
,290.39431889851886
,290.7473335266113
,288.9828414916992
,289.04547119140625
