system:time_start,soil_temperature_level_1
,294.6977818806966
,295.78358459472656
,293.72337595621747
,295.77590052286786
,294.8366063435872
,295.24622853597003
,294.8740514119466
,295.84294001261395
,295.2581558227539
,296.5578791300456
,295.2256596883138
,295.1185442606608
,294.9292742411296
,295.4585126241048
,295.29541778564453
,295.7917823791504
,294.2744204203288
,296.06866963704425
,296.3464495340983
,296.30570856730145
,295.05780537923175
,294.81471888224286
,294.8843167622884
,294.8217519124349
,296.14995702107746
,296.91581471761066
,294.47401173909503
,296.27521387736004
,296.58863321940106
,294.895804087321
,297.4593696594238
,296.7079277038574
,295.75569915771484
,295.07678985595703
