system:time_start,soil_temperature_level_1
,283.79519907633465
,281.58284759521484
,281.79420471191406
,281.87243779500324
,283.0318298339844
,283.37178293863934
,283.3220901489258
,284.0270296732585
,283.97706095377606
,283.2780125935872
,282.62972259521484
,284.293888092041
,282.77975336710614
,284.27722295125324
,282.997065226237
,283.93726476033527
,283.02631759643555
,281.4325586954753
,282.88735580444336
,283.907896677653
,284.3407745361328
,283.8763262430827
,284.46558507283527
,283.75660196940106
,283.00246556599933
,283.4275207519531
,284.50831095377606
,284.19692103068036
,282.99535878499347
,282.66289647420246
,282.30788803100586
,284.82848230997723
,283.8357874552409
,284.5244674682617
