system:time_start,soil_temperature_level_1
,292.63525263468426
,292.9684321085612
,291.7829170227051
,292.49442672729487
,292.5804958343506
,293.2385654449463
,292.64185460408527
,292.1595522562663
,292.39278475443524
,294.02340571085614
,293.15684445699054
,292.5099347432455
,292.4787762959798
,292.5067704518636
,292.90991338094074
,292.07306989034015
,292.2851727803548
,293.55752881368005
,293.1841373443604
,293.1357192993164
,292.2827504475911
,292.63665771484375
,292.19623374938965
,292.7472953796386
,292.7589359283447
,293.6858285268148
,293.6568425496419
,292.66419347127277
,292.65387598673504
,292.4080403645833
,293.54328600565594
,293.83325513203937
,292.57631429036456
,292.118272781372
