system:time_start,soil_temperature_level_1
,285.8780975341797
,286.1851043701172
,286.466557820638
,286.3596382141113
,287.04454294840497
,286.8737386067708
,286.7301559448242
,286.2502632141113
,286.3724873860677
,287.7571436564128
,287.7778600056966
,286.2727648417155
,286.77431615193683
,286.68163681030273
,286.5984115600586
,285.84096908569336
,285.99496841430664
,287.72582753499347
,287.18295923868817
,286.3237597147624
,286.6207631429036
,287.2758852640788
,285.8162447611491
,286.57350158691406
,286.8911883036296
,287.2713623046875
,287.6590220133464
,287.10830307006836
,286.4113998413086
,287.262877146403
,287.43277104695636
,287.83188756306964
,286.08589426676434
,285.86375681559247
