system:time_start,soil_temperature_level_1
,286.4965565999349
,285.6230189005534
,286.4617741902669
,285.9564145406087
,286.09576416015625
,286.8923924763997
,287.52413686116535
,286.8046989440918
,285.74231719970703
,287.0540313720703
,287.2843526204427
,286.26508204142254
,285.55801518758136
,286.68268966674805
,286.2114664713542
,285.4076957702637
,285.8964958190918
,287.5699513753255
,287.5254554748535
,287.0159289042155
,286.98119862874347
,286.71310806274414
,286.4138832092285
,286.54432678222656
,287.4703305562337
,287.6867904663086
,287.37275950113934
,285.6636772155762
,286.01458740234375
,286.8993314107259
,287.1393216451009
,288.82892990112305
,285.9600296020508
,285.6196746826172
