system:time_start,soil_temperature_level_1
,291.0744450887044
,289.04405466715497
,289.966552734375
,290.9048042297363
,290.2404276529948
,290.9897766113281
,290.97819264729816
,291.22582626342773
,290.3693440755208
,290.9573567708333
,290.7085774739583
,291.61626052856445
,290.571834564209
,290.6857846577962
,290.8533681233724
,291.182186126709
,291.4555600484212
,289.17147572835285
,290.03576787312824
,290.5147539774577
,291.30580647786456
,290.94461186726886
,291.01284917195636
,291.0516891479492
,290.8766695658366
,290.5943425496419
,291.268559773763
,291.34733963012695
,290.9915491739909
,290.1857083638509
,289.820982615153
,291.229674021403
,291.231196085612
,292.68578338623047
