system:time_start,soil_temperature_level_1
,282.69398159569243
,281.95377024530984
,282.6921599821456
,281.97651669288956
,281.5574795180965
,282.88208919961204
,283.35225678965014
,282.73139448932994
,282.52910239753857
,282.83471619639704
,282.67620056615
,283.8652050203008
,282.59265772535076
,282.80388123834075
,283.3927193449524
,282.4697262034042
,283.1796306596858
,283.12780282086993
,282.0371347008698
,282.24915160843
,282.20016832518706
,282.49575722142487
,283.0960497544776
,283.44164159083095
,282.8979150694196
,282.7796091015592
,282.217944606907
,281.76485060526437
,282.2770449194461
,282.60563181217213
,281.6465276848223
,282.22730649744994
,282.5266458533234
,283.52528576908907
