system:time_start,soil_temperature_level_1
,287.3450419108073
,287.28729756673175
,287.55092366536456
,287.3136380513509
,287.49204508463544
,288.18031056722003
,288.4823633829753
,287.69830958048504
,286.9960174560547
,288.51444753011066
,288.58133188883465
,287.46337000528973
,287.27666600545246
,288.1570574442546
,288.0773340861003
,286.97964096069336
,286.90551884969074
,288.9140370686849
,288.87285741170246
,288.01170984903973
,288.1556803385417
,288.4191296895345
,287.4788525899251
,288.0879185994466
,288.36984888712567
,288.2616907755534
,289.1499430338542
,287.7899335225423
,287.4255142211914
,288.5368487040202
,288.61093775431317
,290.1417706807454
,287.4265772501628
,286.742426554362
