system:time_start,soil_temperature_level_1
,288.05286153157556
,286.3059227139342
,286.79104135550705
,287.74737002802834
,287.29135879815794
,287.9479863783893
,287.8432093601601
,288.36858465157303
,287.48176799100986
,287.4707670024797
,287.4875444898418
,288.37301433787627
,287.3673204160204
,287.61984888712567
,287.6278789744657
,288.06567644605445
,288.2269859313964
,286.018466575473
,287.13231726253736
,287.3590453652775
,288.31387493657127
,287.8966497533462
,287.9720034879797
,288.136993856991
,287.71176454132683
,287.6749756756951
,288.0152239332012
,288.3373129601572
,287.9579876170439
,287.0825134726132
,286.72608850516525
,288.12519125844915
,288.24659729003906
,289.41914352716185
