system:time_start,soil_temperature_level_1
,282.16897388533044
,282.1110537659888
,282.6009228276272
,281.94596376606063
,280.71872172636137
,282.1051131603764
,283.333013048359
,283.16840953452913
,281.651470857508
,282.32292818555646
,282.2091760074391
,281.72643721337414
,281.38967050290574
,282.8296282151166
,281.1203336528703
,281.54703753602274
,282.1318614436131
,282.87420355104933
,282.59514700197707
,282.8907309887456
,283.3558223948759
,281.631176294065
,281.42002158071483
,281.57894403794234
,282.91613118788774
,283.41978918337355
,282.6607769236845
,282.1217848085889
,281.7464267506319
,282.81647364298504
,282.64770081463985
,284.0227129319135
,281.23061176374847
,281.8757394528856
