system:time_start,soil_temperature_level_1
,282.1329294840495
,280.6383565266927
,280.7689208984375
,280.60436630249023
,281.3428217569987
,281.49556732177734
,281.8701909383138
,282.90228907267254
,282.3180338541667
,281.74036661783856
,281.28819783528644
,282.8379758199056
,280.4508984883626
,282.454408009847
,281.08899688720703
,281.43164952596027
,280.89404169718426
,280.2557779947917
,280.91955947875977
,281.7185249328613
,282.72267150878906
,281.7191047668457
,282.4276542663574
,281.7388407389323
,281.06093470255536
,281.7062225341797
,282.30700429280597
,281.16345087687176
,280.37230173746747
,280.72158432006836
,280.6171277364095
,282.7333691914876
,282.0493342081706
,282.03997802734375
