system:time_start,soil_temperature_level_1
,280.62651903201373
,280.36706875532104
,280.9625735160632
,280.7010401212252
,280.62208791879505
,280.62497887244587
,281.3699800540239
,281.08228703034234
,280.5369438758263
,280.9475130912585
,281.1254892593775
,280.15147448808716
,280.0454446841509
,280.8777460929675
,280.7422698583358
,280.0872443761581
,280.40021994175055
,282.3687654152895
,281.5026993384728
,281.2224530929175
,281.7109204805814
,280.9263316423465
,280.3456122569549
,280.91153149727063
,281.8120049696703
,281.5651317498623
,281.7499994131235
,280.8761488107534
,280.712889451247
,281.93553953904376
,281.1640680753268
,282.30281272301306
,280.40656006641876
,279.6579887194511
