system:time_start,soil_temperature_level_1
,285.1644507514106
,285.68264459680626
,285.89231674759475
,285.6238995304814
,286.02537790934247
,286.3629240813079
,286.5200062504521
,285.7463722229004
,285.2511119136104
,286.53203724048757
,287.04296112060547
,285.4629229792842
,285.67741323400423
,286.05153867933484
,285.7706360993562
,285.0538065875018
,285.1664418820981
,287.1740513554326
,286.64490523161714
,285.7362895541721
,286.12704665572556
,286.5182134840224
,285.3157282228823
,285.8963651303892
,286.4250744007252
,286.2966653329355
,287.21740948712386
,285.9023944713451
,285.55809501365377
,286.621922104447
,286.44198142157666
,287.57303294429073
,285.62129578767
,284.9976142600731
