system:time_start,soil_temperature_level_1
,290.2156357538132
,290.4799849737258
,290.0886808849516
,290.4037723722912
,290.8541378929501
,291.67797466459723
,290.66793968563985
,290.28898943946473
,290.39945853097095
,292.0646068028041
,291.14870511009576
,290.2042847769601
,290.92969189598443
,290.56642328898107
,290.70412728445865
,290.10297491891043
,290.3941432044619
,291.8232036772228
,291.19554199945355
,290.74290499005997
,290.9845512026832
,291.2484812055315
,290.211498260498
,291.02731177920384
,290.70311784290135
,291.5407032557896
,292.0136898222423
,291.1031929016113
,290.6884101504371
,290.87996161324634
,291.99234462919685
,292.1818903241839
,290.3920426868257
,290.5147688366118
