system:time_start,soil_temperature_level_1
,291.48978932698566
,291.1110861726509
,291.4457497116207
,290.80377995690634
,290.69105580056356
,291.33591183211445
,290.5021098233008
,290.845729946166
,291.56379185166463
,292.05544088792425
,291.1931221540584
,290.6070490105207
,291.19055882535235
,292.7396121653475
,291.85617792883585
,292.2255576081978
,290.4884128718413
,293.0890048418858
,292.1637096552885
,292.46789639495137
,291.9767386857853
,291.28275213315504
,292.4632365204567
,290.90094381524614
,291.75589790639947
,293.06564833766726
,290.8382453918457
,292.0713493583738
,292.184583678726
,291.44188196344885
,294.30389859694844
,293.88564581464425
,292.50555683106415
,291.94781254613116
