system:time_start,soil_temperature_level_1
,279.77216084798175
,279.27865346272785
,279.27049509684247
,279.60725529988605
,279.5126775105794
,279.4242909749349
,279.73259989420575
,279.59523900349933
,279.41285196940106
,280.08365631103516
,279.6769078572591
,278.7128257751465
,279.0656852722168
,279.4460563659668
,279.5419464111328
,279.2145398457845
,278.94680404663086
,280.29903920491535
,280.0390510559082
,278.92580795288086
,279.88579813639325
,279.68649164835614
,279.7587292989095
,279.54762776692706
,280.05433019002277
,279.81311289469403
,279.7326176961263
,279.8337593078613
,279.4152196248372
,280.3321342468262
,280.1166343688965
,280.3402290344238
,279.5404815673828
,279.5035883585612
