system:time_start,soil_temperature_level_1
,282.72497812906903
,283.2302856445312
,283.1868108113607
,283.2162679036458
,284.1733322143554
,283.79689534505206
,283.73419698079425
,283.11598714192706
,283.0768038431803
,284.31409200032556
,284.64150873819983
,283.0572992960612
,283.52056757609046
,283.7480163574219
,283.79246775309247
,282.68530909220374
,282.77005640665686
,284.4454434712728
,283.98996480305993
,283.2736409505208
,283.43261845906574
,284.0108311971029
,283.0414581298828
,283.6025899251302
,283.8670616149903
,283.8378486633301
,284.30408477783203
,283.39820098876953
,283.22586822509766
,284.25604120890296
,284.13251749674475
,284.8867073059082
,283.2313512166341
,282.96604792277014
