system:time_start,soil_temperature_level_1
,293.3911385100756
,293.6849446092915
,292.23948459050376
,292.997619472749
,293.33685317835295
,293.70049715235166
,292.94692662659924
,292.9294330169636
,293.1112331745595
,294.35853997769783
,293.7236789252058
,293.1274413050052
,293.14876670168155
,293.2917505848585
,293.61780006521946
,293.1611794657499
,293.1259380568806
,294.4963419884644
,294.335831136356
,294.5218253588279
,293.2574342975625
,293.3377591011709
,293.07836410069433
,293.59133490709587
,293.9390425911585
,294.58673554221843
,294.02642671942874
,293.5041851278795
,293.7260409589828
,293.03259299137113
,294.30642138201
,294.37532067309616
,293.35022242413515
,292.75054615551005
