system:time_start,soil_temperature_level_1
,293.1842359132597
,293.47715032202564
,292.04682648070826
,292.820192759298
,293.11305030698713
,293.5037875531242
,292.80009745724146
,292.7407011786292
,292.85910911626246
,294.17822650992525
,293.5343319946999
,292.9388669444635
,292.9631299374994
,293.10910642310245
,293.4288925125301
,292.94499520671434
,292.92276381514745
,294.3120105788269
,294.1391259034015
,294.25245782457364
,293.0694273326063
,293.14838456834815
,292.911106781806
,293.41801503773905
,293.7745740594001
,294.3552118633195
,293.8573291411583
,293.32948226051093
,293.48930633890086
,292.87291816396163
,294.07177647029926
,294.19932602141495
,293.14092194112436
,292.53145460000457
