system:time_start,soil_temperature_level_1
,278.78336334228516
,278.0640233357747
,278.45645395914715
,278.17622502644855
,278.3799285888672
,279.1898193359375
,280.05182393391925
,279.5455487569173
,278.6118647257487
,279.0917434692383
,279.12915293375653
,280.258597056071
,278.6757342020671
,279.7399253845215
,278.72572835286456
,278.78426996866864
,278.1781425476074
,279.45936584472656
,277.94038009643555
,278.1000862121582
,278.469477335612
,278.11364364624023
,279.2241096496582
,279.32470957438153
,279.5670051574707
,279.35767873128253
,278.7833201090495
,278.0009574890137
,278.5737609863281
,278.6517143249512
,277.84396235148114
,278.5112597147624
,278.94834899902344
,279.00028228759766
