system:time_start,soil_temperature_level_1
,294.63334096272786
,295.6947906494141
,293.6011225382487
,295.57111841837565
,294.79749501546223
,295.21931304931644
,294.84745330810546
,295.69260228474934
,295.0258265177409
,296.38230946858727
,295.11776885986325
,295.0207659403483
,294.83928502400715
,295.27267481486
,295.256027730306
,295.628165435791
,294.2276257832845
,296.00132954915364
,296.24687271118165
,296.30795364379884
,294.9964640299479
,294.84470850626633
,294.8148536682129
,294.7753122965495
,296.09551467895506
,296.58219248453776
,294.45853729248046
,296.13181381225587
,296.4912027994792
,294.8645500183105
,297.43615697224936
,296.6752901713054
,295.7074915568034
,294.9888656616211
