system:time_start,soil_temperature_level_1
,285.1715342203776
,285.34529368082684
,286.01885477701825
,285.57602818806964
,286.26493072509766
,286.1423034667969
,286.24441782633465
,285.8449516296387
,285.38368225097656
,286.86409759521484
,287.254150390625
,285.3952471415202
,285.94155248006183
,285.8739382425944
,286.0475209554036
,284.9235725402832
,285.6072374979655
,287.201171875
,286.4867693583171
,285.684866587321
,286.07208251953125
,286.77721277872723
,285.03930791219074
,285.89830017089844
,286.2551689147949
,286.86719767252606
,286.7968215942383
,286.09060287475586
,285.67518107096356
,286.75820032755536
,286.66305923461914
,287.4575843811035
,285.8949228922526
,285.1605173746745
