system:time_start,soil_temperature_level_1
,277.68467966715497
,276.65767669677734
,276.89923604329425
,276.762513478597
,277.1842524210612
,277.3471094767253
,278.2173334757487
,278.8143679300944
,277.6462910970052
,277.81836700439453
,277.8097890218099
,278.4631996154785
,276.5615577697754
,277.994686126709
,276.68348439534503
,277.187936147054
,276.85588455200195
,277.62513478597003
,276.95794041951496
,277.5618426005046
,278.11068471272785
,277.15264256795246
,277.7989362080892
,277.4701207478841
,277.7356071472168
,277.87767283121747
,278.21913655598956
,277.05698013305664
,277.18067423502606
,277.3965009053548
,276.85177993774414
,277.7249132792155
,277.76250712076825
,277.58995819091797
