system:time_start,soil_temperature_level_1
,279.56897406484563
,279.17267077576884
,279.60757371491076
,279.2288784700282
,279.1530926274319
,280.04771789849974
,280.51652504416074
,280.8570288115857
,279.9298734477922
,280.1542369618135
,280.03589211258236
,280.8469866584329
,279.04145551195336
,280.7277922536813
,279.26548497817095
,279.6778472451603
,279.0193344564999
,280.4423542396695
,279.33086731854604
,279.43293814565624
,280.0179621378581
,278.99939959656956
,280.275100034826
,280.0246098088283
,280.00341146132524
,280.742504419065
,280.50060990277456
,279.1375543182972
,279.3827596926222
,279.6037765951717
,279.2165191500795
,280.18330360861387
,280.34733259911627
,279.99789361392754
