system:time_start,soil_temperature_level_1
,295.48823841124914
,295.7207258969894
,294.6404290243899
,295.09441805543196
,295.8802719417301
,296.0296028578162
,295.22762677075
,295.02335854091547
,296.2379514722079
,297.14995847647856
,296.2724984516155
,295.60816458175117
,295.5233487637831
,295.9072286843895
,295.42463044540256
,295.13277966722876
,295.8415498068519
,296.35546044025557
,295.8316138233237
,295.7796718551377
,295.6711873351036
,295.6794801073015
,295.35234780989435
,295.7907223661355
,295.3015260962706
,296.4626530378744
,296.41461783328367
,295.9182783444008
,296.0368744582591
,294.868031155275
,296.56712737143533
,296.0906119551393
,296.1694031788834
,295.60230426483173
