system:time_start,soil_temperature_level_1
,282.15771738688153
,282.352544148763
,282.51053110758465
,282.310843149821
,282.48636118570965
,282.66532135009766
,282.77703857421875
,282.26837793986004
,281.72904205322266
,282.5866190592448
,283.23523712158203
,281.65280532836914
,282.1123390197754
,282.55552037556964
,282.80090077718097
,281.89589818318683
,281.6862449645996
,283.4112497965495
,282.8575630187988
,282.4005953470866
,282.87452189127606
,282.94975662231445
,282.40710067749023
,282.6648406982422
,282.9261817932129
,282.54834238688153
,283.0260492960612
,282.34431076049805
,282.3089090983073
,283.28479894002277
,283.129940032959
,283.5168800354004
,282.12377166748047
,281.59547424316406
