system:time_start,soil_temperature_level_1
,284.16365774054276
,281.6119544045967
,283.7141631276984
,282.9983315049556
,283.562056959721
,283.38761861700766
,283.6993590237801
,284.38693364461267
,283.0667274876645
,284.0959435178523
,283.89402864690413
,283.37632075527256
,281.3473053647761
,283.5923388966343
,282.6867928755911
,282.25500588668024
,282.72230402628577
,283.29283958568914
,283.15834681193036
,283.8169779861183
,283.8085186606959
,283.5608454252544
,283.85390760187516
,283.69054265607866
,284.0644869218793
,284.4712731880054
,284.3036449499298
,282.41457761797983
,281.76165129009047
,282.7270003870914
,282.76159005416065
,285.65259250841643
,282.99467321027794
,282.13353648938636
