system:time_start,soil_temperature_level_1
,293.0353088378906
,293.28045654296875
,291.8350016276042
,292.80988184611004
,292.9943211873372
,293.4550069173177
,292.7864761352539
,292.64788182576496
,292.5275370279948
,294.0143508911133
,293.3553009033203
,292.7127164204915
,292.95029322306317
,292.99665451049805
,293.28675842285156
,292.85122299194336
,292.91471735636395
,294.32225799560547
,294.1827913920085
,294.0664253234863
,292.8790562947591
,293.07253646850586
,292.95624415079754
,293.32213083902997
,294.0545285542806
,294.3466059366862
,293.9501241048177
,293.4401715596517
,293.3542760213216
,293.15630467732746
,294.12896092732746
,294.3634096781413
,293.04542287190753
,292.4123001098633
