system:time_start,soil_temperature_level_1
,290.2825876871745
,288.3478724161784
,289.0448582967122
,290.20573298136395
,289.5501708984375
,290.19447072347003
,289.9670155843099
,290.268248240153
,289.6587320963542
,289.97693125406903
,289.90233357747394
,290.5839017232259
,289.7612698872884
,289.33901596069336
,290.10044352213544
,290.5620231628418
,290.54235712687176
,288.42577870686847
,289.156312306722
,289.6896273295085
,290.18261464436847
,289.96164321899414
,290.0935935974121
,290.0191879272461
,289.96777725219727
,289.7391840616862
,289.9038594563802
,290.2994092305501
,290.0050735473633
,289.18509038289386
,288.8336041768392
,290.23843510945636
,290.26833089192706
,291.7099329630534
