system:time_start,soil_temperature_level_1
,280.79791270362006
,280.71826892428925
,280.7631691826715
,280.7694939507378
,280.50548956129285
,280.6157931221856
,280.88627444373236
,280.78057702382404
,280.05855676862933
,281.01963912116156
,281.23691897922095
,279.5201848347982
,280.3258360756768
,280.7351370917426
,280.92064560784235
,280.4300776587593
,280.415720515781
,281.6086497836643
,281.2758269839817
,279.84046385023333
,280.9078944524129
,281.1026003095839
,280.69760767618817
,280.8065576553345
,281.20172172122534
,280.9497860802544
,280.71030192905005
,281.11903847588434
,280.83078320821124
,281.7595685323079
,281.1517119937473
,281.95969263712567
,280.7345149781969
,280.6463785171509
