system:time_start,soil_temperature_level_1
,286.57408650716144
,286.12699635823566
,286.4211934407552
,286.22573471069336
,286.38219451904297
,287.26651255289715
,287.39151255289715
,286.64677810668945
,286.1326624552409
,287.40339914957684
,287.50502014160156
,286.6446596781413
,285.8776461283366
,287.00391515096027
,286.86126708984375
,285.98126856486004
,286.43079503377277
,287.7065175374349
,287.8316078186035
,287.33780034383136
,287.2557017008464
,286.9215227762858
,286.3959795633952
,286.86865997314453
,287.66476313273114
,287.9362538655599
,287.68572998046875
,286.33657201131183
,286.39112854003906
,287.44086329142254
,287.4976412455241
,289.2260805765788
,286.2225163777669
,286.01368459065753
