system:time_start,soil_temperature_level_1
,283.3366165161133
,281.24398040771484
,282.2491963704427
,282.1522382100423
,281.93492889404297
,282.3325424194336
,283.18467712402344
,283.75048955281574
,282.5017623901367
,283.1020685831706
,282.8836720784505
,282.0505002339681
,280.56899642944336
,282.6744448343913
,281.1216456095378
,281.4720293680827
,282.5036252339681
,282.5987854003906
,282.35009384155273
,283.1229616800944
,282.70198822021484
,281.4598553975423
,282.5991681416829
,282.2041600545247
,282.72114690144855
,283.33654022216797
,282.88683064778644
,281.8971519470215
,281.5264638264974
,282.2953046162923
,282.04214096069336
,283.9422416687012
,281.4164225260417
,281.02603403727215
