system:time_start,soil_temperature_level_1
,286.47286224365234
,285.73285420735675
,286.47010294596356
,285.8582344055176
,285.97552490234375
,286.9561462402344
,287.50064849853516
,286.82526270548504
,285.79320017496747
,287.05871327718097
,287.31156158447266
,286.256534576416
,285.59960810343426
,286.7247200012207
,286.3752924601237
,285.4980405171712
,285.9552853902181
,287.64655049641925
,287.42426681518555
,286.9133186340332
,286.98203531901044
,286.8755811055501
,286.4214693705241
,286.6587549845378
,287.5599021911621
,287.6338348388672
,287.5491409301758
,285.72888310750324
,286.02673085530597
,287.037301381429
,287.173158009847
,288.8220100402832
,286.0876108805339
,285.6296742757161
