system:time_start,soil_temperature_level_1
,283.23841874864365
,283.83056776258684
,283.8229268391927
,283.88574091593426
,284.62226850721567
,284.39600931803386
,284.2720748901367
,283.7522766960992
,283.8400839911567
,285.09114345974393
,285.20206146240236
,283.7052406311035
,284.26927244398325
,284.335338083903
,284.2927732679579
,283.2986986796061
,283.5363814459907
,285.1965193006727
,284.6348996480306
,283.94636221991647
,283.985498046875
,284.64203686184356
,283.58480826483833
,284.27238006591796
,284.35448142157657
,284.58935546875
,284.8939092000326
,284.2525555928548
,283.89800448947483
,284.97939597235785
,284.8371694776747
,285.43044289482964
,283.72570207383893
,283.5337748209635
