system:time_start,soil_temperature_level_1
,281.0771708170573
,281.1535883585612
,281.302912902832
,281.0879269917806
,281.1920155843099
,281.28801549275715
,281.5895609537761
,280.90570907592775
,280.3844935099284
,281.44398295084636
,281.98627649943035
,279.9728879292806
,281.02394765218094
,281.6214225769043
,281.74684448242186
,281.12611999511716
,280.4142209370931
,282.100154876709
,281.5360481262207
,280.68724670410154
,281.43051834106444
,281.5900596618652
,281.35120315551757
,281.41114273071287
,281.8433397928874
,281.4564270019531
,281.4069384256999
,281.2302942911784
,281.43514556884764
,281.8973337809245
,281.6872728983561
,282.3414649963379
,281.1072008768718
,280.711711883545
