system:time_start,soil_temperature_level_1
,293.77215660942926
,294.4549882676867
,292.9970533582899
,294.8944664001465
,293.801008436415
,294.15022108289935
,293.46844651963977
,294.6252784729004
,294.3790774875217
,294.6833979288737
,294.45626491970484
,293.804133521186
,293.92190763685437
,294.6965209113227
,294.16868676079645
,294.8745240105523
,292.94397947523333
,294.6612014770508
,295.27058113945856
,294.97681554158527
,293.63321601019965
,293.52697541978625
,294.0368961758084
,293.7829411824544
,295.23818079630536
,296.2394061618381
,293.191522386339
,295.32902569240997
,295.2834515041775
,293.9266946580675
,296.64576933119037
,295.51725811428497
,294.5254185994466
,294.1681374443902
