system:time_start,soil_temperature_level_1
,290.62358093261713
,290.9158212570917
,289.9878278459821
,290.62844176519485
,290.59203338623047
,291.70491100492933
,291.19488089425226
,290.52073396955217
,290.22379411969865
,292.3134638468424
,291.41765921456476
,290.40333611624584
,290.92875544230145
,290.60338065737767
,291.05390857514885
,290.2260892958868
,290.29895509992326
,291.8429372878302
,291.43581299554734
,291.3311017354329
,290.6287405831473
,291.018861134847
,290.32425816853845
,290.9057497297014
,290.92565427507674
,291.84229460216704
,292.0326294671921
,290.81549817039854
,290.4984123593285
,290.8462653387161
,291.4672021411714
,292.06383895874023
,290.3717796688988
,290.27257138206846
