system:time_start,soil_temperature_level_1
,276.9955469767253
,276.26400502522785
,276.6043650309245
,276.20602289835614
,276.5708491007487
,276.8663050333659
,277.70707448323566
,277.54421615600586
,276.9817759195964
,277.8571319580078
,276.5939076741536
,277.9971122741699
,277.15554173787433
,277.82178624471027
,276.71019236246747
,276.7120653788249
,276.03000259399414
,277.6215591430664
,275.40808486938477
,275.94889704386395
,277.0034917195638
,276.05498631795246
,277.15512975056964
,277.71969350179035
,278.0166943868001
,277.42483774820965
,276.3939259847005
,276.26514561971027
,277.35345967610675
,276.8335431416829
,275.8216896057129
,276.4372622172038
,277.15313720703125
,277.35414632161456
