system:time_start,soil_temperature_level_1
,285.1468606435197
,283.2757394650561
,284.8230183488231
,284.16240766133734
,284.0805864783105
,284.5695989720116
,284.85708382529276
,284.8098033251286
,284.0746285246365
,285.1784728888962
,284.98014901946044
,284.06895943190864
,282.69991831950097
,284.7632032132193
,284.03308322425164
,282.8983556097285
,283.6939808114549
,284.8280235189951
,284.71901398998193
,285.7225692734655
,284.8556667406904
,285.0494934556174
,284.83894295701424
,285.15868019922976
,285.4008863416768
,285.5375875124599
,285.22032745993516
,283.83108709446674
,283.3091129367634
,284.6415853626085
,284.1277364023212
,287.14098403413414
,284.4279102964814
,284.26004932065916
