system:time_start,soil_temperature_level_1
,293.04465299659506
,293.41866935069754
,292.13355488364505
,292.76558082062235
,293.0514285798954
,293.53299693204923
,292.92408920379506
,292.75278625552374
,292.91862693062774
,294.32731759061915
,293.49631794993616
,293.04588729492986
,292.83131338764116
,292.9802289911563
,293.37412600190044
,292.7427744543365
,292.84774802386164
,294.1285825403464
,293.81268950044057
,293.7304909291125
,292.86963582805146
,292.98650881117436
,292.78824802688763
,293.2515325588816
,293.4165275184749
,294.08749238438173
,293.6773357860218
,293.17335956823075
,293.26625572758377
,292.6012478035708
,293.72718707886065
,294.08977972480193
,292.9860264834669
,292.5946870672815
