system:time_start,soil_temperature_level_1
,287.3383934445414
,287.6957225032516
,287.9117176433779
,287.8035616804821
,288.4447770444268
,288.4954994217161
,288.14595137518074
,287.72148165062697
,287.6408191597383
,289.27169759683704
,289.124220428136
,287.7818684665568
,288.15753314017735
,288.0979006671766
,287.9608283194076
,287.28598841572364
,287.5218722122543
,289.1588236975835
,288.5257246177857
,287.6486395770289
,288.0893368807768
,288.6755563007216
,287.2457972931494
,287.87379829411157
,288.317600316232
,288.6313905668205
,289.2750325754302
,288.6063459128794
,287.8635831657026
,288.5548358770928
,289.0008421909459
,289.29553673439233
,287.61497054686356
,287.4593794267998
