system:time_start,soil_temperature_level_1
,284.385159141139
,284.8616478903252
,284.87520867063284
,285.0280156051903
,285.4143573694062
,285.6287135074013
,285.37042718184625
,284.79836801897017
,285.07029215494794
,286.29213299667623
,286.24489647045476
,284.81697223061013
,285.3391839412221
,285.287206482469
,285.110525967782
,284.4486886409291
,284.7471393116733
,286.3554272568017
,285.7279092219838
,285.1424523738393
,285.2068559077748
,285.72938316746763
,284.680820866635
,285.2711288719846
,285.4302241676732
,285.7233078270628
,286.2095755861517
,285.4248959056118
,284.9882058929979
,285.8201233044005
,285.9675047355786
,286.33978425410754
,284.6889537342808
,284.68322593287417
