system:time_start,soil_temperature_level_1
,285.3542159239395
,285.59579780625154
,286.2890391430377
,285.8253373348717
,286.43183885725347
,286.33608544795555
,286.44186721970476
,286.0214779764208
,285.61820720283447
,287.043199863546
,287.43282380633894
,285.6051129059256
,286.16283007572224
,286.09159012614185
,286.2277408013534
,285.1566000933904
,285.86621490952155
,287.40232061540206
,286.7156886222341
,285.8608936351902
,286.29201595895535
,287.00957022873774
,285.25515927563185
,286.09600942286073
,286.4177504672456
,287.07618627214663
,286.9443071777186
,286.35624111356793
,285.86740864671805
,286.9315735730054
,286.88016195598937
,287.6866139193913
,286.0952580877633
,285.3709420728206
