system:time_start,soil_temperature_level_1
,297.1402205686866
,297.28663712991704
,296.0644589527365
,296.3507131985704
,297.16345466989645
,297.2827854604266
,296.4520984482094
,296.5347088500393
,297.711088213538
,298.35075591033564
,297.59267199776247
,296.9438470219287
,296.9699836173494
,297.33773407489696
,296.54337591855324
,296.42563235102307
,297.29081834003034
,297.55705975651705
,297.2674237159933
,297.2882035061479
,297.2336355896953
,297.2137416537985
,296.8417607899037
,297.13893473452566
,296.6752915601215
,297.5525664789517
,297.93291137534686
,297.22772857357165
,297.6105051496911
,296.2606899591731
,298.0531594465436
,297.63418833069255
,297.4844370809907
,297.1948906264598
