system:time_start,soil_temperature_level_1
,291.78672281901044
,292.1601918538411
,291.48051198323566
,292.04601923624676
,292.73753356933594
,293.14249928792316
,291.86014556884766
,291.5751558939616
,292.0726776123047
,293.7237040201823
,292.64353942871094
,291.57030359903973
,292.2612775166829
,292.1591606140137
,292.0331726074219
,291.69018936157227
,291.92804590861004
,293.0660883585612
,292.3297742207845
,291.9298947652181
,292.5209376017253
,292.592716217041
,291.6304537455241
,292.12196095784503
,292.04507064819336
,292.95434824625653
,293.09879302978516
,292.45337041219074
,292.2466583251953
,292.1417071024577
,293.4418474833171
,293.2499656677246
,291.8095474243164
,291.8783264160156
