system:time_start,soil_temperature_level_1
,292.4356867472331
,292.8590494791667
,291.7046890258789
,292.42300033569336
,292.49727630615234
,293.24788665771484
,292.6114552815755
,292.0702654520671
,292.3309580485026
,293.9746271769206
,293.1000798543294
,292.41468175252277
,292.4637311299642
,292.44475682576496
,292.82365163167316
,291.8955777486165
,292.2556622823079
,293.51473744710285
,293.00351333618164
,292.945369720459
,292.23744710286456
,292.50322341918945
,292.1416664123535
,292.64429473876953
,292.61398696899414
,293.5279820760091
,293.59977467854816
,292.5063184102376
,292.5508219401042
,292.3818829854329
,293.4644838968913
,293.6606610616048
,292.46812947591144
,292.02476501464844
