system:time_start,soil_temperature_level_1
,283.6051559448242
,283.10709889729816
,282.4396692911784
,282.6163190205892
,282.78247324625653
,282.9056091308594
,282.2883707682292
,282.7657992045085
,284.40799713134766
,283.208012898763
,282.77720642089844
,282.7790819803874
,283.4553565979004
,284.10808690388996
,284.2074610392253
,284.4451154073079
,283.23671849568683
,283.00753529866535
,283.73962783813477
,284.47048314412433
,283.77341715494794
,284.3042386372884
,284.605411529541
,283.3979746500651
,284.3039843241374
,284.10940806070965
,284.34903717041016
,283.699654897054
,283.9813741048177
,283.6418088277181
,284.6807390848796
,285.2991116841634
,284.0183690388997
,284.8695551554362
