system:time_start,soil_temperature_level_1
,284.62133433024087
,285.0710639953613
,285.0737518310547
,285.2296267191569
,285.61167195638023
,285.8535128275553
,285.58454742431644
,285.0056828816732
,285.2961128234863
,286.53518498738606
,286.43777084350586
,285.0411575317383
,285.53527984619143
,285.4532241821289
,285.281480662028
,284.67873611450193
,284.9888308207194
,286.5874422709148
,285.9398717244466
,285.36603088378905
,285.4564865112305
,285.95055796305337
,284.88838526407875
,285.4744745890299
,285.63779652913405
,285.96986516316736
,286.4307477315267
,285.65472513834635
,285.2112782796224
,285.9833213806153
,286.1767484029134
,286.5400815327962
,284.91002146402997
,284.90530370076493
