system:time_start,soil_temperature_level_1
,287.10999298095703
,286.6287104288737
,286.8014653523763
,286.6657524108887
,286.6116892496745
,287.8931427001953
,287.82850646972656
,286.9825096130371
,286.30711873372394
,287.8387222290039
,287.89119720458984
,287.01594670613605
,286.17961502075195
,287.24257532755536
,287.1484858194987
,286.3969866434733
,286.63872655232746
,288.1909586588542
,288.08864466349286
,287.7830670674642
,287.64951578776044
,287.11506779988605
,286.8306719462077
,287.2701899210612
,288.14785130818683
,288.53892008463544
,287.7671661376953
,286.5071601867676
,286.7060953776042
,287.73660405476886
,288.0646603902181
,289.5204200744629
,286.41295115152997
,286.49998982747394
