system:time_start,soil_temperature_level_1
,277.83038257417223
,276.67193567185177
,277.0263882591611
,276.85475394839335
,277.18759591238836
,276.89487820579893
,277.70562635149275
,278.72129367646716
,277.76063537597656
,277.85098157610213
,277.87847573416576
,278.20659582955494
,276.32145454770045
,278.0285257611956
,276.8717011951265
,277.40348797752745
,276.8972151620047
,277.0566736857096
,277.0394023713612
,277.669620513916
,278.22707984561015
,277.45272155035104
,278.17381377447225
,277.5623968215216
,277.61606507074265
,278.05694580078125
,278.44022805350164
,277.1711580185663
,277.0606653122675
,277.3154331388928
,276.9837532043457
,278.3032162984212
,278.0156933012463
,277.4763456072126
