system:time_start,soil_temperature_level_1
,287.18561396523125
,285.852304852198
,286.32078854999844
,286.3234440031506
,286.06646147228423
,286.9880851866707
,287.2379392593626
,287.2922438969688
,286.3615327865358
,287.4596672663613
,288.0338149297805
,286.62312444051105
,285.4778174142989
,286.9919087848966
,286.25545489598835
,285.95290901547384
,286.22415373060437
,287.5329440888904
,287.05563215225465
,287.59323755900067
,287.1246656387571
,287.26512660677474
,286.8073556688097
,287.0167025611514
,287.483465346079
,288.58728935605006
,287.40256875658787
,285.94416124858554
,286.36212751600476
,287.3824498615568
,288.05325166005935
,289.9160609775119
,286.4591122581846
,286.82508632114957
