system:time_start,soil_temperature_level_1
,287.6088147370712
,286.6330948981686
,287.0138535430466
,286.8581168686134
,286.8133157923602
,287.7584883095562
,287.8739102128623
,287.5008876081826
,286.5254938982535
,287.8856478704923
,288.35854118457735
,287.1550175210704
,286.2515825465106
,287.46194518821824
,287.01996358235675
,286.5160001118978
,286.75795718206876
,288.2393025937288
,287.90147648686946
,288.03453080550486
,287.78430927663607
,287.5916063059931
,287.22573305212927
,287.3549704067949
,288.00209316308946
,288.9464765908062
,287.8801176651665
,286.4328876992931
,286.84847856604534
,287.864726467409
,288.4038914666659
,290.0357090493907
,286.77766650655997
,286.78526704207707
