system:time_start,soil_temperature_level_1
,291.4170674149708
,291.7539937009094
,290.87954350953464
,291.52265195949104
,291.90540100425807
,292.81711373277886
,291.64654984012725
,291.30987331431396
,291.49933099233976
,293.24043839977634
,292.213864398259
,291.26879780266876
,291.92460373909245
,291.4389688225203
,291.88314113822037
,291.0395107884561
,291.4165369259414
,292.6141898862777
,292.2100608169392
,292.07570110854283
,291.57791506859564
,291.94167463241087
,291.2250028630738
,291.82196635584677
,291.59330039895985
,292.6068229265111
,292.93208755985387
,291.9490574252221
,291.4579158495831
,291.61711067281743
,292.84648686070597
,293.0002089879846
,291.36941380654616
,291.32703916488157
