system:time_start,soil_temperature_level_1
,281.5592956542969
,281.5895640055339
,281.97151438395184
,281.6304512023926
,282.10841115315753
,282.13685353597003
,282.4329579671224
,281.7092933654785
,281.1457239786784
,282.16849009195965
,283.0245310465495
,280.78523381551105
,281.79702123006183
,282.1337598164876
,282.3259785970052
,281.7429567972819
,281.0623613993327
,283.0500310262044
,282.23339716593426
,281.49477767944336
,281.97806549072266
,282.2585283915202
,281.7210884094238
,281.91009521484375
,282.3197186787923
,282.31109110514325
,282.30777231852215
,281.87455622355145
,282.00792439778644
,282.519095102946
,282.26533635457355
,283.0543098449707
,282.07080841064453
,281.3131357828776
