system:time_start,soil_temperature_level_1
,284.12521390561704
,284.3953331841363
,284.82020342791526
,284.18625457198533
,284.7700655901873
,284.6905325430411
,284.99586373788344
,284.6328623736346
,283.99530707465277
,284.8432557847765
,285.7212230541088
,283.967126775671
,284.30313915676544
,284.72604666815863
,284.4616408171477
,283.7847896152073
,283.9592922351978
,286.21916622585724
,285.45666715833875
,284.52684261180735
,284.97985811586733
,285.0447615164298
,283.96922146832503
,284.64800008138025
,284.9837735493978
,285.07416364881726
,285.29708212393297
,284.41798245465316
,284.4992757726599
,285.319844422517
,285.061925958704
,286.35318487661857
,284.42616045916526
,283.74307618317783
